INSERT INTO products (id, title, slug, description, thumbnail, active, base_price) VALUES (1, 'Stone Washed Black Denim Baseball Hat', 'stone-washed-black-denim-baseball-hat', '', '/images/1/img_1726.jpeg', True, 1900) ON CONFLICT (id) DO UPDATE SET title = EXCLUDED.title, slug = EXCLUDED.slug, description = EXCLUDED.description, thumbnail = EXCLUDED.thumbnail, active = EXCLUDED.active, base_price = EXCLUDED.base_price;
INSERT INTO product_variants (product_id, sku, size, color, stock_quantity, price_adjustment, active, image) VALUES (1, 'SKU-66890', 'cap', NULL, 1, 0, true, NULL) ON CONFLICT (sku) DO UPDATE SET stock_quantity = EXCLUDED.stock_quantity, size = EXCLUDED.size, active = EXCLUDED.active;
INSERT INTO prices (variant_id, amount, currency) SELECT id, 1900, 'Br' FROM product_variants WHERE sku = 'SKU-66890' AND NOT EXISTS (SELECT 1 FROM prices WHERE variant_id = product_variants.id);
INSERT INTO product_images (product_id, url, position) VALUES (1, '/images/1/img_1726.jpeg', 0) ON CONFLICT DO NOTHING;
INSERT INTO product_images (product_id, url, position) VALUES (1, '/images/1/img_1727.jpeg', 1) ON CONFLICT DO NOTHING;
INSERT INTO products (id, title, slug, description, thumbnail, active, base_price) VALUES (2, 'Dress', 'dress', '', NULL, True, 1000) ON CONFLICT (id) DO UPDATE SET title = EXCLUDED.title, slug = EXCLUDED.slug, description = EXCLUDED.description, thumbnail = EXCLUDED.thumbnail, active = EXCLUDED.active, base_price = EXCLUDED.base_price;
INSERT INTO product_variants (product_id, sku, size, color, stock_quantity, price_adjustment, active, image) VALUES (2, '10033', 'Dress', NULL, 1, 0, true, NULL) ON CONFLICT (sku) DO UPDATE SET stock_quantity = EXCLUDED.stock_quantity, size = EXCLUDED.size, active = EXCLUDED.active;
INSERT INTO prices (variant_id, amount, currency) SELECT id, 1000, 'Br' FROM product_variants WHERE sku = '10033' AND NOT EXISTS (SELECT 1 FROM prices WHERE variant_id = product_variants.id);
INSERT INTO products (id, title, slug, description, thumbnail, active, base_price) VALUES (3, 'Teddybear Print Stone Washed Loose Tee', 'teddybear-print-stone-washed-loose-tee', '', '/images/3/photo_2025-11-03-18.18.07.jpeg', True, 3200) ON CONFLICT (id) DO UPDATE SET title = EXCLUDED.title, slug = EXCLUDED.slug, description = EXCLUDED.description, thumbnail = EXCLUDED.thumbnail, active = EXCLUDED.active, base_price = EXCLUDED.base_price;
INSERT INTO product_variants (product_id, sku, size, color, stock_quantity, price_adjustment, active, image) VALUES (3, 'SKU-66518', 'tee4 M', NULL, 1, 0, true, NULL) ON CONFLICT (sku) DO UPDATE SET stock_quantity = EXCLUDED.stock_quantity, size = EXCLUDED.size, active = EXCLUDED.active;
INSERT INTO prices (variant_id, amount, currency) SELECT id, 3200, 'Br' FROM product_variants WHERE sku = 'SKU-66518' AND NOT EXISTS (SELECT 1 FROM prices WHERE variant_id = product_variants.id);
INSERT INTO product_variants (product_id, sku, size, color, stock_quantity, price_adjustment, active, image) VALUES (3, 'SKU-66519', 'tee4 L', NULL, 1, 0, true, NULL) ON CONFLICT (sku) DO UPDATE SET stock_quantity = EXCLUDED.stock_quantity, size = EXCLUDED.size, active = EXCLUDED.active;
INSERT INTO prices (variant_id, amount, currency) SELECT id, 3200, 'Br' FROM product_variants WHERE sku = 'SKU-66519' AND NOT EXISTS (SELECT 1 FROM prices WHERE variant_id = product_variants.id);
INSERT INTO product_variants (product_id, sku, size, color, stock_quantity, price_adjustment, active, image) VALUES (3, 'SKU-66520', 'tee4 XL', NULL, 1, 0, true, NULL) ON CONFLICT (sku) DO UPDATE SET stock_quantity = EXCLUDED.stock_quantity, size = EXCLUDED.size, active = EXCLUDED.active;
INSERT INTO prices (variant_id, amount, currency) SELECT id, 3200, 'Br' FROM product_variants WHERE sku = 'SKU-66520' AND NOT EXISTS (SELECT 1 FROM prices WHERE variant_id = product_variants.id);
INSERT INTO product_variants (product_id, sku, size, color, stock_quantity, price_adjustment, active, image) VALUES (3, 'SKU-67244', 'Teddybear Print Stone Washed Loose Tee 2XL', NULL, 1, 0, true, NULL) ON CONFLICT (sku) DO UPDATE SET stock_quantity = EXCLUDED.stock_quantity, size = EXCLUDED.size, active = EXCLUDED.active;
INSERT INTO prices (variant_id, amount, currency) SELECT id, 3200, 'Br' FROM product_variants WHERE sku = 'SKU-67244' AND NOT EXISTS (SELECT 1 FROM prices WHERE variant_id = product_variants.id);
INSERT INTO product_variants (product_id, sku, size, color, stock_quantity, price_adjustment, active, image) VALUES (3, 'SKU-67245', 'Teddybear Print Stone Washed Loose Tee 3XL', NULL, 1, 0, true, NULL) ON CONFLICT (sku) DO UPDATE SET stock_quantity = EXCLUDED.stock_quantity, size = EXCLUDED.size, active = EXCLUDED.active;
INSERT INTO prices (variant_id, amount, currency) SELECT id, 3200, 'Br' FROM product_variants WHERE sku = 'SKU-67245' AND NOT EXISTS (SELECT 1 FROM prices WHERE variant_id = product_variants.id);
INSERT INTO product_images (product_id, url, position) VALUES (3, '/images/3/photo_2025-11-03-18.18.07.jpeg', 0) ON CONFLICT DO NOTHING;
INSERT INTO product_images (product_id, url, position) VALUES (3, '/images/3/img_2392.jpeg', 1) ON CONFLICT DO NOTHING;
INSERT INTO products (id, title, slug, description, thumbnail, active, base_price) VALUES (4, 'Dress', 'dress-1', '', NULL, True, 1000) ON CONFLICT (id) DO UPDATE SET title = EXCLUDED.title, slug = EXCLUDED.slug, description = EXCLUDED.description, thumbnail = EXCLUDED.thumbnail, active = EXCLUDED.active, base_price = EXCLUDED.base_price;
INSERT INTO product_variants (product_id, sku, size, color, stock_quantity, price_adjustment, active, image) VALUES (4, 'SKU-66420', 'Dress M', NULL, 1, 0, true, NULL) ON CONFLICT (sku) DO UPDATE SET stock_quantity = EXCLUDED.stock_quantity, size = EXCLUDED.size, active = EXCLUDED.active;
INSERT INTO prices (variant_id, amount, currency) SELECT id, 1000, 'Br' FROM product_variants WHERE sku = 'SKU-66420' AND NOT EXISTS (SELECT 1 FROM prices WHERE variant_id = product_variants.id);
INSERT INTO product_variants (product_id, sku, size, color, stock_quantity, price_adjustment, active, image) VALUES (4, 'SKU-66421', 'Dress L', NULL, 1, 0, true, NULL) ON CONFLICT (sku) DO UPDATE SET stock_quantity = EXCLUDED.stock_quantity, size = EXCLUDED.size, active = EXCLUDED.active;
INSERT INTO prices (variant_id, amount, currency) SELECT id, 1000, 'Br' FROM product_variants WHERE sku = 'SKU-66421' AND NOT EXISTS (SELECT 1 FROM prices WHERE variant_id = product_variants.id);
INSERT INTO product_variants (product_id, sku, size, color, stock_quantity, price_adjustment, active, image) VALUES (4, 'SKU-66422', 'Dress XL', NULL, 1, 0, true, NULL) ON CONFLICT (sku) DO UPDATE SET stock_quantity = EXCLUDED.stock_quantity, size = EXCLUDED.size, active = EXCLUDED.active;
INSERT INTO prices (variant_id, amount, currency) SELECT id, 1000, 'Br' FROM product_variants WHERE sku = 'SKU-66422' AND NOT EXISTS (SELECT 1 FROM prices WHERE variant_id = product_variants.id);
INSERT INTO products (id, title, slug, description, thumbnail, active, base_price) VALUES (5, 'dd', 'dd', '', NULL, True, 2000) ON CONFLICT (id) DO UPDATE SET title = EXCLUDED.title, slug = EXCLUDED.slug, description = EXCLUDED.description, thumbnail = EXCLUDED.thumbnail, active = EXCLUDED.active, base_price = EXCLUDED.base_price;
INSERT INTO product_variants (product_id, sku, size, color, stock_quantity, price_adjustment, active, image) VALUES (5, 'SKU-66423', 'dd', NULL, 1, 0, true, NULL) ON CONFLICT (sku) DO UPDATE SET stock_quantity = EXCLUDED.stock_quantity, size = EXCLUDED.size, active = EXCLUDED.active;
INSERT INTO prices (variant_id, amount, currency) SELECT id, 2000, 'Br' FROM product_variants WHERE sku = 'SKU-66423' AND NOT EXISTS (SELECT 1 FROM prices WHERE variant_id = product_variants.id);
INSERT INTO products (id, title, slug, description, thumbnail, active, base_price) VALUES (6, 'Silver Metallic T-Strap Flat Shoes', 'silver-metallic-t-strap-flat-shoes', '', '/images/6/img_2311.jpeg', True, 4400) ON CONFLICT (id) DO UPDATE SET title = EXCLUDED.title, slug = EXCLUDED.slug, description = EXCLUDED.description, thumbnail = EXCLUDED.thumbnail, active = EXCLUDED.active, base_price = EXCLUDED.base_price;
INSERT INTO product_variants (product_id, sku, size, color, stock_quantity, price_adjustment, active, image) VALUES (6, 'SKU-66486', 'Silver Metallic T-Strap Flat Shoes 37', NULL, 1, 0, true, NULL) ON CONFLICT (sku) DO UPDATE SET stock_quantity = EXCLUDED.stock_quantity, size = EXCLUDED.size, active = EXCLUDED.active;
INSERT INTO prices (variant_id, amount, currency) SELECT id, 4400, 'Br' FROM product_variants WHERE sku = 'SKU-66486' AND NOT EXISTS (SELECT 1 FROM prices WHERE variant_id = product_variants.id);
INSERT INTO product_variants (product_id, sku, size, color, stock_quantity, price_adjustment, active, image) VALUES (6, 'SKU-66487', 'Silver Metallic T-Strap Flat Shoes 38', NULL, 1, 0, true, NULL) ON CONFLICT (sku) DO UPDATE SET stock_quantity = EXCLUDED.stock_quantity, size = EXCLUDED.size, active = EXCLUDED.active;
INSERT INTO prices (variant_id, amount, currency) SELECT id, 4400, 'Br' FROM product_variants WHERE sku = 'SKU-66487' AND NOT EXISTS (SELECT 1 FROM prices WHERE variant_id = product_variants.id);
INSERT INTO product_variants (product_id, sku, size, color, stock_quantity, price_adjustment, active, image) VALUES (6, 'SKU-66485', 'Silver Metallic T-Strap Flat Shoes 36', NULL, 1, 0, true, NULL) ON CONFLICT (sku) DO UPDATE SET stock_quantity = EXCLUDED.stock_quantity, size = EXCLUDED.size, active = EXCLUDED.active;
INSERT INTO prices (variant_id, amount, currency) SELECT id, 4400, 'Br' FROM product_variants WHERE sku = 'SKU-66485' AND NOT EXISTS (SELECT 1 FROM prices WHERE variant_id = product_variants.id);
INSERT INTO product_images (product_id, url, position) VALUES (6, '/images/6/img_2311.jpeg', 0) ON CONFLICT DO NOTHING;
INSERT INTO product_images (product_id, url, position) VALUES (6, '/images/6/img_2313.jpeg', 1) ON CONFLICT DO NOTHING;
INSERT INTO products (id, title, slug, description, thumbnail, active, base_price) VALUES (7, 'rrrr', 'rrrr', '', NULL, True, 100) ON CONFLICT (id) DO UPDATE SET title = EXCLUDED.title, slug = EXCLUDED.slug, description = EXCLUDED.description, thumbnail = EXCLUDED.thumbnail, active = EXCLUDED.active, base_price = EXCLUDED.base_price;
INSERT INTO product_variants (product_id, sku, size, color, stock_quantity, price_adjustment, active, image) VALUES (7, 'SKU-66424', 'rrrr S', NULL, 1, 0, true, NULL) ON CONFLICT (sku) DO UPDATE SET stock_quantity = EXCLUDED.stock_quantity, size = EXCLUDED.size, active = EXCLUDED.active;
INSERT INTO prices (variant_id, amount, currency) SELECT id, 1000, 'Br' FROM product_variants WHERE sku = 'SKU-66424' AND NOT EXISTS (SELECT 1 FROM prices WHERE variant_id = product_variants.id);
INSERT INTO product_variants (product_id, sku, size, color, stock_quantity, price_adjustment, active, image) VALUES (7, 'SKU-66425', 'rrrr M', NULL, 1, 0, true, NULL) ON CONFLICT (sku) DO UPDATE SET stock_quantity = EXCLUDED.stock_quantity, size = EXCLUDED.size, active = EXCLUDED.active;
INSERT INTO prices (variant_id, amount, currency) SELECT id, 100, 'Br' FROM product_variants WHERE sku = 'SKU-66425' AND NOT EXISTS (SELECT 1 FROM prices WHERE variant_id = product_variants.id);
INSERT INTO product_variants (product_id, sku, size, color, stock_quantity, price_adjustment, active, image) VALUES (7, 'SKU-66426', 'rrrr L', NULL, 1, 0, true, NULL) ON CONFLICT (sku) DO UPDATE SET stock_quantity = EXCLUDED.stock_quantity, size = EXCLUDED.size, active = EXCLUDED.active;
INSERT INTO prices (variant_id, amount, currency) SELECT id, 100, 'Br' FROM product_variants WHERE sku = 'SKU-66426' AND NOT EXISTS (SELECT 1 FROM prices WHERE variant_id = product_variants.id);
INSERT INTO products (id, title, slug, description, thumbnail, active, base_price) VALUES (8, 'Tiger Face Print Stone Washed Loose Tee', 'tiger-face-print-stone-washed-loose-tee', '', '/images/8/photo_2025-11-03-18.22.17.jpeg', True, 3200) ON CONFLICT (id) DO UPDATE SET title = EXCLUDED.title, slug = EXCLUDED.slug, description = EXCLUDED.description, thumbnail = EXCLUDED.thumbnail, active = EXCLUDED.active, base_price = EXCLUDED.base_price;
INSERT INTO product_variants (product_id, sku, size, color, stock_quantity, price_adjustment, active, image) VALUES (8, 'SKU-66533', 'tee9 M', NULL, 1, 0, true, NULL) ON CONFLICT (sku) DO UPDATE SET stock_quantity = EXCLUDED.stock_quantity, size = EXCLUDED.size, active = EXCLUDED.active;
INSERT INTO prices (variant_id, amount, currency) SELECT id, 3200, 'Br' FROM product_variants WHERE sku = 'SKU-66533' AND NOT EXISTS (SELECT 1 FROM prices WHERE variant_id = product_variants.id);
INSERT INTO product_variants (product_id, sku, size, color, stock_quantity, price_adjustment, active, image) VALUES (8, 'SKU-66534', 'tee9 L', NULL, 1, 0, true, NULL) ON CONFLICT (sku) DO UPDATE SET stock_quantity = EXCLUDED.stock_quantity, size = EXCLUDED.size, active = EXCLUDED.active;
INSERT INTO prices (variant_id, amount, currency) SELECT id, 3200, 'Br' FROM product_variants WHERE sku = 'SKU-66534' AND NOT EXISTS (SELECT 1 FROM prices WHERE variant_id = product_variants.id);
INSERT INTO product_variants (product_id, sku, size, color, stock_quantity, price_adjustment, active, image) VALUES (8, 'SKU-66535', 'tee9 XL', NULL, 1, 0, true, NULL) ON CONFLICT (sku) DO UPDATE SET stock_quantity = EXCLUDED.stock_quantity, size = EXCLUDED.size, active = EXCLUDED.active;
INSERT INTO prices (variant_id, amount, currency) SELECT id, 3200, 'Br' FROM product_variants WHERE sku = 'SKU-66535' AND NOT EXISTS (SELECT 1 FROM prices WHERE variant_id = product_variants.id);
INSERT INTO product_images (product_id, url, position) VALUES (8, '/images/8/photo_2025-11-03-18.22.17.jpeg', 0) ON CONFLICT DO NOTHING;
INSERT INTO product_images (product_id, url, position) VALUES (8, '/images/8/img_2403.jpeg', 1) ON CONFLICT DO NOTHING;
INSERT INTO products (id, title, slug, description, thumbnail, active, base_price) VALUES (9, 'test', 'test', '', NULL, True, 0) ON CONFLICT (id) DO UPDATE SET title = EXCLUDED.title, slug = EXCLUDED.slug, description = EXCLUDED.description, thumbnail = EXCLUDED.thumbnail, active = EXCLUDED.active, base_price = EXCLUDED.base_price;
INSERT INTO product_variants (product_id, sku, size, color, stock_quantity, price_adjustment, active, image) VALUES (9, 'SKU-66427', 'test Red S', NULL, 1, 0, true, NULL) ON CONFLICT (sku) DO UPDATE SET stock_quantity = EXCLUDED.stock_quantity, size = EXCLUDED.size, active = EXCLUDED.active;
INSERT INTO prices (variant_id, amount, currency) SELECT id, 0, 'Br' FROM product_variants WHERE sku = 'SKU-66427' AND NOT EXISTS (SELECT 1 FROM prices WHERE variant_id = product_variants.id);
INSERT INTO product_variants (product_id, sku, size, color, stock_quantity, price_adjustment, active, image) VALUES (9, 'SKU-66428', 'test Red M', NULL, 1, 0, true, NULL) ON CONFLICT (sku) DO UPDATE SET stock_quantity = EXCLUDED.stock_quantity, size = EXCLUDED.size, active = EXCLUDED.active;
INSERT INTO prices (variant_id, amount, currency) SELECT id, 0, 'Br' FROM product_variants WHERE sku = 'SKU-66428' AND NOT EXISTS (SELECT 1 FROM prices WHERE variant_id = product_variants.id);
INSERT INTO product_variants (product_id, sku, size, color, stock_quantity, price_adjustment, active, image) VALUES (9, 'SKU-66429', 'test Red L', NULL, 1, 0, true, NULL) ON CONFLICT (sku) DO UPDATE SET stock_quantity = EXCLUDED.stock_quantity, size = EXCLUDED.size, active = EXCLUDED.active;
INSERT INTO prices (variant_id, amount, currency) SELECT id, 0, 'Br' FROM product_variants WHERE sku = 'SKU-66429' AND NOT EXISTS (SELECT 1 FROM prices WHERE variant_id = product_variants.id);
INSERT INTO product_variants (product_id, sku, size, color, stock_quantity, price_adjustment, active, image) VALUES (9, 'SKU-66430', 'test Black S', NULL, 1, 0, true, NULL) ON CONFLICT (sku) DO UPDATE SET stock_quantity = EXCLUDED.stock_quantity, size = EXCLUDED.size, active = EXCLUDED.active;
INSERT INTO prices (variant_id, amount, currency) SELECT id, 0, 'Br' FROM product_variants WHERE sku = 'SKU-66430' AND NOT EXISTS (SELECT 1 FROM prices WHERE variant_id = product_variants.id);
INSERT INTO product_variants (product_id, sku, size, color, stock_quantity, price_adjustment, active, image) VALUES (9, 'SKU-66431', 'test Black M', NULL, 1, 0, true, NULL) ON CONFLICT (sku) DO UPDATE SET stock_quantity = EXCLUDED.stock_quantity, size = EXCLUDED.size, active = EXCLUDED.active;
INSERT INTO prices (variant_id, amount, currency) SELECT id, 0, 'Br' FROM product_variants WHERE sku = 'SKU-66431' AND NOT EXISTS (SELECT 1 FROM prices WHERE variant_id = product_variants.id);
INSERT INTO product_variants (product_id, sku, size, color, stock_quantity, price_adjustment, active, image) VALUES (9, 'SKU-66432', 'test Black L', NULL, 1, 0, true, NULL) ON CONFLICT (sku) DO UPDATE SET stock_quantity = EXCLUDED.stock_quantity, size = EXCLUDED.size, active = EXCLUDED.active;
INSERT INTO prices (variant_id, amount, currency) SELECT id, 0, 'Br' FROM product_variants WHERE sku = 'SKU-66432' AND NOT EXISTS (SELECT 1 FROM prices WHERE variant_id = product_variants.id);
INSERT INTO products (id, title, slug, description, thumbnail, active, base_price) VALUES (11, 'Grey Fullsleave Polo Knit Top ', 'grey-fullsleave-polo-knit-top', '', '/images/11/img_2329.jpeg', True, 3800) ON CONFLICT (id) DO UPDATE SET title = EXCLUDED.title, slug = EXCLUDED.slug, description = EXCLUDED.description, thumbnail = EXCLUDED.thumbnail, active = EXCLUDED.active, base_price = EXCLUDED.base_price;
INSERT INTO product_variants (product_id, sku, size, color, stock_quantity, price_adjustment, active, image) VALUES (11, 'SKU-66483', 'Grey Fullsleave Polo Knit Top  FREE', NULL, 1, 0, true, NULL) ON CONFLICT (sku) DO UPDATE SET stock_quantity = EXCLUDED.stock_quantity, size = EXCLUDED.size, active = EXCLUDED.active;
INSERT INTO prices (variant_id, amount, currency) SELECT id, 3800, 'Br' FROM product_variants WHERE sku = 'SKU-66483' AND NOT EXISTS (SELECT 1 FROM prices WHERE variant_id = product_variants.id);
INSERT INTO product_images (product_id, url, position) VALUES (11, '/images/11/img_2329.jpeg', 0) ON CONFLICT DO NOTHING;
INSERT INTO product_images (product_id, url, position) VALUES (11, '/images/11/img_2330.jpeg', 1) ON CONFLICT DO NOTHING;
INSERT INTO products (id, title, slug, description, thumbnail, active, base_price) VALUES (12, 'V-Neck Knitted cardigan ', 'v-neck-knitted-cardigan', '', '/images/12/photo_2025-11-03-18.20.03.jpeg', True, 4400) ON CONFLICT (id) DO UPDATE SET title = EXCLUDED.title, slug = EXCLUDED.slug, description = EXCLUDED.description, thumbnail = EXCLUDED.thumbnail, active = EXCLUDED.active, base_price = EXCLUDED.base_price;
INSERT INTO product_variants (product_id, sku, size, color, stock_quantity, price_adjustment, active, image) VALUES (12, 'SKU-66479', 'V-Neck Knitted cardigan  FREE', NULL, 1, 0, true, NULL) ON CONFLICT (sku) DO UPDATE SET stock_quantity = EXCLUDED.stock_quantity, size = EXCLUDED.size, active = EXCLUDED.active;
INSERT INTO prices (variant_id, amount, currency) SELECT id, 4400, 'Br' FROM product_variants WHERE sku = 'SKU-66479' AND NOT EXISTS (SELECT 1 FROM prices WHERE variant_id = product_variants.id);
INSERT INTO product_images (product_id, url, position) VALUES (12, '/images/12/photo_2025-11-03-18.20.03.jpeg', 0) ON CONFLICT DO NOTHING;
INSERT INTO product_images (product_id, url, position) VALUES (12, '/images/12/img_2322.jpeg', 1) ON CONFLICT DO NOTHING;
INSERT INTO product_images (product_id, url, position) VALUES (12, '/images/12/img_2323.jpeg', 2) ON CONFLICT DO NOTHING;
INSERT INTO products (id, title, slug, description, thumbnail, active, base_price) VALUES (13, 'Heart Embroidered Trendy Caps', 'heart-embroidered-trendy-caps', '', '/images/13/img_2370.jpeg', True, 1900) ON CONFLICT (id) DO UPDATE SET title = EXCLUDED.title, slug = EXCLUDED.slug, description = EXCLUDED.description, thumbnail = EXCLUDED.thumbnail, active = EXCLUDED.active, base_price = EXCLUDED.base_price;
INSERT INTO product_variants (product_id, sku, size, color, stock_quantity, price_adjustment, active, image) VALUES (13, 'SKU-66501', 'Heart Embroidered Trendy Caps', NULL, 1, 0, true, NULL) ON CONFLICT (sku) DO UPDATE SET stock_quantity = EXCLUDED.stock_quantity, size = EXCLUDED.size, active = EXCLUDED.active;
INSERT INTO prices (variant_id, amount, currency) SELECT id, 1900, 'Br' FROM product_variants WHERE sku = 'SKU-66501' AND NOT EXISTS (SELECT 1 FROM prices WHERE variant_id = product_variants.id);
INSERT INTO product_images (product_id, url, position) VALUES (13, '/images/13/img_2370.jpeg', 0) ON CONFLICT DO NOTHING;
INSERT INTO products (id, title, slug, description, thumbnail, active, base_price) VALUES (14, 'Trendy Corset Top', 'trendy-corset-top', '', '/images/14/chatgpt-image-oct-11-2025-10_33_13-am.png', True, 2800) ON CONFLICT (id) DO UPDATE SET title = EXCLUDED.title, slug = EXCLUDED.slug, description = EXCLUDED.description, thumbnail = EXCLUDED.thumbnail, active = EXCLUDED.active, base_price = EXCLUDED.base_price;
INSERT INTO product_variants (product_id, sku, size, color, stock_quantity, price_adjustment, active, image) VALUES (14, 'SKU-66434', 'Trendy Corset Top 36/80', NULL, 1, 0, true, NULL) ON CONFLICT (sku) DO UPDATE SET stock_quantity = EXCLUDED.stock_quantity, size = EXCLUDED.size, active = EXCLUDED.active;
INSERT INTO prices (variant_id, amount, currency) SELECT id, 2800, 'Br' FROM product_variants WHERE sku = 'SKU-66434' AND NOT EXISTS (SELECT 1 FROM prices WHERE variant_id = product_variants.id);
INSERT INTO product_variants (product_id, sku, size, color, stock_quantity, price_adjustment, active, image) VALUES (14, 'SKU-66435', 'Trendy Corset Top 38/85', NULL, 1, 0, true, NULL) ON CONFLICT (sku) DO UPDATE SET stock_quantity = EXCLUDED.stock_quantity, size = EXCLUDED.size, active = EXCLUDED.active;
INSERT INTO prices (variant_id, amount, currency) SELECT id, 2800, 'Br' FROM product_variants WHERE sku = 'SKU-66435' AND NOT EXISTS (SELECT 1 FROM prices WHERE variant_id = product_variants.id);
INSERT INTO product_images (product_id, url, position) VALUES (14, '/images/14/chatgpt-image-oct-11-2025-10_33_13-am.png', 0) ON CONFLICT DO NOTHING;
INSERT INTO products (id, title, slug, description, thumbnail, active, base_price) VALUES (15, 'Black Lace Corset Top', 'black-lace-corset-top', '', '/images/15/gg.png', True, 2800) ON CONFLICT (id) DO UPDATE SET title = EXCLUDED.title, slug = EXCLUDED.slug, description = EXCLUDED.description, thumbnail = EXCLUDED.thumbnail, active = EXCLUDED.active, base_price = EXCLUDED.base_price;
INSERT INTO product_variants (product_id, sku, size, color, stock_quantity, price_adjustment, active, image) VALUES (15, 'SKU-66438', 'Black Lace Corset Top 36/80', NULL, 1, 0, true, NULL) ON CONFLICT (sku) DO UPDATE SET stock_quantity = EXCLUDED.stock_quantity, size = EXCLUDED.size, active = EXCLUDED.active;
INSERT INTO prices (variant_id, amount, currency) SELECT id, 2800, 'Br' FROM product_variants WHERE sku = 'SKU-66438' AND NOT EXISTS (SELECT 1 FROM prices WHERE variant_id = product_variants.id);
INSERT INTO product_variants (product_id, sku, size, color, stock_quantity, price_adjustment, active, image) VALUES (15, 'SKU-66439', 'Black Lace Corset Top 34/75', NULL, 1, 0, true, NULL) ON CONFLICT (sku) DO UPDATE SET stock_quantity = EXCLUDED.stock_quantity, size = EXCLUDED.size, active = EXCLUDED.active;
INSERT INTO prices (variant_id, amount, currency) SELECT id, 2800, 'Br' FROM product_variants WHERE sku = 'SKU-66439' AND NOT EXISTS (SELECT 1 FROM prices WHERE variant_id = product_variants.id);
INSERT INTO product_images (product_id, url, position) VALUES (15, '/images/15/gg.png', 0) ON CONFLICT DO NOTHING;
INSERT INTO products (id, title, slug, description, thumbnail, active, base_price) VALUES (16, 'Puff Sleeve Elegant Dress', 'puff-sleeve-elegant-dress', '', '/images/16/img_3081-2.jpg', True, 5600) ON CONFLICT (id) DO UPDATE SET title = EXCLUDED.title, slug = EXCLUDED.slug, description = EXCLUDED.description, thumbnail = EXCLUDED.thumbnail, active = EXCLUDED.active, base_price = EXCLUDED.base_price;
INSERT INTO product_variants (product_id, sku, size, color, stock_quantity, price_adjustment, active, image) VALUES (16, 'SKU-67490', 'DRESS S', NULL, 1, 0, true, NULL) ON CONFLICT (sku) DO UPDATE SET stock_quantity = EXCLUDED.stock_quantity, size = EXCLUDED.size, active = EXCLUDED.active;
INSERT INTO prices (variant_id, amount, currency) SELECT id, 5600, 'Br' FROM product_variants WHERE sku = 'SKU-67490' AND NOT EXISTS (SELECT 1 FROM prices WHERE variant_id = product_variants.id);
INSERT INTO product_images (product_id, url, position) VALUES (16, '/images/16/img_3081-2.jpg', 0) ON CONFLICT DO NOTHING;
INSERT INTO product_images (product_id, url, position) VALUES (16, '/images/16/img_3078-2.jpg', 1) ON CONFLICT DO NOTHING;
INSERT INTO product_images (product_id, url, position) VALUES (16, '/images/16/img_3080-2.jpg', 2) ON CONFLICT DO NOTHING;
INSERT INTO product_images (product_id, url, position) VALUES (16, '/images/16/img_3079-2.jpg', 3) ON CONFLICT DO NOTHING;
INSERT INTO products (id, title, slug, description, thumbnail, active, base_price) VALUES (17, 'Ripped Short Jeans', 'ripped-short-jeans', '', '/images/17/photo_2025-11-05-17.31.20.jpeg', True, 4400) ON CONFLICT (id) DO UPDATE SET title = EXCLUDED.title, slug = EXCLUDED.slug, description = EXCLUDED.description, thumbnail = EXCLUDED.thumbnail, active = EXCLUDED.active, base_price = EXCLUDED.base_price;
INSERT INTO product_variants (product_id, sku, size, color, stock_quantity, price_adjustment, active, image) VALUES (17, 'SKU-66440', 'Ripped Short Jeans S', NULL, 1, 0, true, NULL) ON CONFLICT (sku) DO UPDATE SET stock_quantity = EXCLUDED.stock_quantity, size = EXCLUDED.size, active = EXCLUDED.active;
INSERT INTO prices (variant_id, amount, currency) SELECT id, 4400, 'Br' FROM product_variants WHERE sku = 'SKU-66440' AND NOT EXISTS (SELECT 1 FROM prices WHERE variant_id = product_variants.id);
INSERT INTO product_variants (product_id, sku, size, color, stock_quantity, price_adjustment, active, image) VALUES (17, 'SKU-66441', 'Ripped Short Jeans M', NULL, 1, 0, true, NULL) ON CONFLICT (sku) DO UPDATE SET stock_quantity = EXCLUDED.stock_quantity, size = EXCLUDED.size, active = EXCLUDED.active;
INSERT INTO prices (variant_id, amount, currency) SELECT id, 4400, 'Br' FROM product_variants WHERE sku = 'SKU-66441' AND NOT EXISTS (SELECT 1 FROM prices WHERE variant_id = product_variants.id);
INSERT INTO product_variants (product_id, sku, size, color, stock_quantity, price_adjustment, active, image) VALUES (17, 'SKU-66442', 'Ripped Short Jeans L', NULL, 1, 0, true, NULL) ON CONFLICT (sku) DO UPDATE SET stock_quantity = EXCLUDED.stock_quantity, size = EXCLUDED.size, active = EXCLUDED.active;
INSERT INTO prices (variant_id, amount, currency) SELECT id, 4400, 'Br' FROM product_variants WHERE sku = 'SKU-66442' AND NOT EXISTS (SELECT 1 FROM prices WHERE variant_id = product_variants.id);
INSERT INTO product_images (product_id, url, position) VALUES (17, '/images/17/photo_2025-11-05-17.31.20.jpeg', 0) ON CONFLICT DO NOTHING;
INSERT INTO product_images (product_id, url, position) VALUES (17, '/images/17/img_1884.jpeg', 1) ON CONFLICT DO NOTHING;
INSERT INTO products (id, title, slug, description, thumbnail, active, base_price) VALUES (18, 'YSL Mini Bag - Pink', 'classy-ysl-pink-bag', '', '/images/18/img_2125.jpeg', True, 4900) ON CONFLICT (id) DO UPDATE SET title = EXCLUDED.title, slug = EXCLUDED.slug, description = EXCLUDED.description, thumbnail = EXCLUDED.thumbnail, active = EXCLUDED.active, base_price = EXCLUDED.base_price;
INSERT INTO product_variants (product_id, sku, size, color, stock_quantity, price_adjustment, active, image) VALUES (18, 'SKU-66443', 'YSL Mini Bag - Pink', NULL, 1, 0, true, NULL) ON CONFLICT (sku) DO UPDATE SET stock_quantity = EXCLUDED.stock_quantity, size = EXCLUDED.size, active = EXCLUDED.active;
INSERT INTO prices (variant_id, amount, currency) SELECT id, 4900, 'Br' FROM product_variants WHERE sku = 'SKU-66443' AND NOT EXISTS (SELECT 1 FROM prices WHERE variant_id = product_variants.id);
INSERT INTO product_images (product_id, url, position) VALUES (18, '/images/18/img_2125.jpeg', 0) ON CONFLICT DO NOTHING;
INSERT INTO products (id, title, slug, description, thumbnail, active, base_price) VALUES (19, 'YSL Mini Bag - Cream', 'classy-ysl-cream-bag', '', '/images/19/img_2126.jpeg', True, 4900) ON CONFLICT (id) DO UPDATE SET title = EXCLUDED.title, slug = EXCLUDED.slug, description = EXCLUDED.description, thumbnail = EXCLUDED.thumbnail, active = EXCLUDED.active, base_price = EXCLUDED.base_price;
INSERT INTO product_variants (product_id, sku, size, color, stock_quantity, price_adjustment, active, image) VALUES (19, 'SKU-66444', 'Classy YSL Cream Bag', NULL, 1, 0, true, NULL) ON CONFLICT (sku) DO UPDATE SET stock_quantity = EXCLUDED.stock_quantity, size = EXCLUDED.size, active = EXCLUDED.active;
INSERT INTO prices (variant_id, amount, currency) SELECT id, 4900, 'Br' FROM product_variants WHERE sku = 'SKU-66444' AND NOT EXISTS (SELECT 1 FROM prices WHERE variant_id = product_variants.id);
INSERT INTO product_images (product_id, url, position) VALUES (19, '/images/19/img_2126.jpeg', 0) ON CONFLICT DO NOTHING;
INSERT INTO products (id, title, slug, description, thumbnail, active, base_price) VALUES (20, 'YSL Jamie Suede Tote Bag - Brown', 'ysl-brown-bag', '', '/images/20/img_2359.jpeg', True, 6400) ON CONFLICT (id) DO UPDATE SET title = EXCLUDED.title, slug = EXCLUDED.slug, description = EXCLUDED.description, thumbnail = EXCLUDED.thumbnail, active = EXCLUDED.active, base_price = EXCLUDED.base_price;
INSERT INTO product_variants (product_id, sku, size, color, stock_quantity, price_adjustment, active, image) VALUES (20, 'SKU-66496', 'YSL Jamie Suede Tote Bag - Brown', NULL, 1, 0, true, NULL) ON CONFLICT (sku) DO UPDATE SET stock_quantity = EXCLUDED.stock_quantity, size = EXCLUDED.size, active = EXCLUDED.active;
INSERT INTO prices (variant_id, amount, currency) SELECT id, 6400, 'Br' FROM product_variants WHERE sku = 'SKU-66496' AND NOT EXISTS (SELECT 1 FROM prices WHERE variant_id = product_variants.id);
INSERT INTO product_images (product_id, url, position) VALUES (20, '/images/20/img_2359.jpeg', 0) ON CONFLICT DO NOTHING;
INSERT INTO products (id, title, slug, description, thumbnail, active, base_price) VALUES (21, 'Bottega Knot Lock Burgundy Bag', 'bottega-knot-lock-burgundy-bag', '', '/images/21/img_2127.jpeg', True, 5200) ON CONFLICT (id) DO UPDATE SET title = EXCLUDED.title, slug = EXCLUDED.slug, description = EXCLUDED.description, thumbnail = EXCLUDED.thumbnail, active = EXCLUDED.active, base_price = EXCLUDED.base_price;
INSERT INTO product_variants (product_id, sku, size, color, stock_quantity, price_adjustment, active, image) VALUES (21, 'SKU-66445', 'Bottega Knot Lock Burgundy Bag', NULL, 1, 0, true, NULL) ON CONFLICT (sku) DO UPDATE SET stock_quantity = EXCLUDED.stock_quantity, size = EXCLUDED.size, active = EXCLUDED.active;
INSERT INTO prices (variant_id, amount, currency) SELECT id, 5200, 'Br' FROM product_variants WHERE sku = 'SKU-66445' AND NOT EXISTS (SELECT 1 FROM prices WHERE variant_id = product_variants.id);
INSERT INTO product_images (product_id, url, position) VALUES (21, '/images/21/img_2127.jpeg', 0) ON CONFLICT DO NOTHING;
INSERT INTO products (id, title, slug, description, thumbnail, active, base_price) VALUES (22, 'YSL Jamie Suede Tote Bag - Black', 'ysl-jamie-suede-tote-bag-black', '', '/images/22/img_2358.jpeg', True, 6200) ON CONFLICT (id) DO UPDATE SET title = EXCLUDED.title, slug = EXCLUDED.slug, description = EXCLUDED.description, thumbnail = EXCLUDED.thumbnail, active = EXCLUDED.active, base_price = EXCLUDED.base_price;
INSERT INTO product_variants (product_id, sku, size, color, stock_quantity, price_adjustment, active, image) VALUES (22, 'SKU-66495', 'YSL Jamie Suede Tote Bag - Black', NULL, 1, 0, true, NULL) ON CONFLICT (sku) DO UPDATE SET stock_quantity = EXCLUDED.stock_quantity, size = EXCLUDED.size, active = EXCLUDED.active;
INSERT INTO prices (variant_id, amount, currency) SELECT id, 6200, 'Br' FROM product_variants WHERE sku = 'SKU-66495' AND NOT EXISTS (SELECT 1 FROM prices WHERE variant_id = product_variants.id);
INSERT INTO product_images (product_id, url, position) VALUES (22, '/images/22/img_2358.jpeg', 0) ON CONFLICT DO NOTHING;
INSERT INTO products (id, title, slug, description, thumbnail, active, base_price) VALUES (23, 'Bottega Knot Lock Black Bag', 'bottega-knot-lock-black-bag', '', '/images/23/img_2128.jpeg', True, 5200) ON CONFLICT (id) DO UPDATE SET title = EXCLUDED.title, slug = EXCLUDED.slug, description = EXCLUDED.description, thumbnail = EXCLUDED.thumbnail, active = EXCLUDED.active, base_price = EXCLUDED.base_price;
INSERT INTO product_variants (product_id, sku, size, color, stock_quantity, price_adjustment, active, image) VALUES (23, 'SKU-66446', 'Bottega Knot Lock Black Bag', NULL, 1, 0, true, NULL) ON CONFLICT (sku) DO UPDATE SET stock_quantity = EXCLUDED.stock_quantity, size = EXCLUDED.size, active = EXCLUDED.active;
INSERT INTO prices (variant_id, amount, currency) SELECT id, 5200, 'Br' FROM product_variants WHERE sku = 'SKU-66446' AND NOT EXISTS (SELECT 1 FROM prices WHERE variant_id = product_variants.id);
INSERT INTO product_images (product_id, url, position) VALUES (23, '/images/23/img_2128.jpeg', 0) ON CONFLICT DO NOTHING;
INSERT INTO products (id, title, slug, description, thumbnail, active, base_price) VALUES (24, ' Original Disney Kids Slipper - blue ', 'original-disney-kids-slipper-blue', '', '/images/24/img_2694.jpeg', True, 3400) ON CONFLICT (id) DO UPDATE SET title = EXCLUDED.title, slug = EXCLUDED.slug, description = EXCLUDED.description, thumbnail = EXCLUDED.thumbnail, active = EXCLUDED.active, base_price = EXCLUDED.base_price;
INSERT INTO product_variants (product_id, sku, size, color, stock_quantity, price_adjustment, active, image) VALUES (24, 'SKU-66572', 'disney 25', NULL, 1, 0, true, NULL) ON CONFLICT (sku) DO UPDATE SET stock_quantity = EXCLUDED.stock_quantity, size = EXCLUDED.size, active = EXCLUDED.active;
INSERT INTO prices (variant_id, amount, currency) SELECT id, 3400, 'Br' FROM product_variants WHERE sku = 'SKU-66572' AND NOT EXISTS (SELECT 1 FROM prices WHERE variant_id = product_variants.id);
INSERT INTO product_variants (product_id, sku, size, color, stock_quantity, price_adjustment, active, image) VALUES (24, 'SKU-66573', 'disney 26', NULL, 1, 0, true, NULL) ON CONFLICT (sku) DO UPDATE SET stock_quantity = EXCLUDED.stock_quantity, size = EXCLUDED.size, active = EXCLUDED.active;
INSERT INTO prices (variant_id, amount, currency) SELECT id, 3400, 'Br' FROM product_variants WHERE sku = 'SKU-66573' AND NOT EXISTS (SELECT 1 FROM prices WHERE variant_id = product_variants.id);
INSERT INTO product_variants (product_id, sku, size, color, stock_quantity, price_adjustment, active, image) VALUES (24, 'SKU-66574', 'disney 27', NULL, 1, 0, true, NULL) ON CONFLICT (sku) DO UPDATE SET stock_quantity = EXCLUDED.stock_quantity, size = EXCLUDED.size, active = EXCLUDED.active;
INSERT INTO prices (variant_id, amount, currency) SELECT id, 3400, 'Br' FROM product_variants WHERE sku = 'SKU-66574' AND NOT EXISTS (SELECT 1 FROM prices WHERE variant_id = product_variants.id);
INSERT INTO product_variants (product_id, sku, size, color, stock_quantity, price_adjustment, active, image) VALUES (24, 'SKU-66575', 'disney 28', NULL, 1, 0, true, NULL) ON CONFLICT (sku) DO UPDATE SET stock_quantity = EXCLUDED.stock_quantity, size = EXCLUDED.size, active = EXCLUDED.active;
INSERT INTO prices (variant_id, amount, currency) SELECT id, 3400, 'Br' FROM product_variants WHERE sku = 'SKU-66575' AND NOT EXISTS (SELECT 1 FROM prices WHERE variant_id = product_variants.id);
INSERT INTO product_variants (product_id, sku, size, color, stock_quantity, price_adjustment, active, image) VALUES (24, 'SKU-66576', 'disney 29', NULL, 1, 0, true, NULL) ON CONFLICT (sku) DO UPDATE SET stock_quantity = EXCLUDED.stock_quantity, size = EXCLUDED.size, active = EXCLUDED.active;
INSERT INTO prices (variant_id, amount, currency) SELECT id, 3400, 'Br' FROM product_variants WHERE sku = 'SKU-66576' AND NOT EXISTS (SELECT 1 FROM prices WHERE variant_id = product_variants.id);
INSERT INTO product_images (product_id, url, position) VALUES (24, '/images/24/img_2694.jpeg', 0) ON CONFLICT DO NOTHING;
INSERT INTO product_images (product_id, url, position) VALUES (24, '/images/24/img_2689.jpeg', 1) ON CONFLICT DO NOTHING;
INSERT INTO product_images (product_id, url, position) VALUES (24, '/images/24/img_2695.jpeg', 2) ON CONFLICT DO NOTHING;
INSERT INTO products (id, title, slug, description, thumbnail, active, base_price) VALUES (25, 'Coach Eliza Mini Bag - Black', 'coach-eliza-mini-bag', '', '/images/25/img_0969.jpeg', True, 4900) ON CONFLICT (id) DO UPDATE SET title = EXCLUDED.title, slug = EXCLUDED.slug, description = EXCLUDED.description, thumbnail = EXCLUDED.thumbnail, active = EXCLUDED.active, base_price = EXCLUDED.base_price;
INSERT INTO product_variants (product_id, sku, size, color, stock_quantity, price_adjustment, active, image) VALUES (25, 'SKU-66447', 'Coach Eliza Mini Bag', NULL, 1, 0, true, NULL) ON CONFLICT (sku) DO UPDATE SET stock_quantity = EXCLUDED.stock_quantity, size = EXCLUDED.size, active = EXCLUDED.active;
INSERT INTO prices (variant_id, amount, currency) SELECT id, 4900, 'Br' FROM product_variants WHERE sku = 'SKU-66447' AND NOT EXISTS (SELECT 1 FROM prices WHERE variant_id = product_variants.id);
INSERT INTO product_images (product_id, url, position) VALUES (25, '/images/25/img_0969.jpeg', 0) ON CONFLICT DO NOTHING;
INSERT INTO products (id, title, slug, description, thumbnail, active, base_price) VALUES (26, 'Coach Eliza Mini Bag - Brown', 'coach-eliza-mini-bag-brown', '', '/images/26/img_0968.jpeg', True, 4900) ON CONFLICT (id) DO UPDATE SET title = EXCLUDED.title, slug = EXCLUDED.slug, description = EXCLUDED.description, thumbnail = EXCLUDED.thumbnail, active = EXCLUDED.active, base_price = EXCLUDED.base_price;
INSERT INTO product_variants (product_id, sku, size, color, stock_quantity, price_adjustment, active, image) VALUES (26, 'SKU-66448', 'Coach Eliza Mini Bag - Brown', NULL, 1, 0, true, NULL) ON CONFLICT (sku) DO UPDATE SET stock_quantity = EXCLUDED.stock_quantity, size = EXCLUDED.size, active = EXCLUDED.active;
INSERT INTO prices (variant_id, amount, currency) SELECT id, 4900, 'Br' FROM product_variants WHERE sku = 'SKU-66448' AND NOT EXISTS (SELECT 1 FROM prices WHERE variant_id = product_variants.id);
INSERT INTO product_images (product_id, url, position) VALUES (26, '/images/26/img_0968.jpeg', 0) ON CONFLICT DO NOTHING;
INSERT INTO products (id, title, slug, description, thumbnail, active, base_price) VALUES (27, 'ASICS Gel-Kahana Sneaker Shoes', 'pink-sneaker', '', '/images/27/img_2319.jpeg', True, 8500) ON CONFLICT (id) DO UPDATE SET title = EXCLUDED.title, slug = EXCLUDED.slug, description = EXCLUDED.description, thumbnail = EXCLUDED.thumbnail, active = EXCLUDED.active, base_price = EXCLUDED.base_price;
INSERT INTO product_variants (product_id, sku, size, color, stock_quantity, price_adjustment, active, image) VALUES (27, 'SKU-66488', 'ASICS Gel-Kahana Sneaker Shoes 38', NULL, 1, 0, true, NULL) ON CONFLICT (sku) DO UPDATE SET stock_quantity = EXCLUDED.stock_quantity, size = EXCLUDED.size, active = EXCLUDED.active;
INSERT INTO prices (variant_id, amount, currency) SELECT id, 8500, 'Br' FROM product_variants WHERE sku = 'SKU-66488' AND NOT EXISTS (SELECT 1 FROM prices WHERE variant_id = product_variants.id);
INSERT INTO product_variants (product_id, sku, size, color, stock_quantity, price_adjustment, active, image) VALUES (27, 'SKU-66489', 'ASICS Gel-Kahana Sneaker Shoes 39', NULL, 1, 0, true, NULL) ON CONFLICT (sku) DO UPDATE SET stock_quantity = EXCLUDED.stock_quantity, size = EXCLUDED.size, active = EXCLUDED.active;
INSERT INTO prices (variant_id, amount, currency) SELECT id, 8500, 'Br' FROM product_variants WHERE sku = 'SKU-66489' AND NOT EXISTS (SELECT 1 FROM prices WHERE variant_id = product_variants.id);
INSERT INTO product_images (product_id, url, position) VALUES (27, '/images/27/img_2319.jpeg', 0) ON CONFLICT DO NOTHING;
INSERT INTO product_images (product_id, url, position) VALUES (27, '/images/27/img_2318.jpeg', 1) ON CONFLICT DO NOTHING;
INSERT INTO products (id, title, slug, description, thumbnail, active, base_price) VALUES (28, 'ASICS Gel-Kahana Sneaker Shoes', 'asics-gel-kahana-gray-sneaker', '', '/images/28/photo_2025-11-03-18.23.01.jpeg', True, 8600) ON CONFLICT (id) DO UPDATE SET title = EXCLUDED.title, slug = EXCLUDED.slug, description = EXCLUDED.description, thumbnail = EXCLUDED.thumbnail, active = EXCLUDED.active, base_price = EXCLUDED.base_price;
INSERT INTO product_variants (product_id, sku, size, color, stock_quantity, price_adjustment, active, image) VALUES (28, 'SKU-66475', 'Asics Gel Kahana  Gray sneaker  36', NULL, 1, 0, true, NULL) ON CONFLICT (sku) DO UPDATE SET stock_quantity = EXCLUDED.stock_quantity, size = EXCLUDED.size, active = EXCLUDED.active;
INSERT INTO prices (variant_id, amount, currency) SELECT id, 8600, 'Br' FROM product_variants WHERE sku = 'SKU-66475' AND NOT EXISTS (SELECT 1 FROM prices WHERE variant_id = product_variants.id);
INSERT INTO product_variants (product_id, sku, size, color, stock_quantity, price_adjustment, active, image) VALUES (28, 'SKU-66476', 'Asics Gel Kahana  Gray sneaker  37', NULL, 1, 0, true, NULL) ON CONFLICT (sku) DO UPDATE SET stock_quantity = EXCLUDED.stock_quantity, size = EXCLUDED.size, active = EXCLUDED.active;
INSERT INTO prices (variant_id, amount, currency) SELECT id, 8600, 'Br' FROM product_variants WHERE sku = 'SKU-66476' AND NOT EXISTS (SELECT 1 FROM prices WHERE variant_id = product_variants.id);
INSERT INTO product_variants (product_id, sku, size, color, stock_quantity, price_adjustment, active, image) VALUES (28, 'SKU-66477', 'Asics Gel Kahana  Gray sneaker  38', NULL, 1, 0, true, NULL) ON CONFLICT (sku) DO UPDATE SET stock_quantity = EXCLUDED.stock_quantity, size = EXCLUDED.size, active = EXCLUDED.active;
INSERT INTO prices (variant_id, amount, currency) SELECT id, 8600, 'Br' FROM product_variants WHERE sku = 'SKU-66477' AND NOT EXISTS (SELECT 1 FROM prices WHERE variant_id = product_variants.id);
INSERT INTO product_variants (product_id, sku, size, color, stock_quantity, price_adjustment, active, image) VALUES (28, 'SKU-66478', 'Asics Gel Kahana  Gray sneaker  39', NULL, 1, 0, true, NULL) ON CONFLICT (sku) DO UPDATE SET stock_quantity = EXCLUDED.stock_quantity, size = EXCLUDED.size, active = EXCLUDED.active;
INSERT INTO prices (variant_id, amount, currency) SELECT id, 8600, 'Br' FROM product_variants WHERE sku = 'SKU-66478' AND NOT EXISTS (SELECT 1 FROM prices WHERE variant_id = product_variants.id);
INSERT INTO product_images (product_id, url, position) VALUES (28, '/images/28/photo_2025-11-03-18.23.01.jpeg', 0) ON CONFLICT DO NOTHING;
INSERT INTO product_images (product_id, url, position) VALUES (28, '/images/28/img_2317.jpeg', 1) ON CONFLICT DO NOTHING;
INSERT INTO products (id, title, slug, description, thumbnail, active, base_price) VALUES (29, 'Chanel Classy MIni Bag - Blue', 'chanel-classy-mini-bag-blue', '', '/images/29/img_2346.jpeg', True, 4800) ON CONFLICT (id) DO UPDATE SET title = EXCLUDED.title, slug = EXCLUDED.slug, description = EXCLUDED.description, thumbnail = EXCLUDED.thumbnail, active = EXCLUDED.active, base_price = EXCLUDED.base_price;
INSERT INTO product_variants (product_id, sku, size, color, stock_quantity, price_adjustment, active, image) VALUES (29, 'SKU-66450', 'Chanel Classy MIni Bag - Blue', NULL, 1, 0, true, NULL) ON CONFLICT (sku) DO UPDATE SET stock_quantity = EXCLUDED.stock_quantity, size = EXCLUDED.size, active = EXCLUDED.active;
INSERT INTO prices (variant_id, amount, currency) SELECT id, 4800, 'Br' FROM product_variants WHERE sku = 'SKU-66450' AND NOT EXISTS (SELECT 1 FROM prices WHERE variant_id = product_variants.id);
INSERT INTO product_images (product_id, url, position) VALUES (29, '/images/29/img_2346.jpeg', 0) ON CONFLICT DO NOTHING;
INSERT INTO products (id, title, slug, description, thumbnail, active, base_price) VALUES (30, 'Zara Classy Metallic Handle Bag', 'zara-red-bag', '', '/images/30/photo_2025-11-05-17.37.29.jpeg', True, 4500) ON CONFLICT (id) DO UPDATE SET title = EXCLUDED.title, slug = EXCLUDED.slug, description = EXCLUDED.description, thumbnail = EXCLUDED.thumbnail, active = EXCLUDED.active, base_price = EXCLUDED.base_price;
INSERT INTO product_variants (product_id, sku, size, color, stock_quantity, price_adjustment, active, image) VALUES (30, 'SKU-66490', 'Zara Classy Metallic Handle Bag ', NULL, 1, 0, true, NULL) ON CONFLICT (sku) DO UPDATE SET stock_quantity = EXCLUDED.stock_quantity, size = EXCLUDED.size, active = EXCLUDED.active;
INSERT INTO prices (variant_id, amount, currency) SELECT id, 4500, 'Br' FROM product_variants WHERE sku = 'SKU-66490' AND NOT EXISTS (SELECT 1 FROM prices WHERE variant_id = product_variants.id);
INSERT INTO product_images (product_id, url, position) VALUES (30, '/images/30/photo_2025-11-05-17.37.29.jpeg', 0) ON CONFLICT DO NOTHING;
INSERT INTO product_images (product_id, url, position) VALUES (30, '/images/30/img_2353.jpeg', 1) ON CONFLICT DO NOTHING;
INSERT INTO products (id, title, slug, description, thumbnail, active, base_price) VALUES (31, 'Zara Two-tone Bucket Bag', 'zara-two-tone-bucket-bag', '', '/images/31/img_2153.jpeg', True, 5200) ON CONFLICT (id) DO UPDATE SET title = EXCLUDED.title, slug = EXCLUDED.slug, description = EXCLUDED.description, thumbnail = EXCLUDED.thumbnail, active = EXCLUDED.active, base_price = EXCLUDED.base_price;
INSERT INTO product_variants (product_id, sku, size, color, stock_quantity, price_adjustment, active, image) VALUES (31, 'SKU-66451', 'Zara Two-tone Bucket Bag', NULL, 1, 0, true, NULL) ON CONFLICT (sku) DO UPDATE SET stock_quantity = EXCLUDED.stock_quantity, size = EXCLUDED.size, active = EXCLUDED.active;
INSERT INTO prices (variant_id, amount, currency) SELECT id, 5200, 'Br' FROM product_variants WHERE sku = 'SKU-66451' AND NOT EXISTS (SELECT 1 FROM prices WHERE variant_id = product_variants.id);
INSERT INTO product_images (product_id, url, position) VALUES (31, '/images/31/img_2153.jpeg', 0) ON CONFLICT DO NOTHING;
INSERT INTO products (id, title, slug, description, thumbnail, active, base_price) VALUES (32, 'Miu Miu Hobo Leather Bag - Brown', 'miu-miu-brown-bag', '', '/images/32/img_2348.jpeg', True, 4800) ON CONFLICT (id) DO UPDATE SET title = EXCLUDED.title, slug = EXCLUDED.slug, description = EXCLUDED.description, thumbnail = EXCLUDED.thumbnail, active = EXCLUDED.active, base_price = EXCLUDED.base_price;
INSERT INTO product_variants (product_id, sku, size, color, stock_quantity, price_adjustment, active, image) VALUES (32, 'SKU-66491', 'Miu Miu Hobo Leather Bag - Brown', NULL, 1, 0, true, NULL) ON CONFLICT (sku) DO UPDATE SET stock_quantity = EXCLUDED.stock_quantity, size = EXCLUDED.size, active = EXCLUDED.active;
INSERT INTO prices (variant_id, amount, currency) SELECT id, 4800, 'Br' FROM product_variants WHERE sku = 'SKU-66491' AND NOT EXISTS (SELECT 1 FROM prices WHERE variant_id = product_variants.id);
INSERT INTO product_images (product_id, url, position) VALUES (32, '/images/32/img_2348.jpeg', 0) ON CONFLICT DO NOTHING;
INSERT INTO product_images (product_id, url, position) VALUES (32, '/images/32/img_2352.jpeg', 1) ON CONFLICT DO NOTHING;
INSERT INTO products (id, title, slug, description, thumbnail, active, base_price) VALUES (33, 'Classy Coach Maggie Bag - White', 'classy-coach-maggie-bag-white', '', '/images/33/img_2132.jpeg', True, 5400) ON CONFLICT (id) DO UPDATE SET title = EXCLUDED.title, slug = EXCLUDED.slug, description = EXCLUDED.description, thumbnail = EXCLUDED.thumbnail, active = EXCLUDED.active, base_price = EXCLUDED.base_price;
INSERT INTO product_variants (product_id, sku, size, color, stock_quantity, price_adjustment, active, image) VALUES (33, 'SKU-66452', 'Classy Coach Maggie Bag - White', NULL, 1, 0, true, NULL) ON CONFLICT (sku) DO UPDATE SET stock_quantity = EXCLUDED.stock_quantity, size = EXCLUDED.size, active = EXCLUDED.active;
INSERT INTO prices (variant_id, amount, currency) SELECT id, 5400, 'Br' FROM product_variants WHERE sku = 'SKU-66452' AND NOT EXISTS (SELECT 1 FROM prices WHERE variant_id = product_variants.id);
INSERT INTO product_images (product_id, url, position) VALUES (33, '/images/33/img_2132.jpeg', 0) ON CONFLICT DO NOTHING;
INSERT INTO products (id, title, slug, description, thumbnail, active, base_price) VALUES (34, 'Try Again Oversized Vintage T-Shirt', 'try-again-oversized-vintage-t-shirt', '', '/images/34/img_2166.jpeg', True, 3200) ON CONFLICT (id) DO UPDATE SET title = EXCLUDED.title, slug = EXCLUDED.slug, description = EXCLUDED.description, thumbnail = EXCLUDED.thumbnail, active = EXCLUDED.active, base_price = EXCLUDED.base_price;
INSERT INTO product_variants (product_id, sku, size, color, stock_quantity, price_adjustment, active, image) VALUES (34, 'SKU-66453', 'Try Again Oversized Vintage T-Shirt L', NULL, 1, 0, true, NULL) ON CONFLICT (sku) DO UPDATE SET stock_quantity = EXCLUDED.stock_quantity, size = EXCLUDED.size, active = EXCLUDED.active;
INSERT INTO prices (variant_id, amount, currency) SELECT id, 3200, 'Br' FROM product_variants WHERE sku = 'SKU-66453' AND NOT EXISTS (SELECT 1 FROM prices WHERE variant_id = product_variants.id);
INSERT INTO product_variants (product_id, sku, size, color, stock_quantity, price_adjustment, active, image) VALUES (34, 'SKU-66454', 'Try Again Oversized Vintage T-Shirt XL', NULL, 1, 0, true, NULL) ON CONFLICT (sku) DO UPDATE SET stock_quantity = EXCLUDED.stock_quantity, size = EXCLUDED.size, active = EXCLUDED.active;
INSERT INTO prices (variant_id, amount, currency) SELECT id, 3200, 'Br' FROM product_variants WHERE sku = 'SKU-66454' AND NOT EXISTS (SELECT 1 FROM prices WHERE variant_id = product_variants.id);
INSERT INTO product_variants (product_id, sku, size, color, stock_quantity, price_adjustment, active, image) VALUES (34, 'SKU-66455', 'Try Again Oversized Vintage T-Shirt XXL', NULL, 1, 0, true, NULL) ON CONFLICT (sku) DO UPDATE SET stock_quantity = EXCLUDED.stock_quantity, size = EXCLUDED.size, active = EXCLUDED.active;
INSERT INTO prices (variant_id, amount, currency) SELECT id, 3200, 'Br' FROM product_variants WHERE sku = 'SKU-66455' AND NOT EXISTS (SELECT 1 FROM prices WHERE variant_id = product_variants.id);
INSERT INTO product_images (product_id, url, position) VALUES (34, '/images/34/img_2166.jpeg', 0) ON CONFLICT DO NOTHING;
INSERT INTO products (id, title, slug, description, thumbnail, active, base_price) VALUES (35, 'Miu Miu Hobo Leather Bag - Dark Brown', 'miu-miu-dark-brown-bag', '', '/images/35/img_2349.jpeg', True, 4800) ON CONFLICT (id) DO UPDATE SET title = EXCLUDED.title, slug = EXCLUDED.slug, description = EXCLUDED.description, thumbnail = EXCLUDED.thumbnail, active = EXCLUDED.active, base_price = EXCLUDED.base_price;
INSERT INTO product_variants (product_id, sku, size, color, stock_quantity, price_adjustment, active, image) VALUES (35, 'SKU-66494', 'Miu Miu Dark Brown Bag', NULL, 1, 0, true, NULL) ON CONFLICT (sku) DO UPDATE SET stock_quantity = EXCLUDED.stock_quantity, size = EXCLUDED.size, active = EXCLUDED.active;
INSERT INTO prices (variant_id, amount, currency) SELECT id, 4800, 'Br' FROM product_variants WHERE sku = 'SKU-66494' AND NOT EXISTS (SELECT 1 FROM prices WHERE variant_id = product_variants.id);
INSERT INTO product_images (product_id, url, position) VALUES (35, '/images/35/img_2349.jpeg', 0) ON CONFLICT DO NOTHING;
INSERT INTO products (id, title, slug, description, thumbnail, active, base_price) VALUES (36, 'LV Luxury Denim Bag', 'lv-luxury-denim-bag', '', '/images/36/img_2170.jpeg', True, 5600) ON CONFLICT (id) DO UPDATE SET title = EXCLUDED.title, slug = EXCLUDED.slug, description = EXCLUDED.description, thumbnail = EXCLUDED.thumbnail, active = EXCLUDED.active, base_price = EXCLUDED.base_price;
INSERT INTO product_variants (product_id, sku, size, color, stock_quantity, price_adjustment, active, image) VALUES (36, 'SKU-66456', 'LV Luxury Denim Bag', NULL, 1, 0, true, NULL) ON CONFLICT (sku) DO UPDATE SET stock_quantity = EXCLUDED.stock_quantity, size = EXCLUDED.size, active = EXCLUDED.active;
INSERT INTO prices (variant_id, amount, currency) SELECT id, 5600, 'Br' FROM product_variants WHERE sku = 'SKU-66456' AND NOT EXISTS (SELECT 1 FROM prices WHERE variant_id = product_variants.id);
INSERT INTO product_images (product_id, url, position) VALUES (36, '/images/36/img_2170.jpeg', 0) ON CONFLICT DO NOTHING;
INSERT INTO product_images (product_id, url, position) VALUES (36, '/images/36/img_2172.jpeg', 1) ON CONFLICT DO NOTHING;
INSERT INTO product_images (product_id, url, position) VALUES (36, '/images/36/img_2171.jpeg', 2) ON CONFLICT DO NOTHING;
INSERT INTO products (id, title, slug, description, thumbnail, active, base_price) VALUES (37, 'Dress black', 'dress-black', '', '/images/37/img_2173.jpeg', True, 100) ON CONFLICT (id) DO UPDATE SET title = EXCLUDED.title, slug = EXCLUDED.slug, description = EXCLUDED.description, thumbnail = EXCLUDED.thumbnail, active = EXCLUDED.active, base_price = EXCLUDED.base_price;
INSERT INTO product_variants (product_id, sku, size, color, stock_quantity, price_adjustment, active, image) VALUES (37, 'SKU-66537', 'M', NULL, 1, 0, true, NULL) ON CONFLICT (sku) DO UPDATE SET stock_quantity = EXCLUDED.stock_quantity, size = EXCLUDED.size, active = EXCLUDED.active;
INSERT INTO prices (variant_id, amount, currency) SELECT id, 4900, 'Br' FROM product_variants WHERE sku = 'SKU-66537' AND NOT EXISTS (SELECT 1 FROM prices WHERE variant_id = product_variants.id);
INSERT INTO product_variants (product_id, sku, size, color, stock_quantity, price_adjustment, active, image) VALUES (37, 'SKU-67239', 'XS', NULL, 1, 0, true, NULL) ON CONFLICT (sku) DO UPDATE SET stock_quantity = EXCLUDED.stock_quantity, size = EXCLUDED.size, active = EXCLUDED.active;
INSERT INTO prices (variant_id, amount, currency) SELECT id, 4900, 'Br' FROM product_variants WHERE sku = 'SKU-67239' AND NOT EXISTS (SELECT 1 FROM prices WHERE variant_id = product_variants.id);
INSERT INTO product_variants (product_id, sku, size, color, stock_quantity, price_adjustment, active, image) VALUES (37, '342342', 'Red', NULL, 1, 0, true, NULL) ON CONFLICT (sku) DO UPDATE SET stock_quantity = EXCLUDED.stock_quantity, size = EXCLUDED.size, active = EXCLUDED.active;
INSERT INTO prices (variant_id, amount, currency) SELECT id, 1000, 'Br' FROM product_variants WHERE sku = '342342' AND NOT EXISTS (SELECT 1 FROM prices WHERE variant_id = product_variants.id);
INSERT INTO product_variants (product_id, sku, size, color, stock_quantity, price_adjustment, active, image) VALUES (37, '8978989', 'Dress black XS Red', NULL, 1, 0, true, NULL) ON CONFLICT (sku) DO UPDATE SET stock_quantity = EXCLUDED.stock_quantity, size = EXCLUDED.size, active = EXCLUDED.active;
INSERT INTO prices (variant_id, amount, currency) SELECT id, 100, 'Br' FROM product_variants WHERE sku = '8978989' AND NOT EXISTS (SELECT 1 FROM prices WHERE variant_id = product_variants.id);
INSERT INTO product_variants (product_id, sku, size, color, stock_quantity, price_adjustment, active, image) VALUES (37, '4', 'DRESS', NULL, 1, 0, true, NULL) ON CONFLICT (sku) DO UPDATE SET stock_quantity = EXCLUDED.stock_quantity, size = EXCLUDED.size, active = EXCLUDED.active;
INSERT INTO prices (variant_id, amount, currency) SELECT id, 4900, 'Br' FROM product_variants WHERE sku = '4' AND NOT EXISTS (SELECT 1 FROM prices WHERE variant_id = product_variants.id);
INSERT INTO product_images (product_id, url, position) VALUES (37, '/images/37/img_2173.jpeg', 0) ON CONFLICT DO NOTHING;
INSERT INTO product_images (product_id, url, position) VALUES (37, '/images/37/img_2342.jpeg', 1) ON CONFLICT DO NOTHING;
INSERT INTO products (id, title, slug, description, thumbnail, active, base_price) VALUES (38, 'Faux Feather Collar Elegant Knit Dress', 'faux-feather-collar-elegant-knit-dress', '', '/images/38/da2598ea-5a35-44de-bfd3-23c01780b540.png', True, 5900) ON CONFLICT (id) DO UPDATE SET title = EXCLUDED.title, slug = EXCLUDED.slug, description = EXCLUDED.description, thumbnail = EXCLUDED.thumbnail, active = EXCLUDED.active, base_price = EXCLUDED.base_price;
INSERT INTO product_variants (product_id, sku, size, color, stock_quantity, price_adjustment, active, image) VALUES (38, 'SKU-66457', 'Faux Feather Collar Elegant Knit Dress FREE', NULL, 1, 0, true, NULL) ON CONFLICT (sku) DO UPDATE SET stock_quantity = EXCLUDED.stock_quantity, size = EXCLUDED.size, active = EXCLUDED.active;
INSERT INTO prices (variant_id, amount, currency) SELECT id, 5900, 'Br' FROM product_variants WHERE sku = 'SKU-66457' AND NOT EXISTS (SELECT 1 FROM prices WHERE variant_id = product_variants.id);
INSERT INTO product_images (product_id, url, position) VALUES (38, '/images/38/da2598ea-5a35-44de-bfd3-23c01780b540.png', 0) ON CONFLICT DO NOTHING;
INSERT INTO product_images (product_id, url, position) VALUES (38, '/images/38/img_2544.jpeg', 1) ON CONFLICT DO NOTHING;
INSERT INTO products (id, title, slug, description, thumbnail, active, base_price) VALUES (39, 'LV High Quality Midi Bag - Pink', 'lv-pink-bag', '', '/images/39/img_2361.jpeg', True, 5400) ON CONFLICT (id) DO UPDATE SET title = EXCLUDED.title, slug = EXCLUDED.slug, description = EXCLUDED.description, thumbnail = EXCLUDED.thumbnail, active = EXCLUDED.active, base_price = EXCLUDED.base_price;
INSERT INTO product_variants (product_id, sku, size, color, stock_quantity, price_adjustment, active, image) VALUES (39, 'SKU-66503', 'LV High Quality Midi Bag - Pink', NULL, 1, 0, true, NULL) ON CONFLICT (sku) DO UPDATE SET stock_quantity = EXCLUDED.stock_quantity, size = EXCLUDED.size, active = EXCLUDED.active;
INSERT INTO prices (variant_id, amount, currency) SELECT id, 5400, 'Br' FROM product_variants WHERE sku = 'SKU-66503' AND NOT EXISTS (SELECT 1 FROM prices WHERE variant_id = product_variants.id);
INSERT INTO product_images (product_id, url, position) VALUES (39, '/images/39/img_2361.jpeg', 0) ON CONFLICT DO NOTHING;
INSERT INTO product_images (product_id, url, position) VALUES (39, '/images/39/img_2360.jpeg', 1) ON CONFLICT DO NOTHING;
INSERT INTO products (id, title, slug, description, thumbnail, active, base_price) VALUES (40, 'No Time Washed Cap', 'no-time-washed-cap', '', '/images/40/img_2159.jpeg', True, 1900) ON CONFLICT (id) DO UPDATE SET title = EXCLUDED.title, slug = EXCLUDED.slug, description = EXCLUDED.description, thumbnail = EXCLUDED.thumbnail, active = EXCLUDED.active, base_price = EXCLUDED.base_price;
INSERT INTO product_variants (product_id, sku, size, color, stock_quantity, price_adjustment, active, image) VALUES (40, 'SKU-66458', 'No Time Washed Cap', NULL, 1, 0, true, NULL) ON CONFLICT (sku) DO UPDATE SET stock_quantity = EXCLUDED.stock_quantity, size = EXCLUDED.size, active = EXCLUDED.active;
INSERT INTO prices (variant_id, amount, currency) SELECT id, 1900, 'Br' FROM product_variants WHERE sku = 'SKU-66458' AND NOT EXISTS (SELECT 1 FROM prices WHERE variant_id = product_variants.id);
INSERT INTO product_images (product_id, url, position) VALUES (40, '/images/40/img_2159.jpeg', 0) ON CONFLICT DO NOTHING;
INSERT INTO products (id, title, slug, description, thumbnail, active, base_price) VALUES (41, 'No Time Washed Vintage Cap', 'no-time-washed-vintage-cap', '', '/images/41/img_2160.jpeg', True, 1900) ON CONFLICT (id) DO UPDATE SET title = EXCLUDED.title, slug = EXCLUDED.slug, description = EXCLUDED.description, thumbnail = EXCLUDED.thumbnail, active = EXCLUDED.active, base_price = EXCLUDED.base_price;
INSERT INTO product_variants (product_id, sku, size, color, stock_quantity, price_adjustment, active, image) VALUES (41, 'SKU-66459', 'No Time Washed Vintage Cap', NULL, 1, 0, true, NULL) ON CONFLICT (sku) DO UPDATE SET stock_quantity = EXCLUDED.stock_quantity, size = EXCLUDED.size, active = EXCLUDED.active;
INSERT INTO prices (variant_id, amount, currency) SELECT id, 1900, 'Br' FROM product_variants WHERE sku = 'SKU-66459' AND NOT EXISTS (SELECT 1 FROM prices WHERE variant_id = product_variants.id);
INSERT INTO product_images (product_id, url, position) VALUES (41, '/images/41/img_2160.jpeg', 0) ON CONFLICT DO NOTHING;
INSERT INTO products (id, title, slug, description, thumbnail, active, base_price) VALUES (42, 'The Rose Garden Stiletto Heels', 'the-rose-garden-stiletto-heels', '', '/images/42/img_0356.jpeg', True, 5800) ON CONFLICT (id) DO UPDATE SET title = EXCLUDED.title, slug = EXCLUDED.slug, description = EXCLUDED.description, thumbnail = EXCLUDED.thumbnail, active = EXCLUDED.active, base_price = EXCLUDED.base_price;
INSERT INTO product_variants (product_id, sku, size, color, stock_quantity, price_adjustment, active, image) VALUES (42, 'SKU-66768', 'heel 39', NULL, 1, 0, true, NULL) ON CONFLICT (sku) DO UPDATE SET stock_quantity = EXCLUDED.stock_quantity, size = EXCLUDED.size, active = EXCLUDED.active;
INSERT INTO prices (variant_id, amount, currency) SELECT id, 5800, 'Br' FROM product_variants WHERE sku = 'SKU-66768' AND NOT EXISTS (SELECT 1 FROM prices WHERE variant_id = product_variants.id);
INSERT INTO product_images (product_id, url, position) VALUES (42, '/images/42/img_0356.jpeg', 0) ON CONFLICT DO NOTHING;
INSERT INTO products (id, title, slug, description, thumbnail, active, base_price) VALUES (43, 'Coach Mollie Mini Bag - Red', 'coach-mollie-mini-bag-red', '', '/images/43/img_2175.jpeg', True, 4400) ON CONFLICT (id) DO UPDATE SET title = EXCLUDED.title, slug = EXCLUDED.slug, description = EXCLUDED.description, thumbnail = EXCLUDED.thumbnail, active = EXCLUDED.active, base_price = EXCLUDED.base_price;
INSERT INTO product_variants (product_id, sku, size, color, stock_quantity, price_adjustment, active, image) VALUES (43, 'SKU-66460', 'Coach Mollie Mini Bag - Red', NULL, 1, 0, true, NULL) ON CONFLICT (sku) DO UPDATE SET stock_quantity = EXCLUDED.stock_quantity, size = EXCLUDED.size, active = EXCLUDED.active;
INSERT INTO prices (variant_id, amount, currency) SELECT id, 4400, 'Br' FROM product_variants WHERE sku = 'SKU-66460' AND NOT EXISTS (SELECT 1 FROM prices WHERE variant_id = product_variants.id);
INSERT INTO product_images (product_id, url, position) VALUES (43, '/images/43/img_2175.jpeg', 0) ON CONFLICT DO NOTHING;
INSERT INTO products (id, title, slug, description, thumbnail, active, base_price) VALUES (44, 'Coach Mollie Mini Bag - Brown', 'coach-mollie-mini-bag-brown', '', '/images/44/photo_2025-11-05-17.39.56.jpeg', True, 4400) ON CONFLICT (id) DO UPDATE SET title = EXCLUDED.title, slug = EXCLUDED.slug, description = EXCLUDED.description, thumbnail = EXCLUDED.thumbnail, active = EXCLUDED.active, base_price = EXCLUDED.base_price;
INSERT INTO product_variants (product_id, sku, size, color, stock_quantity, price_adjustment, active, image) VALUES (44, 'SKU-66461', 'Coach Mollie Mini Bag - Brown', NULL, 1, 0, true, NULL) ON CONFLICT (sku) DO UPDATE SET stock_quantity = EXCLUDED.stock_quantity, size = EXCLUDED.size, active = EXCLUDED.active;
INSERT INTO prices (variant_id, amount, currency) SELECT id, 4400, 'Br' FROM product_variants WHERE sku = 'SKU-66461' AND NOT EXISTS (SELECT 1 FROM prices WHERE variant_id = product_variants.id);
INSERT INTO product_images (product_id, url, position) VALUES (44, '/images/44/photo_2025-11-05-17.39.56.jpeg', 0) ON CONFLICT DO NOTHING;
INSERT INTO product_images (product_id, url, position) VALUES (44, '/images/44/img_2176.jpeg', 1) ON CONFLICT DO NOTHING;
INSERT INTO product_images (product_id, url, position) VALUES (44, '/images/44/img_2177.jpeg', 2) ON CONFLICT DO NOTHING;
INSERT INTO products (id, title, slug, description, thumbnail, active, base_price) VALUES (45, 'Purple Knitted Cardigan', 'purple-knitted-cardigan', '', '/images/45/img_2404.jpeg', True, 4400) ON CONFLICT (id) DO UPDATE SET title = EXCLUDED.title, slug = EXCLUDED.slug, description = EXCLUDED.description, thumbnail = EXCLUDED.thumbnail, active = EXCLUDED.active, base_price = EXCLUDED.base_price;
INSERT INTO product_variants (product_id, sku, size, color, stock_quantity, price_adjustment, active, image) VALUES (45, 'SKU-66536', 'Purple Knitted Cardigan  FREE', NULL, 1, 0, true, NULL) ON CONFLICT (sku) DO UPDATE SET stock_quantity = EXCLUDED.stock_quantity, size = EXCLUDED.size, active = EXCLUDED.active;
INSERT INTO prices (variant_id, amount, currency) SELECT id, 4400, 'Br' FROM product_variants WHERE sku = 'SKU-66536' AND NOT EXISTS (SELECT 1 FROM prices WHERE variant_id = product_variants.id);
INSERT INTO product_images (product_id, url, position) VALUES (45, '/images/45/img_2404.jpeg', 0) ON CONFLICT DO NOTHING;
INSERT INTO products (id, title, slug, description, thumbnail, active, base_price) VALUES (46, 'LV Mini Milk White Bag', 'lv-mini-milk-white-bag', '', '/images/46/img_2178.jpeg', True, 3900) ON CONFLICT (id) DO UPDATE SET title = EXCLUDED.title, slug = EXCLUDED.slug, description = EXCLUDED.description, thumbnail = EXCLUDED.thumbnail, active = EXCLUDED.active, base_price = EXCLUDED.base_price;
INSERT INTO product_variants (product_id, sku, size, color, stock_quantity, price_adjustment, active, image) VALUES (46, 'SKU-66462', 'LV Mini Milk White Bag', NULL, 1, 0, true, NULL) ON CONFLICT (sku) DO UPDATE SET stock_quantity = EXCLUDED.stock_quantity, size = EXCLUDED.size, active = EXCLUDED.active;
INSERT INTO prices (variant_id, amount, currency) SELECT id, 3900, 'Br' FROM product_variants WHERE sku = 'SKU-66462' AND NOT EXISTS (SELECT 1 FROM prices WHERE variant_id = product_variants.id);
INSERT INTO product_images (product_id, url, position) VALUES (46, '/images/46/img_2178.jpeg', 0) ON CONFLICT DO NOTHING;
INSERT INTO products (id, title, slug, description, thumbnail, active, base_price) VALUES (47, 'test', 'test-4', '', NULL, True, 1000) ON CONFLICT (id) DO UPDATE SET title = EXCLUDED.title, slug = EXCLUDED.slug, description = EXCLUDED.description, thumbnail = EXCLUDED.thumbnail, active = EXCLUDED.active, base_price = EXCLUDED.base_price;
INSERT INTO product_variants (product_id, sku, size, color, stock_quantity, price_adjustment, active, image) VALUES (47, 'SKU-66540', 'test', NULL, 1, 0, true, NULL) ON CONFLICT (sku) DO UPDATE SET stock_quantity = EXCLUDED.stock_quantity, size = EXCLUDED.size, active = EXCLUDED.active;
INSERT INTO prices (variant_id, amount, currency) SELECT id, 1000, 'Br' FROM product_variants WHERE sku = 'SKU-66540' AND NOT EXISTS (SELECT 1 FROM prices WHERE variant_id = product_variants.id);
INSERT INTO products (id, title, slug, description, thumbnail, active, base_price) VALUES (48, 'No Time Trendy Washed Cap', 'no-time-trendy-washed-cap', '', '/images/48/img_2165.jpeg', True, 1900) ON CONFLICT (id) DO UPDATE SET title = EXCLUDED.title, slug = EXCLUDED.slug, description = EXCLUDED.description, thumbnail = EXCLUDED.thumbnail, active = EXCLUDED.active, base_price = EXCLUDED.base_price;
INSERT INTO product_variants (product_id, sku, size, color, stock_quantity, price_adjustment, active, image) VALUES (48, 'SKU-66463', 'No Time Trendy Washed Cap', NULL, 1, 0, true, NULL) ON CONFLICT (sku) DO UPDATE SET stock_quantity = EXCLUDED.stock_quantity, size = EXCLUDED.size, active = EXCLUDED.active;
INSERT INTO prices (variant_id, amount, currency) SELECT id, 1900, 'Br' FROM product_variants WHERE sku = 'SKU-66463' AND NOT EXISTS (SELECT 1 FROM prices WHERE variant_id = product_variants.id);
INSERT INTO product_images (product_id, url, position) VALUES (48, '/images/48/img_2165.jpeg', 0) ON CONFLICT DO NOTHING;
INSERT INTO products (id, title, slug, description, thumbnail, active, base_price) VALUES (49, 'Activewear Romper Jumpsuit - Nude', 'activewear-romper-jumpsuit-nude', '', '/images/49/img_2475.jpeg', True, 4500) ON CONFLICT (id) DO UPDATE SET title = EXCLUDED.title, slug = EXCLUDED.slug, description = EXCLUDED.description, thumbnail = EXCLUDED.thumbnail, active = EXCLUDED.active, base_price = EXCLUDED.base_price;
INSERT INTO product_variants (product_id, sku, size, color, stock_quantity, price_adjustment, active, image) VALUES (49, 'SKU-66538', 'Activewear Romper Jumpsuit XS', NULL, 1, 0, true, NULL) ON CONFLICT (sku) DO UPDATE SET stock_quantity = EXCLUDED.stock_quantity, size = EXCLUDED.size, active = EXCLUDED.active;
INSERT INTO prices (variant_id, amount, currency) SELECT id, 4500, 'Br' FROM product_variants WHERE sku = 'SKU-66538' AND NOT EXISTS (SELECT 1 FROM prices WHERE variant_id = product_variants.id);
INSERT INTO product_variants (product_id, sku, size, color, stock_quantity, price_adjustment, active, image) VALUES (49, 'SKU-66539', 'Activewear Romper Jumpsuit S-M', NULL, 1, 0, true, NULL) ON CONFLICT (sku) DO UPDATE SET stock_quantity = EXCLUDED.stock_quantity, size = EXCLUDED.size, active = EXCLUDED.active;
INSERT INTO prices (variant_id, amount, currency) SELECT id, 4500, 'Br' FROM product_variants WHERE sku = 'SKU-66539' AND NOT EXISTS (SELECT 1 FROM prices WHERE variant_id = product_variants.id);
INSERT INTO product_images (product_id, url, position) VALUES (49, '/images/49/img_2475.jpeg', 0) ON CONFLICT DO NOTHING;
INSERT INTO products (id, title, slug, description, thumbnail, active, base_price) VALUES (50, 'Balenciaga Black Track Sneaker', 'balenciaga-black-track-sneaker', '', '/images/50/img_2307.jpeg', True, 8600) ON CONFLICT (id) DO UPDATE SET title = EXCLUDED.title, slug = EXCLUDED.slug, description = EXCLUDED.description, thumbnail = EXCLUDED.thumbnail, active = EXCLUDED.active, base_price = EXCLUDED.base_price;
INSERT INTO product_variants (product_id, sku, size, color, stock_quantity, price_adjustment, active, image) VALUES (50, 'SKU-66464', 'Balenciaga Black Track Sneaker 36', NULL, 1, 0, true, NULL) ON CONFLICT (sku) DO UPDATE SET stock_quantity = EXCLUDED.stock_quantity, size = EXCLUDED.size, active = EXCLUDED.active;
INSERT INTO prices (variant_id, amount, currency) SELECT id, 8600, 'Br' FROM product_variants WHERE sku = 'SKU-66464' AND NOT EXISTS (SELECT 1 FROM prices WHERE variant_id = product_variants.id);
INSERT INTO product_variants (product_id, sku, size, color, stock_quantity, price_adjustment, active, image) VALUES (50, 'SKU-66465', 'Balenciaga Black Track Sneaker 39', NULL, 1, 0, true, NULL) ON CONFLICT (sku) DO UPDATE SET stock_quantity = EXCLUDED.stock_quantity, size = EXCLUDED.size, active = EXCLUDED.active;
INSERT INTO prices (variant_id, amount, currency) SELECT id, 8600, 'Br' FROM product_variants WHERE sku = 'SKU-66465' AND NOT EXISTS (SELECT 1 FROM prices WHERE variant_id = product_variants.id);
INSERT INTO product_images (product_id, url, position) VALUES (50, '/images/50/img_2307.jpeg', 0) ON CONFLICT DO NOTHING;
INSERT INTO product_images (product_id, url, position) VALUES (50, '/images/50/img_2306.jpeg', 1) ON CONFLICT DO NOTHING;
INSERT INTO product_images (product_id, url, position) VALUES (50, '/images/50/img_2304.jpeg', 2) ON CONFLICT DO NOTHING;
INSERT INTO product_images (product_id, url, position) VALUES (50, '/images/50/img_2305.jpeg', 3) ON CONFLICT DO NOTHING;
INSERT INTO products (id, title, slug, description, thumbnail, active, base_price) VALUES (51, 'Heart Trendy Beige Cap', 'heart-trendy-beige-cap', '', '/images/51/img_2180.jpeg', True, 1900) ON CONFLICT (id) DO UPDATE SET title = EXCLUDED.title, slug = EXCLUDED.slug, description = EXCLUDED.description, thumbnail = EXCLUDED.thumbnail, active = EXCLUDED.active, base_price = EXCLUDED.base_price;
INSERT INTO product_variants (product_id, sku, size, color, stock_quantity, price_adjustment, active, image) VALUES (51, 'SKU-66466', 'Heart Trendy Beige Cap', NULL, 1, 0, true, NULL) ON CONFLICT (sku) DO UPDATE SET stock_quantity = EXCLUDED.stock_quantity, size = EXCLUDED.size, active = EXCLUDED.active;
INSERT INTO prices (variant_id, amount, currency) SELECT id, 1900, 'Br' FROM product_variants WHERE sku = 'SKU-66466' AND NOT EXISTS (SELECT 1 FROM prices WHERE variant_id = product_variants.id);
INSERT INTO product_images (product_id, url, position) VALUES (51, '/images/51/img_2180.jpeg', 0) ON CONFLICT DO NOTHING;
INSERT INTO products (id, title, slug, description, thumbnail, active, base_price) VALUES (52, 'Forever 21 Active Wear Jumpsuit - Creamy White', 'forever-21-active-wear-jumpsuit-creamy-white', '', '/images/52/img_2477.jpeg', True, 5900) ON CONFLICT (id) DO UPDATE SET title = EXCLUDED.title, slug = EXCLUDED.slug, description = EXCLUDED.description, thumbnail = EXCLUDED.thumbnail, active = EXCLUDED.active, base_price = EXCLUDED.base_price;
INSERT INTO product_variants (product_id, sku, size, color, stock_quantity, price_adjustment, active, image) VALUES (52, 'SKU-66541', 'Forever 21 Active Wear Jumpsuit  S-M', NULL, 1, 0, true, NULL) ON CONFLICT (sku) DO UPDATE SET stock_quantity = EXCLUDED.stock_quantity, size = EXCLUDED.size, active = EXCLUDED.active;
INSERT INTO prices (variant_id, amount, currency) SELECT id, 5900, 'Br' FROM product_variants WHERE sku = 'SKU-66541' AND NOT EXISTS (SELECT 1 FROM prices WHERE variant_id = product_variants.id);
INSERT INTO product_images (product_id, url, position) VALUES (52, '/images/52/img_2477.jpeg', 0) ON CONFLICT DO NOTHING;
INSERT INTO products (id, title, slug, description, thumbnail, active, base_price) VALUES (53, 'Cute Bright Pink Slingback Heel', 'cute-bright-pink-slingback-heel', '', '/images/53/img_2182.jpeg', True, 5700) ON CONFLICT (id) DO UPDATE SET title = EXCLUDED.title, slug = EXCLUDED.slug, description = EXCLUDED.description, thumbnail = EXCLUDED.thumbnail, active = EXCLUDED.active, base_price = EXCLUDED.base_price;
INSERT INTO product_variants (product_id, sku, size, color, stock_quantity, price_adjustment, active, image) VALUES (53, 'SKU-66468', 'Cute Bright Pink Slingback Heel 36 ', NULL, 1, 0, true, NULL) ON CONFLICT (sku) DO UPDATE SET stock_quantity = EXCLUDED.stock_quantity, size = EXCLUDED.size, active = EXCLUDED.active;
INSERT INTO prices (variant_id, amount, currency) SELECT id, 5700, 'Br' FROM product_variants WHERE sku = 'SKU-66468' AND NOT EXISTS (SELECT 1 FROM prices WHERE variant_id = product_variants.id);
INSERT INTO product_variants (product_id, sku, size, color, stock_quantity, price_adjustment, active, image) VALUES (53, 'SKU-66467', 'Cute Bright Pink Slingback Heel 35', NULL, 1, 0, true, NULL) ON CONFLICT (sku) DO UPDATE SET stock_quantity = EXCLUDED.stock_quantity, size = EXCLUDED.size, active = EXCLUDED.active;
INSERT INTO prices (variant_id, amount, currency) SELECT id, 5700, 'Br' FROM product_variants WHERE sku = 'SKU-66467' AND NOT EXISTS (SELECT 1 FROM prices WHERE variant_id = product_variants.id);
INSERT INTO product_variants (product_id, sku, size, color, stock_quantity, price_adjustment, active, image) VALUES (53, 'SKU-66469', 'Cute Bright Pink Slingback Heel 37', NULL, 1, 0, true, NULL) ON CONFLICT (sku) DO UPDATE SET stock_quantity = EXCLUDED.stock_quantity, size = EXCLUDED.size, active = EXCLUDED.active;
INSERT INTO prices (variant_id, amount, currency) SELECT id, 5700, 'Br' FROM product_variants WHERE sku = 'SKU-66469' AND NOT EXISTS (SELECT 1 FROM prices WHERE variant_id = product_variants.id);
INSERT INTO product_variants (product_id, sku, size, color, stock_quantity, price_adjustment, active, image) VALUES (53, 'SKU-66470', 'Cute Bright Pink Slingback Heel 38', NULL, 1, 0, true, NULL) ON CONFLICT (sku) DO UPDATE SET stock_quantity = EXCLUDED.stock_quantity, size = EXCLUDED.size, active = EXCLUDED.active;
INSERT INTO prices (variant_id, amount, currency) SELECT id, 5700, 'Br' FROM product_variants WHERE sku = 'SKU-66470' AND NOT EXISTS (SELECT 1 FROM prices WHERE variant_id = product_variants.id);
INSERT INTO product_images (product_id, url, position) VALUES (53, '/images/53/img_2182.jpeg', 0) ON CONFLICT DO NOTHING;
INSERT INTO product_images (product_id, url, position) VALUES (53, '/images/53/img_2181.jpeg', 1) ON CONFLICT DO NOTHING;
INSERT INTO products (id, title, slug, description, thumbnail, active, base_price) VALUES (54, 'New balance Comfy Sneaker  ', 'new-balance-comfy-sneaker', '', '/images/54/img_2314.jpeg', True, 8400) ON CONFLICT (id) DO UPDATE SET title = EXCLUDED.title, slug = EXCLUDED.slug, description = EXCLUDED.description, thumbnail = EXCLUDED.thumbnail, active = EXCLUDED.active, base_price = EXCLUDED.base_price;
INSERT INTO product_variants (product_id, sku, size, color, stock_quantity, price_adjustment, active, image) VALUES (54, 'SKU-66471', 'New balance Comfy Sneaker   36', NULL, 1, 0, true, NULL) ON CONFLICT (sku) DO UPDATE SET stock_quantity = EXCLUDED.stock_quantity, size = EXCLUDED.size, active = EXCLUDED.active;
INSERT INTO prices (variant_id, amount, currency) SELECT id, 8400, 'Br' FROM product_variants WHERE sku = 'SKU-66471' AND NOT EXISTS (SELECT 1 FROM prices WHERE variant_id = product_variants.id);
INSERT INTO product_variants (product_id, sku, size, color, stock_quantity, price_adjustment, active, image) VALUES (54, 'SKU-66472', 'New balance Comfy Sneaker   37', NULL, 1, 0, true, NULL) ON CONFLICT (sku) DO UPDATE SET stock_quantity = EXCLUDED.stock_quantity, size = EXCLUDED.size, active = EXCLUDED.active;
INSERT INTO prices (variant_id, amount, currency) SELECT id, 8400, 'Br' FROM product_variants WHERE sku = 'SKU-66472' AND NOT EXISTS (SELECT 1 FROM prices WHERE variant_id = product_variants.id);
INSERT INTO product_variants (product_id, sku, size, color, stock_quantity, price_adjustment, active, image) VALUES (54, 'SKU-66473', 'New balance Comfy Sneaker   38', NULL, 1, 0, true, NULL) ON CONFLICT (sku) DO UPDATE SET stock_quantity = EXCLUDED.stock_quantity, size = EXCLUDED.size, active = EXCLUDED.active;
INSERT INTO prices (variant_id, amount, currency) SELECT id, 8400, 'Br' FROM product_variants WHERE sku = 'SKU-66473' AND NOT EXISTS (SELECT 1 FROM prices WHERE variant_id = product_variants.id);
INSERT INTO product_images (product_id, url, position) VALUES (54, '/images/54/img_2314.jpeg', 0) ON CONFLICT DO NOTHING;
INSERT INTO product_images (product_id, url, position) VALUES (54, '/images/54/img_2315.jpeg', 1) ON CONFLICT DO NOTHING;
INSERT INTO product_images (product_id, url, position) VALUES (54, '/images/54/img_2316.jpeg', 2) ON CONFLICT DO NOTHING;
INSERT INTO products (id, title, slug, description, thumbnail, active, base_price) VALUES (55, 'test', 'test-1', '', NULL, True, 100) ON CONFLICT (id) DO UPDATE SET title = EXCLUDED.title, slug = EXCLUDED.slug, description = EXCLUDED.description, thumbnail = EXCLUDED.thumbnail, active = EXCLUDED.active, base_price = EXCLUDED.base_price;
INSERT INTO product_variants (product_id, sku, size, color, stock_quantity, price_adjustment, active, image) VALUES (55, 'SKU-66474', 'test', NULL, 1, 0, true, NULL) ON CONFLICT (sku) DO UPDATE SET stock_quantity = EXCLUDED.stock_quantity, size = EXCLUDED.size, active = EXCLUDED.active;
INSERT INTO prices (variant_id, amount, currency) SELECT id, 100, 'Br' FROM product_variants WHERE sku = 'SKU-66474' AND NOT EXISTS (SELECT 1 FROM prices WHERE variant_id = product_variants.id);
INSERT INTO products (id, title, slug, description, thumbnail, active, base_price) VALUES (56, 'jump4', 'jump4', '', '/images/56/img_2481.jpeg', True, 0) ON CONFLICT (id) DO UPDATE SET title = EXCLUDED.title, slug = EXCLUDED.slug, description = EXCLUDED.description, thumbnail = EXCLUDED.thumbnail, active = EXCLUDED.active, base_price = EXCLUDED.base_price;
INSERT INTO product_images (product_id, url, position) VALUES (56, '/images/56/img_2481.jpeg', 0) ON CONFLICT DO NOTHING;
INSERT INTO product_images (product_id, url, position) VALUES (56, '/images/56/img_2480.jpeg', 1) ON CONFLICT DO NOTHING;
INSERT INTO products (id, title, slug, description, thumbnail, active, base_price) VALUES (57, 'Solid Velvet Corset Crop Tops', 'solid-velvet-corset-crop-tops', '', '/images/57/chatgpt-image-oct-11-2025-10_10_17-am__02.png', True, 0) ON CONFLICT (id) DO UPDATE SET title = EXCLUDED.title, slug = EXCLUDED.slug, description = EXCLUDED.description, thumbnail = EXCLUDED.thumbnail, active = EXCLUDED.active, base_price = EXCLUDED.base_price;
INSERT INTO product_variants (product_id, sku, size, color, stock_quantity, price_adjustment, active, image) VALUES (57, 'SKU-66433', '', NULL, 1, 0, true, NULL) ON CONFLICT (sku) DO UPDATE SET stock_quantity = EXCLUDED.stock_quantity, size = EXCLUDED.size, active = EXCLUDED.active;
INSERT INTO prices (variant_id, amount, currency) SELECT id, 0, 'Br' FROM product_variants WHERE sku = 'SKU-66433' AND NOT EXISTS (SELECT 1 FROM prices WHERE variant_id = product_variants.id);
INSERT INTO product_variants (product_id, sku, size, color, stock_quantity, price_adjustment, active, image) VALUES (57, 'SKU-66436', 'Solid Velvet Corset Crop Tops', NULL, 1, 0, true, NULL) ON CONFLICT (sku) DO UPDATE SET stock_quantity = EXCLUDED.stock_quantity, size = EXCLUDED.size, active = EXCLUDED.active;
INSERT INTO prices (variant_id, amount, currency) SELECT id, 0, 'Br' FROM product_variants WHERE sku = 'SKU-66436' AND NOT EXISTS (SELECT 1 FROM prices WHERE variant_id = product_variants.id);
INSERT INTO product_variants (product_id, sku, size, color, stock_quantity, price_adjustment, active, image) VALUES (57, 'SKU-66437', 'Solid Velvet Corset Crop Tops 36/80', NULL, 1, 0, true, NULL) ON CONFLICT (sku) DO UPDATE SET stock_quantity = EXCLUDED.stock_quantity, size = EXCLUDED.size, active = EXCLUDED.active;
INSERT INTO prices (variant_id, amount, currency) SELECT id, 2800, 'Br' FROM product_variants WHERE sku = 'SKU-66437' AND NOT EXISTS (SELECT 1 FROM prices WHERE variant_id = product_variants.id);
INSERT INTO product_images (product_id, url, position) VALUES (57, '/images/57/chatgpt-image-oct-11-2025-10_10_17-am__02.png', 0) ON CONFLICT DO NOTHING;
INSERT INTO products (id, title, slug, description, thumbnail, active, base_price) VALUES (58, 'Forever 21 Active Wear High Quality Jumpsuit', 'forever-21-active-wear-high-quality-jumpsuit-2', '', '/images/58/img_2484.jpeg', True, 5900) ON CONFLICT (id) DO UPDATE SET title = EXCLUDED.title, slug = EXCLUDED.slug, description = EXCLUDED.description, thumbnail = EXCLUDED.thumbnail, active = EXCLUDED.active, base_price = EXCLUDED.base_price;
INSERT INTO product_variants (product_id, sku, size, color, stock_quantity, price_adjustment, active, image) VALUES (58, 'SKU-66545', 'orever 21 Active Wear High Quality Jumpsuit S', NULL, 1, 0, true, NULL) ON CONFLICT (sku) DO UPDATE SET stock_quantity = EXCLUDED.stock_quantity, size = EXCLUDED.size, active = EXCLUDED.active;
INSERT INTO prices (variant_id, amount, currency) SELECT id, 5900, 'Br' FROM product_variants WHERE sku = 'SKU-66545' AND NOT EXISTS (SELECT 1 FROM prices WHERE variant_id = product_variants.id);
INSERT INTO product_variants (product_id, sku, size, color, stock_quantity, price_adjustment, active, image) VALUES (58, 'SKU-66546', 'Forever 21 Active Wear High Quality Jumpsuit M', NULL, 1, 0, true, NULL) ON CONFLICT (sku) DO UPDATE SET stock_quantity = EXCLUDED.stock_quantity, size = EXCLUDED.size, active = EXCLUDED.active;
INSERT INTO prices (variant_id, amount, currency) SELECT id, 5900, 'Br' FROM product_variants WHERE sku = 'SKU-66546' AND NOT EXISTS (SELECT 1 FROM prices WHERE variant_id = product_variants.id);
INSERT INTO product_images (product_id, url, position) VALUES (58, '/images/58/img_2484.jpeg', 0) ON CONFLICT DO NOTHING;
INSERT INTO products (id, title, slug, description, thumbnail, active, base_price) VALUES (59, 'High Quality Knit Cardigan ', 'high-quality-knit-cardigan', '', '/images/59/photo_2025-11-03-18.40.38.jpeg', True, 4400) ON CONFLICT (id) DO UPDATE SET title = EXCLUDED.title, slug = EXCLUDED.slug, description = EXCLUDED.description, thumbnail = EXCLUDED.thumbnail, active = EXCLUDED.active, base_price = EXCLUDED.base_price;
INSERT INTO product_variants (product_id, sku, size, color, stock_quantity, price_adjustment, active, image) VALUES (59, 'SKU-66480', 'High Quality Knit Cardigan ', NULL, 1, 0, true, NULL) ON CONFLICT (sku) DO UPDATE SET stock_quantity = EXCLUDED.stock_quantity, size = EXCLUDED.size, active = EXCLUDED.active;
INSERT INTO prices (variant_id, amount, currency) SELECT id, 4400, 'Br' FROM product_variants WHERE sku = 'SKU-66480' AND NOT EXISTS (SELECT 1 FROM prices WHERE variant_id = product_variants.id);
INSERT INTO product_images (product_id, url, position) VALUES (59, '/images/59/photo_2025-11-03-18.40.38.jpeg', 0) ON CONFLICT DO NOTHING;
INSERT INTO product_images (product_id, url, position) VALUES (59, '/images/59/img_2324.jpeg', 1) ON CONFLICT DO NOTHING;
INSERT INTO product_images (product_id, url, position) VALUES (59, '/images/59/img_2325.jpeg', 2) ON CONFLICT DO NOTHING;
INSERT INTO products (id, title, slug, description, thumbnail, active, base_price) VALUES (60, 'Forever 21 Active Wear High Quality Jumpsuit - Black', 'forever-21-active-wear-high-quality-jumpsuit-black-1', '', '/images/60/img_2482.jpeg', True, 5900) ON CONFLICT (id) DO UPDATE SET title = EXCLUDED.title, slug = EXCLUDED.slug, description = EXCLUDED.description, thumbnail = EXCLUDED.thumbnail, active = EXCLUDED.active, base_price = EXCLUDED.base_price;
INSERT INTO product_variants (product_id, sku, size, color, stock_quantity, price_adjustment, active, image) VALUES (60, 'SKU-66544', 'Forever 21 Active Wear High Quality Jumpsuit - M', NULL, 1, 0, true, NULL) ON CONFLICT (sku) DO UPDATE SET stock_quantity = EXCLUDED.stock_quantity, size = EXCLUDED.size, active = EXCLUDED.active;
INSERT INTO prices (variant_id, amount, currency) SELECT id, 5900, 'Br' FROM product_variants WHERE sku = 'SKU-66544' AND NOT EXISTS (SELECT 1 FROM prices WHERE variant_id = product_variants.id);
INSERT INTO product_images (product_id, url, position) VALUES (60, '/images/60/img_2482.jpeg', 0) ON CONFLICT DO NOTHING;
INSERT INTO product_images (product_id, url, position) VALUES (60, '/images/60/img_2483.jpeg', 1) ON CONFLICT DO NOTHING;
INSERT INTO products (id, title, slug, description, thumbnail, active, base_price) VALUES (61, 'Forever 21 Active Wear High Quality Jumpsuit', 'forever-21-active-wear-high-quality-jumpsuit-1', '', '/images/61/img_2487.jpeg', True, 5400) ON CONFLICT (id) DO UPDATE SET title = EXCLUDED.title, slug = EXCLUDED.slug, description = EXCLUDED.description, thumbnail = EXCLUDED.thumbnail, active = EXCLUDED.active, base_price = EXCLUDED.base_price;
INSERT INTO product_variants (product_id, sku, size, color, stock_quantity, price_adjustment, active, image) VALUES (61, 'SKU-66549', 'Forever 21 Active Wear High Quality Jumpsuit S', NULL, 1, 0, true, NULL) ON CONFLICT (sku) DO UPDATE SET stock_quantity = EXCLUDED.stock_quantity, size = EXCLUDED.size, active = EXCLUDED.active;
INSERT INTO prices (variant_id, amount, currency) SELECT id, 5400, 'Br' FROM product_variants WHERE sku = 'SKU-66549' AND NOT EXISTS (SELECT 1 FROM prices WHERE variant_id = product_variants.id);
INSERT INTO product_images (product_id, url, position) VALUES (61, '/images/61/img_2487.jpeg', 0) ON CONFLICT DO NOTHING;
INSERT INTO product_images (product_id, url, position) VALUES (61, '/images/61/img_2486.jpeg', 1) ON CONFLICT DO NOTHING;
INSERT INTO products (id, title, slug, description, thumbnail, active, base_price) VALUES (62, 'jump4', 'jump4-3', '', '/images/62/img_2481.jpeg', True, 0) ON CONFLICT (id) DO UPDATE SET title = EXCLUDED.title, slug = EXCLUDED.slug, description = EXCLUDED.description, thumbnail = EXCLUDED.thumbnail, active = EXCLUDED.active, base_price = EXCLUDED.base_price;
INSERT INTO product_images (product_id, url, position) VALUES (62, '/images/62/img_2481.jpeg', 0) ON CONFLICT DO NOTHING;
INSERT INTO product_images (product_id, url, position) VALUES (62, '/images/62/img_2480.jpeg', 1) ON CONFLICT DO NOTHING;
INSERT INTO products (id, title, slug, description, thumbnail, active, base_price) VALUES (63, 'Wide Leg Pearl Detail Jeans', 'wide-leg-pearl-detail-jeans', '', '/images/63/img_2492.jpeg', True, 5400) ON CONFLICT (id) DO UPDATE SET title = EXCLUDED.title, slug = EXCLUDED.slug, description = EXCLUDED.description, thumbnail = EXCLUDED.thumbnail, active = EXCLUDED.active, base_price = EXCLUDED.base_price;
INSERT INTO product_variants (product_id, sku, size, color, stock_quantity, price_adjustment, active, image) VALUES (63, 'SKU-66553', 'Wide Leg Pearl Detail Jeans S', NULL, 1, 0, true, NULL) ON CONFLICT (sku) DO UPDATE SET stock_quantity = EXCLUDED.stock_quantity, size = EXCLUDED.size, active = EXCLUDED.active;
INSERT INTO prices (variant_id, amount, currency) SELECT id, 5400, 'Br' FROM product_variants WHERE sku = 'SKU-66553' AND NOT EXISTS (SELECT 1 FROM prices WHERE variant_id = product_variants.id);
INSERT INTO product_images (product_id, url, position) VALUES (63, '/images/63/img_2492.jpeg', 0) ON CONFLICT DO NOTHING;
INSERT INTO products (id, title, slug, description, thumbnail, active, base_price) VALUES (64, 'Hermes Midi Bag - Blue ', 'hermes-midi-bag-blue', '', '/images/64/img_2526.jpeg', True, 6800) ON CONFLICT (id) DO UPDATE SET title = EXCLUDED.title, slug = EXCLUDED.slug, description = EXCLUDED.description, thumbnail = EXCLUDED.thumbnail, active = EXCLUDED.active, base_price = EXCLUDED.base_price;
INSERT INTO product_variants (product_id, sku, size, color, stock_quantity, price_adjustment, active, image) VALUES (64, 'SKU-66554', 'Hermes Midi Bag - Blue ', NULL, 1, 0, true, NULL) ON CONFLICT (sku) DO UPDATE SET stock_quantity = EXCLUDED.stock_quantity, size = EXCLUDED.size, active = EXCLUDED.active;
INSERT INTO prices (variant_id, amount, currency) SELECT id, 6800, 'Br' FROM product_variants WHERE sku = 'SKU-66554' AND NOT EXISTS (SELECT 1 FROM prices WHERE variant_id = product_variants.id);
INSERT INTO product_images (product_id, url, position) VALUES (64, '/images/64/img_2526.jpeg', 0) ON CONFLICT DO NOTHING;
INSERT INTO products (id, title, slug, description, thumbnail, active, base_price) VALUES (65, 'test', 'test-2', '', NULL, True, 1000) ON CONFLICT (id) DO UPDATE SET title = EXCLUDED.title, slug = EXCLUDED.slug, description = EXCLUDED.description, thumbnail = EXCLUDED.thumbnail, active = EXCLUDED.active, base_price = EXCLUDED.base_price;
INSERT INTO product_variants (product_id, sku, size, color, stock_quantity, price_adjustment, active, image) VALUES (65, 'SKU-66493', 'test', NULL, 1, 0, true, NULL) ON CONFLICT (sku) DO UPDATE SET stock_quantity = EXCLUDED.stock_quantity, size = EXCLUDED.size, active = EXCLUDED.active;
INSERT INTO prices (variant_id, amount, currency) SELECT id, 1000, 'Br' FROM product_variants WHERE sku = 'SKU-66493' AND NOT EXISTS (SELECT 1 FROM prices WHERE variant_id = product_variants.id);
INSERT INTO products (id, title, slug, description, thumbnail, active, base_price) VALUES (66, 'test', 'test-3', '', NULL, True, 100) ON CONFLICT (id) DO UPDATE SET title = EXCLUDED.title, slug = EXCLUDED.slug, description = EXCLUDED.description, thumbnail = EXCLUDED.thumbnail, active = EXCLUDED.active, base_price = EXCLUDED.base_price;
INSERT INTO product_variants (product_id, sku, size, color, stock_quantity, price_adjustment, active, image) VALUES (66, 'SKU-66497', 'test', NULL, 1, 0, true, NULL) ON CONFLICT (sku) DO UPDATE SET stock_quantity = EXCLUDED.stock_quantity, size = EXCLUDED.size, active = EXCLUDED.active;
INSERT INTO prices (variant_id, amount, currency) SELECT id, 100, 'Br' FROM product_variants WHERE sku = 'SKU-66497' AND NOT EXISTS (SELECT 1 FROM prices WHERE variant_id = product_variants.id);
INSERT INTO products (id, title, slug, description, thumbnail, active, base_price) VALUES (67, 'LV Pink Bag', 'lv-pink-bag-2', '', '/images/67/img_2361.jpeg', True, 0) ON CONFLICT (id) DO UPDATE SET title = EXCLUDED.title, slug = EXCLUDED.slug, description = EXCLUDED.description, thumbnail = EXCLUDED.thumbnail, active = EXCLUDED.active, base_price = EXCLUDED.base_price;
INSERT INTO product_images (product_id, url, position) VALUES (67, '/images/67/img_2361.jpeg', 0) ON CONFLICT DO NOTHING;
INSERT INTO product_images (product_id, url, position) VALUES (67, '/images/67/img_2360.jpeg', 1) ON CONFLICT DO NOTHING;
INSERT INTO products (id, title, slug, description, thumbnail, active, base_price) VALUES (68, 'LV Pink Bag', 'lv-pink-bag-3', '', '/images/68/img_2361.jpeg', True, 5400) ON CONFLICT (id) DO UPDATE SET title = EXCLUDED.title, slug = EXCLUDED.slug, description = EXCLUDED.description, thumbnail = EXCLUDED.thumbnail, active = EXCLUDED.active, base_price = EXCLUDED.base_price;
INSERT INTO product_variants (product_id, sku, size, color, stock_quantity, price_adjustment, active, image) VALUES (68, 'SKU-66498', 'LV Pink Bag', NULL, 1, 0, true, NULL) ON CONFLICT (sku) DO UPDATE SET stock_quantity = EXCLUDED.stock_quantity, size = EXCLUDED.size, active = EXCLUDED.active;
INSERT INTO prices (variant_id, amount, currency) SELECT id, 5400, 'Br' FROM product_variants WHERE sku = 'SKU-66498' AND NOT EXISTS (SELECT 1 FROM prices WHERE variant_id = product_variants.id);
INSERT INTO product_images (product_id, url, position) VALUES (68, '/images/68/img_2361.jpeg', 0) ON CONFLICT DO NOTHING;
INSERT INTO product_images (product_id, url, position) VALUES (68, '/images/68/img_2360.jpeg', 1) ON CONFLICT DO NOTHING;
INSERT INTO products (id, title, slug, description, thumbnail, active, base_price) VALUES (69, 'Ysl Brown bag (copy)', 'ysl-brown-bag-1-copy', '', '/images/69/img_2364.jpeg', True, 5400) ON CONFLICT (id) DO UPDATE SET title = EXCLUDED.title, slug = EXCLUDED.slug, description = EXCLUDED.description, thumbnail = EXCLUDED.thumbnail, active = EXCLUDED.active, base_price = EXCLUDED.base_price;
INSERT INTO product_variants (product_id, sku, size, color, stock_quantity, price_adjustment, active, image) VALUES (69, '-copy', 'Ysl Brown bag', NULL, 1, 0, true, NULL) ON CONFLICT (sku) DO UPDATE SET stock_quantity = EXCLUDED.stock_quantity, size = EXCLUDED.size, active = EXCLUDED.active;
INSERT INTO prices (variant_id, amount, currency) SELECT id, 5400, 'Br' FROM product_variants WHERE sku = '-copy' AND NOT EXISTS (SELECT 1 FROM prices WHERE variant_id = product_variants.id);
INSERT INTO product_images (product_id, url, position) VALUES (69, '/images/69/img_2364.jpeg', 0) ON CONFLICT DO NOTHING;
INSERT INTO product_images (product_id, url, position) VALUES (69, '/images/69/img_2366.jpeg', 1) ON CONFLICT DO NOTHING;
INSERT INTO products (id, title, slug, description, thumbnail, active, base_price) VALUES (70, 'Doberman Face Stone Washed Loose Tee', 'doberman-face-stone-washed-loose-tee', '', '/images/70/photo_2025-11-03-18.28.04.jpeg', True, 3200) ON CONFLICT (id) DO UPDATE SET title = EXCLUDED.title, slug = EXCLUDED.slug, description = EXCLUDED.description, thumbnail = EXCLUDED.thumbnail, active = EXCLUDED.active, base_price = EXCLUDED.base_price;
INSERT INTO product_variants (product_id, sku, size, color, stock_quantity, price_adjustment, active, image) VALUES (70, 'SKU-66512', 'tee2 M', NULL, 1, 0, true, NULL) ON CONFLICT (sku) DO UPDATE SET stock_quantity = EXCLUDED.stock_quantity, size = EXCLUDED.size, active = EXCLUDED.active;
INSERT INTO prices (variant_id, amount, currency) SELECT id, 3200, 'Br' FROM product_variants WHERE sku = 'SKU-66512' AND NOT EXISTS (SELECT 1 FROM prices WHERE variant_id = product_variants.id);
INSERT INTO product_variants (product_id, sku, size, color, stock_quantity, price_adjustment, active, image) VALUES (70, 'SKU-66513', 'tee2 L', NULL, 1, 0, true, NULL) ON CONFLICT (sku) DO UPDATE SET stock_quantity = EXCLUDED.stock_quantity, size = EXCLUDED.size, active = EXCLUDED.active;
INSERT INTO prices (variant_id, amount, currency) SELECT id, 3200, 'Br' FROM product_variants WHERE sku = 'SKU-66513' AND NOT EXISTS (SELECT 1 FROM prices WHERE variant_id = product_variants.id);
INSERT INTO product_variants (product_id, sku, size, color, stock_quantity, price_adjustment, active, image) VALUES (70, 'SKU-66514', 'tee2 XL', NULL, 1, 0, true, NULL) ON CONFLICT (sku) DO UPDATE SET stock_quantity = EXCLUDED.stock_quantity, size = EXCLUDED.size, active = EXCLUDED.active;
INSERT INTO prices (variant_id, amount, currency) SELECT id, 3200, 'Br' FROM product_variants WHERE sku = 'SKU-66514' AND NOT EXISTS (SELECT 1 FROM prices WHERE variant_id = product_variants.id);
INSERT INTO product_images (product_id, url, position) VALUES (70, '/images/70/photo_2025-11-03-18.28.04.jpeg', 0) ON CONFLICT DO NOTHING;
INSERT INTO product_images (product_id, url, position) VALUES (70, '/images/70/img_2389.jpeg', 1) ON CONFLICT DO NOTHING;
INSERT INTO products (id, title, slug, description, thumbnail, active, base_price) VALUES (71, 'Zara Mini Wax Bag', 'zara-mini-wax-bag', '', '/images/71/img_2377.jpeg', True, 4500) ON CONFLICT (id) DO UPDATE SET title = EXCLUDED.title, slug = EXCLUDED.slug, description = EXCLUDED.description, thumbnail = EXCLUDED.thumbnail, active = EXCLUDED.active, base_price = EXCLUDED.base_price;
INSERT INTO product_variants (product_id, sku, size, color, stock_quantity, price_adjustment, active, image) VALUES (71, 'SKU-66504', 'Zara Mini Wax Bag', NULL, 1, 0, true, NULL) ON CONFLICT (sku) DO UPDATE SET stock_quantity = EXCLUDED.stock_quantity, size = EXCLUDED.size, active = EXCLUDED.active;
INSERT INTO prices (variant_id, amount, currency) SELECT id, 4500, 'Br' FROM product_variants WHERE sku = 'SKU-66504' AND NOT EXISTS (SELECT 1 FROM prices WHERE variant_id = product_variants.id);
INSERT INTO product_images (product_id, url, position) VALUES (71, '/images/71/img_2377.jpeg', 0) ON CONFLICT DO NOTHING;
INSERT INTO product_images (product_id, url, position) VALUES (71, '/images/71/img_2378.jpeg', 1) ON CONFLICT DO NOTHING;
INSERT INTO product_images (product_id, url, position) VALUES (71, '/images/71/img_2379.jpeg', 2) ON CONFLICT DO NOTHING;
INSERT INTO products (id, title, slug, description, thumbnail, active, base_price) VALUES (72, 'Brown Strip Knit Polo Tee ', 'brown-strip-knit-polo-tee', '', '/images/72/img_2367.jpeg', True, 3500) ON CONFLICT (id) DO UPDATE SET title = EXCLUDED.title, slug = EXCLUDED.slug, description = EXCLUDED.description, thumbnail = EXCLUDED.thumbnail, active = EXCLUDED.active, base_price = EXCLUDED.base_price;
INSERT INTO product_variants (product_id, sku, size, color, stock_quantity, price_adjustment, active, image) VALUES (72, 'SKU-66506', 'Brown Strip Knit Polo Tee FREE', NULL, 1, 0, true, NULL) ON CONFLICT (sku) DO UPDATE SET stock_quantity = EXCLUDED.stock_quantity, size = EXCLUDED.size, active = EXCLUDED.active;
INSERT INTO prices (variant_id, amount, currency) SELECT id, 3500, 'Br' FROM product_variants WHERE sku = 'SKU-66506' AND NOT EXISTS (SELECT 1 FROM prices WHERE variant_id = product_variants.id);
INSERT INTO product_images (product_id, url, position) VALUES (72, '/images/72/img_2367.jpeg', 0) ON CONFLICT DO NOTHING;
INSERT INTO product_images (product_id, url, position) VALUES (72, '/images/72/img_2368.jpeg', 1) ON CONFLICT DO NOTHING;
INSERT INTO products (id, title, slug, description, thumbnail, active, base_price) VALUES (73, 'Midnight Velvet Bodice Top', 'midnight-velvet-bodice-top', '', '/images/73/photo_2025-11-03-19.10.02.jpeg', True, 2800) ON CONFLICT (id) DO UPDATE SET title = EXCLUDED.title, slug = EXCLUDED.slug, description = EXCLUDED.description, thumbnail = EXCLUDED.thumbnail, active = EXCLUDED.active, base_price = EXCLUDED.base_price;
INSERT INTO product_variants (product_id, sku, size, color, stock_quantity, price_adjustment, active, image) VALUES (73, 'SKU-66778', 'crop top 42/95', NULL, 1, 0, true, NULL) ON CONFLICT (sku) DO UPDATE SET stock_quantity = EXCLUDED.stock_quantity, size = EXCLUDED.size, active = EXCLUDED.active;
INSERT INTO prices (variant_id, amount, currency) SELECT id, 2800, 'Br' FROM product_variants WHERE sku = 'SKU-66778' AND NOT EXISTS (SELECT 1 FROM prices WHERE variant_id = product_variants.id);
INSERT INTO product_images (product_id, url, position) VALUES (73, '/images/73/photo_2025-11-03-19.10.02.jpeg', 0) ON CONFLICT DO NOTHING;
INSERT INTO products (id, title, slug, description, thumbnail, active, base_price) VALUES (74, 'YSL Mini Bag - Red', 'ysl-mini-bag-red', '', '/images/74/img_1187__03.jpeg', True, 4800) ON CONFLICT (id) DO UPDATE SET title = EXCLUDED.title, slug = EXCLUDED.slug, description = EXCLUDED.description, thumbnail = EXCLUDED.thumbnail, active = EXCLUDED.active, base_price = EXCLUDED.base_price;
INSERT INTO product_variants (product_id, sku, size, color, stock_quantity, price_adjustment, active, image) VALUES (74, 'SKU-66674', 'YSL Mini Bag - Red', NULL, 1, 0, true, NULL) ON CONFLICT (sku) DO UPDATE SET stock_quantity = EXCLUDED.stock_quantity, size = EXCLUDED.size, active = EXCLUDED.active;
INSERT INTO prices (variant_id, amount, currency) SELECT id, 4800, 'Br' FROM product_variants WHERE sku = 'SKU-66674' AND NOT EXISTS (SELECT 1 FROM prices WHERE variant_id = product_variants.id);
INSERT INTO product_images (product_id, url, position) VALUES (74, '/images/74/img_1187__03.jpeg', 0) ON CONFLICT DO NOTHING;
INSERT INTO products (id, title, slug, description, thumbnail, active, base_price) VALUES (75, 'Ribbed Seamless Biker Romper - Pink', 'ribbed-seamless-biker-romper-pink', '', '/images/75/img_0218.jpeg', True, 4900) ON CONFLICT (id) DO UPDATE SET title = EXCLUDED.title, slug = EXCLUDED.slug, description = EXCLUDED.description, thumbnail = EXCLUDED.thumbnail, active = EXCLUDED.active, base_price = EXCLUDED.base_price;
INSERT INTO product_variants (product_id, sku, size, color, stock_quantity, price_adjustment, active, image) VALUES (75, 'SKU-66733', 'romp2 M-L', NULL, 1, 0, true, NULL) ON CONFLICT (sku) DO UPDATE SET stock_quantity = EXCLUDED.stock_quantity, size = EXCLUDED.size, active = EXCLUDED.active;
INSERT INTO prices (variant_id, amount, currency) SELECT id, 4900, 'Br' FROM product_variants WHERE sku = 'SKU-66733' AND NOT EXISTS (SELECT 1 FROM prices WHERE variant_id = product_variants.id);
INSERT INTO product_images (product_id, url, position) VALUES (75, '/images/75/img_0218.jpeg', 0) ON CONFLICT DO NOTHING;
INSERT INTO products (id, title, slug, description, thumbnail, active, base_price) VALUES (76, 'Ribbed Seamless Biker Romper - Purple', 'ribbed-seamless-biker-romper-purple', '', '/images/76/img_0692.jpeg', True, 4900) ON CONFLICT (id) DO UPDATE SET title = EXCLUDED.title, slug = EXCLUDED.slug, description = EXCLUDED.description, thumbnail = EXCLUDED.thumbnail, active = EXCLUDED.active, base_price = EXCLUDED.base_price;
INSERT INTO product_variants (product_id, sku, size, color, stock_quantity, price_adjustment, active, image) VALUES (76, 'SKU-66788', 'romp M', NULL, 1, 0, true, NULL) ON CONFLICT (sku) DO UPDATE SET stock_quantity = EXCLUDED.stock_quantity, size = EXCLUDED.size, active = EXCLUDED.active;
INSERT INTO prices (variant_id, amount, currency) SELECT id, 4900, 'Br' FROM product_variants WHERE sku = 'SKU-66788' AND NOT EXISTS (SELECT 1 FROM prices WHERE variant_id = product_variants.id);
INSERT INTO product_images (product_id, url, position) VALUES (76, '/images/76/img_0692.jpeg', 0) ON CONFLICT DO NOTHING;
INSERT INTO products (id, title, slug, description, thumbnail, active, base_price) VALUES (77, 'YSL High Quality Mini Bag', 'ysl-high-quality-mini-bag', '', '/images/77/img_1062.jpeg', True, 5600) ON CONFLICT (id) DO UPDATE SET title = EXCLUDED.title, slug = EXCLUDED.slug, description = EXCLUDED.description, thumbnail = EXCLUDED.thumbnail, active = EXCLUDED.active, base_price = EXCLUDED.base_price;
INSERT INTO product_variants (product_id, sku, size, color, stock_quantity, price_adjustment, active, image) VALUES (77, 'SKU-66815', 'YSL High Quality MIni Bag', NULL, 1, 0, true, NULL) ON CONFLICT (sku) DO UPDATE SET stock_quantity = EXCLUDED.stock_quantity, size = EXCLUDED.size, active = EXCLUDED.active;
INSERT INTO prices (variant_id, amount, currency) SELECT id, 5600, 'Br' FROM product_variants WHERE sku = 'SKU-66815' AND NOT EXISTS (SELECT 1 FROM prices WHERE variant_id = product_variants.id);
INSERT INTO product_images (product_id, url, position) VALUES (77, '/images/77/img_1062.jpeg', 0) ON CONFLICT DO NOTHING;
INSERT INTO product_images (product_id, url, position) VALUES (77, '/images/77/img_1061.jpeg', 1) ON CONFLICT DO NOTHING;
INSERT INTO product_images (product_id, url, position) VALUES (77, '/images/77/img_1060.jpeg', 2) ON CONFLICT DO NOTHING;
INSERT INTO product_images (product_id, url, position) VALUES (77, '/images/77/img_1059.jpeg', 3) ON CONFLICT DO NOTHING;
INSERT INTO product_images (product_id, url, position) VALUES (77, '/images/77/img_1058.jpeg', 4) ON CONFLICT DO NOTHING;
INSERT INTO products (id, title, slug, description, thumbnail, active, base_price) VALUES (78, 'YSL Midi Bag - Pink', 'ysl-midi-bag-pink', '', '/images/78/img_1116.jpeg', True, 4400) ON CONFLICT (id) DO UPDATE SET title = EXCLUDED.title, slug = EXCLUDED.slug, description = EXCLUDED.description, thumbnail = EXCLUDED.thumbnail, active = EXCLUDED.active, base_price = EXCLUDED.base_price;
INSERT INTO product_variants (product_id, sku, size, color, stock_quantity, price_adjustment, active, image) VALUES (78, 'SKU-66836', 'YSL Midi Bag - Pink', NULL, 1, 0, true, NULL) ON CONFLICT (sku) DO UPDATE SET stock_quantity = EXCLUDED.stock_quantity, size = EXCLUDED.size, active = EXCLUDED.active;
INSERT INTO prices (variant_id, amount, currency) SELECT id, 4400, 'Br' FROM product_variants WHERE sku = 'SKU-66836' AND NOT EXISTS (SELECT 1 FROM prices WHERE variant_id = product_variants.id);
INSERT INTO product_images (product_id, url, position) VALUES (78, '/images/78/img_1116.jpeg', 0) ON CONFLICT DO NOTHING;
INSERT INTO product_images (product_id, url, position) VALUES (78, '/images/78/img_1117.jpeg', 1) ON CONFLICT DO NOTHING;
INSERT INTO product_images (product_id, url, position) VALUES (78, '/images/78/img_1118.jpeg', 2) ON CONFLICT DO NOTHING;
INSERT INTO products (id, title, slug, description, thumbnail, active, base_price) VALUES (79, 'Original Disney Orange Carton Print Kids Shoes', 'original-disney-orange-carton-print-kids-shoes', '', '/images/79/img_2847.jpeg', True, 5400) ON CONFLICT (id) DO UPDATE SET title = EXCLUDED.title, slug = EXCLUDED.slug, description = EXCLUDED.description, thumbnail = EXCLUDED.thumbnail, active = EXCLUDED.active, base_price = EXCLUDED.base_price;
INSERT INTO product_variants (product_id, sku, size, color, stock_quantity, price_adjustment, active, image) VALUES (79, 'SKU-66641', 'disney sho10 33', NULL, 1, 0, true, NULL) ON CONFLICT (sku) DO UPDATE SET stock_quantity = EXCLUDED.stock_quantity, size = EXCLUDED.size, active = EXCLUDED.active;
INSERT INTO prices (variant_id, amount, currency) SELECT id, 5400, 'Br' FROM product_variants WHERE sku = 'SKU-66641' AND NOT EXISTS (SELECT 1 FROM prices WHERE variant_id = product_variants.id);
INSERT INTO product_images (product_id, url, position) VALUES (79, '/images/79/img_2847.jpeg', 0) ON CONFLICT DO NOTHING;
INSERT INTO product_images (product_id, url, position) VALUES (79, '/images/79/img_2848.jpeg', 1) ON CONFLICT DO NOTHING;
INSERT INTO product_images (product_id, url, position) VALUES (79, '/images/79/img_2849.jpeg', 2) ON CONFLICT DO NOTHING;
INSERT INTO product_images (product_id, url, position) VALUES (79, '/images/79/img_2850.jpeg', 3) ON CONFLICT DO NOTHING;
INSERT INTO products (id, title, slug, description, thumbnail, active, base_price) VALUES (80, 'Elegant Spaghetti Strap Maxi Dress', 'elegant-spaghetti-strap-maxi-dress', '', '/images/80/img_9544-1.jpeg', True, 3900) ON CONFLICT (id) DO UPDATE SET title = EXCLUDED.title, slug = EXCLUDED.slug, description = EXCLUDED.description, thumbnail = EXCLUDED.thumbnail, active = EXCLUDED.active, base_price = EXCLUDED.base_price;
INSERT INTO product_variants (product_id, sku, size, color, stock_quantity, price_adjustment, active, image) VALUES (80, 'SKU-67093', 'dress S', NULL, 1, 0, true, NULL) ON CONFLICT (sku) DO UPDATE SET stock_quantity = EXCLUDED.stock_quantity, size = EXCLUDED.size, active = EXCLUDED.active;
INSERT INTO prices (variant_id, amount, currency) SELECT id, 3900, 'Br' FROM product_variants WHERE sku = 'SKU-67093' AND NOT EXISTS (SELECT 1 FROM prices WHERE variant_id = product_variants.id);
INSERT INTO product_variants (product_id, sku, size, color, stock_quantity, price_adjustment, active, image) VALUES (80, 'SKU-67094', 'dress L', NULL, 1, 0, true, NULL) ON CONFLICT (sku) DO UPDATE SET stock_quantity = EXCLUDED.stock_quantity, size = EXCLUDED.size, active = EXCLUDED.active;
INSERT INTO prices (variant_id, amount, currency) SELECT id, 3900, 'Br' FROM product_variants WHERE sku = 'SKU-67094' AND NOT EXISTS (SELECT 1 FROM prices WHERE variant_id = product_variants.id);
INSERT INTO product_variants (product_id, sku, size, color, stock_quantity, price_adjustment, active, image) VALUES (80, 'SKU-67095', 'dress XL', NULL, 1, 0, true, NULL) ON CONFLICT (sku) DO UPDATE SET stock_quantity = EXCLUDED.stock_quantity, size = EXCLUDED.size, active = EXCLUDED.active;
INSERT INTO prices (variant_id, amount, currency) SELECT id, 3900, 'Br' FROM product_variants WHERE sku = 'SKU-67095' AND NOT EXISTS (SELECT 1 FROM prices WHERE variant_id = product_variants.id);
INSERT INTO product_images (product_id, url, position) VALUES (80, '/images/80/img_9544-1.jpeg', 0) ON CONFLICT DO NOTHING;
INSERT INTO product_images (product_id, url, position) VALUES (80, '/images/80/img_9545-1.jpeg', 1) ON CONFLICT DO NOTHING;
INSERT INTO products (id, title, slug, description, thumbnail, active, base_price) VALUES (81, 'romp5Ribbed Seamless Biker Romper - Briown', 'romp5ribbed-seamless-biker-romper-briown', '', '/images/81/img_0799.jpeg', True, 4900) ON CONFLICT (id) DO UPDATE SET title = EXCLUDED.title, slug = EXCLUDED.slug, description = EXCLUDED.description, thumbnail = EXCLUDED.thumbnail, active = EXCLUDED.active, base_price = EXCLUDED.base_price;
INSERT INTO product_variants (product_id, sku, size, color, stock_quantity, price_adjustment, active, image) VALUES (81, 'SKU-66796', 'romp5 M', NULL, 1, 0, true, NULL) ON CONFLICT (sku) DO UPDATE SET stock_quantity = EXCLUDED.stock_quantity, size = EXCLUDED.size, active = EXCLUDED.active;
INSERT INTO prices (variant_id, amount, currency) SELECT id, 4900, 'Br' FROM product_variants WHERE sku = 'SKU-66796' AND NOT EXISTS (SELECT 1 FROM prices WHERE variant_id = product_variants.id);
INSERT INTO product_variants (product_id, sku, size, color, stock_quantity, price_adjustment, active, image) VALUES (81, 'SKU-66797', 'romp5 L', NULL, 1, 0, true, NULL) ON CONFLICT (sku) DO UPDATE SET stock_quantity = EXCLUDED.stock_quantity, size = EXCLUDED.size, active = EXCLUDED.active;
INSERT INTO prices (variant_id, amount, currency) SELECT id, 4900, 'Br' FROM product_variants WHERE sku = 'SKU-66797' AND NOT EXISTS (SELECT 1 FROM prices WHERE variant_id = product_variants.id);
INSERT INTO product_images (product_id, url, position) VALUES (81, '/images/81/img_0799.jpeg', 0) ON CONFLICT DO NOTHING;
INSERT INTO products (id, title, slug, description, thumbnail, active, base_price) VALUES (82, 'Chanel Paris Denim Top Handle Bag', 'chanel-paris-denim-top-handle-bag', '', '/images/82/img_1186.jpeg', True, 4800) ON CONFLICT (id) DO UPDATE SET title = EXCLUDED.title, slug = EXCLUDED.slug, description = EXCLUDED.description, thumbnail = EXCLUDED.thumbnail, active = EXCLUDED.active, base_price = EXCLUDED.base_price;
INSERT INTO product_variants (product_id, sku, size, color, stock_quantity, price_adjustment, active, image) VALUES (82, 'SKU-66846', 'bag', NULL, 1, 0, true, NULL) ON CONFLICT (sku) DO UPDATE SET stock_quantity = EXCLUDED.stock_quantity, size = EXCLUDED.size, active = EXCLUDED.active;
INSERT INTO prices (variant_id, amount, currency) SELECT id, 4800, 'Br' FROM product_variants WHERE sku = 'SKU-66846' AND NOT EXISTS (SELECT 1 FROM prices WHERE variant_id = product_variants.id);
INSERT INTO product_images (product_id, url, position) VALUES (82, '/images/82/img_1186.jpeg', 0) ON CONFLICT DO NOTHING;
INSERT INTO products (id, title, slug, description, thumbnail, active, base_price) VALUES (83, 'Casual Cotton Cap with Simple Stitch Design Hat', 'casual-cotton-cap-with-simple-stitch-design-hat', '', '/images/83/img_1171.jpeg', True, 1900) ON CONFLICT (id) DO UPDATE SET title = EXCLUDED.title, slug = EXCLUDED.slug, description = EXCLUDED.description, thumbnail = EXCLUDED.thumbnail, active = EXCLUDED.active, base_price = EXCLUDED.base_price;
INSERT INTO product_variants (product_id, sku, size, color, stock_quantity, price_adjustment, active, image) VALUES (83, '-copy-66842', 'cap', NULL, 1, 0, true, NULL) ON CONFLICT (sku) DO UPDATE SET stock_quantity = EXCLUDED.stock_quantity, size = EXCLUDED.size, active = EXCLUDED.active;
INSERT INTO prices (variant_id, amount, currency) SELECT id, 1900, 'Br' FROM product_variants WHERE sku = '-copy-66842' AND NOT EXISTS (SELECT 1 FROM prices WHERE variant_id = product_variants.id);
INSERT INTO product_images (product_id, url, position) VALUES (83, '/images/83/img_1171.jpeg', 0) ON CONFLICT DO NOTHING;
INSERT INTO products (id, title, slug, description, thumbnail, active, base_price) VALUES (84, 'Zara Crossbody Bag - Brown', 'zara-crossbody-bag-brown', '', '/images/84/img_2535.jpeg', True, 5400) ON CONFLICT (id) DO UPDATE SET title = EXCLUDED.title, slug = EXCLUDED.slug, description = EXCLUDED.description, thumbnail = EXCLUDED.thumbnail, active = EXCLUDED.active, base_price = EXCLUDED.base_price;
INSERT INTO product_variants (product_id, sku, size, color, stock_quantity, price_adjustment, active, image) VALUES (84, 'SKU-66559', 'Zara Crossbody Bag', NULL, 1, 0, true, NULL) ON CONFLICT (sku) DO UPDATE SET stock_quantity = EXCLUDED.stock_quantity, size = EXCLUDED.size, active = EXCLUDED.active;
INSERT INTO prices (variant_id, amount, currency) SELECT id, 5400, 'Br' FROM product_variants WHERE sku = 'SKU-66559' AND NOT EXISTS (SELECT 1 FROM prices WHERE variant_id = product_variants.id);
INSERT INTO product_images (product_id, url, position) VALUES (84, '/images/84/img_2535.jpeg', 0) ON CONFLICT DO NOTHING;
INSERT INTO product_images (product_id, url, position) VALUES (84, '/images/84/img_2537.jpeg', 1) ON CONFLICT DO NOTHING;
INSERT INTO product_images (product_id, url, position) VALUES (84, '/images/84/img_2536.jpeg', 2) ON CONFLICT DO NOTHING;
INSERT INTO products (id, title, slug, description, thumbnail, active, base_price) VALUES (85, 'Loewe Tank Top - Black', 'loewe-tank-top-black', '', '/images/85/img_9965.jpeg', True, 2200) ON CONFLICT (id) DO UPDATE SET title = EXCLUDED.title, slug = EXCLUDED.slug, description = EXCLUDED.description, thumbnail = EXCLUDED.thumbnail, active = EXCLUDED.active, base_price = EXCLUDED.base_price;
INSERT INTO product_variants (product_id, sku, size, color, stock_quantity, price_adjustment, active, image) VALUES (85, 'SKU-67196', 'top S', NULL, 1, 0, true, NULL) ON CONFLICT (sku) DO UPDATE SET stock_quantity = EXCLUDED.stock_quantity, size = EXCLUDED.size, active = EXCLUDED.active;
INSERT INTO prices (variant_id, amount, currency) SELECT id, 2200, 'Br' FROM product_variants WHERE sku = 'SKU-67196' AND NOT EXISTS (SELECT 1 FROM prices WHERE variant_id = product_variants.id);
INSERT INTO product_variants (product_id, sku, size, color, stock_quantity, price_adjustment, active, image) VALUES (85, 'SKU-67197', 'top M', NULL, 1, 0, true, NULL) ON CONFLICT (sku) DO UPDATE SET stock_quantity = EXCLUDED.stock_quantity, size = EXCLUDED.size, active = EXCLUDED.active;
INSERT INTO prices (variant_id, amount, currency) SELECT id, 2200, 'Br' FROM product_variants WHERE sku = 'SKU-67197' AND NOT EXISTS (SELECT 1 FROM prices WHERE variant_id = product_variants.id);
INSERT INTO product_variants (product_id, sku, size, color, stock_quantity, price_adjustment, active, image) VALUES (85, 'SKU-67198', 'top L', NULL, 1, 0, true, NULL) ON CONFLICT (sku) DO UPDATE SET stock_quantity = EXCLUDED.stock_quantity, size = EXCLUDED.size, active = EXCLUDED.active;
INSERT INTO prices (variant_id, amount, currency) SELECT id, 2200, 'Br' FROM product_variants WHERE sku = 'SKU-67198' AND NOT EXISTS (SELECT 1 FROM prices WHERE variant_id = product_variants.id);
INSERT INTO product_variants (product_id, sku, size, color, stock_quantity, price_adjustment, active, image) VALUES (85, 'SKU-67199', 'top XL', NULL, 1, 0, true, NULL) ON CONFLICT (sku) DO UPDATE SET stock_quantity = EXCLUDED.stock_quantity, size = EXCLUDED.size, active = EXCLUDED.active;
INSERT INTO prices (variant_id, amount, currency) SELECT id, 2200, 'Br' FROM product_variants WHERE sku = 'SKU-67199' AND NOT EXISTS (SELECT 1 FROM prices WHERE variant_id = product_variants.id);
INSERT INTO product_images (product_id, url, position) VALUES (85, '/images/85/img_9965.jpeg', 0) ON CONFLICT DO NOTHING;
INSERT INTO products (id, title, slug, description, thumbnail, active, base_price) VALUES (86, 'Sheer Floral Underwire Lingerie Top', 'sheer-floral-underwire-lingerie-top', '', '/images/86/img_1134.jpeg', True, 2800) ON CONFLICT (id) DO UPDATE SET title = EXCLUDED.title, slug = EXCLUDED.slug, description = EXCLUDED.description, thumbnail = EXCLUDED.thumbnail, active = EXCLUDED.active, base_price = EXCLUDED.base_price;
INSERT INTO product_variants (product_id, sku, size, color, stock_quantity, price_adjustment, active, image) VALUES (86, 'SKU-66838', 'crop top 34/75', NULL, 1, 0, true, NULL) ON CONFLICT (sku) DO UPDATE SET stock_quantity = EXCLUDED.stock_quantity, size = EXCLUDED.size, active = EXCLUDED.active;
INSERT INTO prices (variant_id, amount, currency) SELECT id, 2800, 'Br' FROM product_variants WHERE sku = 'SKU-66838' AND NOT EXISTS (SELECT 1 FROM prices WHERE variant_id = product_variants.id);
INSERT INTO product_images (product_id, url, position) VALUES (86, '/images/86/img_1134.jpeg', 0) ON CONFLICT DO NOTHING;
INSERT INTO product_images (product_id, url, position) VALUES (86, '/images/86/img_1132.jpeg', 1) ON CONFLICT DO NOTHING;
INSERT INTO product_images (product_id, url, position) VALUES (86, '/images/86/img_1133.jpeg', 2) ON CONFLICT DO NOTHING;
INSERT INTO products (id, title, slug, description, thumbnail, active, base_price) VALUES (87, 'Zara Crossbody Bag - white', 'zara-crossbody-bag-white', '', '/images/87/img_2539.jpeg', True, 5400) ON CONFLICT (id) DO UPDATE SET title = EXCLUDED.title, slug = EXCLUDED.slug, description = EXCLUDED.description, thumbnail = EXCLUDED.thumbnail, active = EXCLUDED.active, base_price = EXCLUDED.base_price;
INSERT INTO product_variants (product_id, sku, size, color, stock_quantity, price_adjustment, active, image) VALUES (87, '-copy-copy', 'Zara Crossbody Bag', NULL, 1, 0, true, NULL) ON CONFLICT (sku) DO UPDATE SET stock_quantity = EXCLUDED.stock_quantity, size = EXCLUDED.size, active = EXCLUDED.active;
INSERT INTO prices (variant_id, amount, currency) SELECT id, 5400, 'Br' FROM product_variants WHERE sku = '-copy-copy' AND NOT EXISTS (SELECT 1 FROM prices WHERE variant_id = product_variants.id);
INSERT INTO product_images (product_id, url, position) VALUES (87, '/images/87/img_2539.jpeg', 0) ON CONFLICT DO NOTHING;
INSERT INTO products (id, title, slug, description, thumbnail, active, base_price) VALUES (88, 'Black Corset Crop Top', 'black-corset-crop-top', '', '/images/88/img_0342.jpeg', True, 2800) ON CONFLICT (id) DO UPDATE SET title = EXCLUDED.title, slug = EXCLUDED.slug, description = EXCLUDED.description, thumbnail = EXCLUDED.thumbnail, active = EXCLUDED.active, base_price = EXCLUDED.base_price;
INSERT INTO product_variants (product_id, sku, size, color, stock_quantity, price_adjustment, active, image) VALUES (88, 'SKU-66757', 'crop top 40/90', NULL, 1, 0, true, NULL) ON CONFLICT (sku) DO UPDATE SET stock_quantity = EXCLUDED.stock_quantity, size = EXCLUDED.size, active = EXCLUDED.active;
INSERT INTO prices (variant_id, amount, currency) SELECT id, 2800, 'Br' FROM product_variants WHERE sku = 'SKU-66757' AND NOT EXISTS (SELECT 1 FROM prices WHERE variant_id = product_variants.id);
INSERT INTO product_images (product_id, url, position) VALUES (88, '/images/88/img_0342.jpeg', 0) ON CONFLICT DO NOTHING;
INSERT INTO product_images (product_id, url, position) VALUES (88, '/images/88/img_0343.jpeg', 1) ON CONFLICT DO NOTHING;
INSERT INTO products (id, title, slug, description, thumbnail, active, base_price) VALUES (89, 'Metallic Silver High-Waist Wide-Leg Jeans', 'metallic-silver-high-waist-wide-leg-jeans', '', '/images/89/img_1044.jpeg', True, 5400) ON CONFLICT (id) DO UPDATE SET title = EXCLUDED.title, slug = EXCLUDED.slug, description = EXCLUDED.description, thumbnail = EXCLUDED.thumbnail, active = EXCLUDED.active, base_price = EXCLUDED.base_price;
INSERT INTO product_variants (product_id, sku, size, color, stock_quantity, price_adjustment, active, image) VALUES (89, 'SKU-66809', 'jeans M', NULL, 1, 0, true, NULL) ON CONFLICT (sku) DO UPDATE SET stock_quantity = EXCLUDED.stock_quantity, size = EXCLUDED.size, active = EXCLUDED.active;
INSERT INTO prices (variant_id, amount, currency) SELECT id, 5400, 'Br' FROM product_variants WHERE sku = 'SKU-66809' AND NOT EXISTS (SELECT 1 FROM prices WHERE variant_id = product_variants.id);
INSERT INTO product_variants (product_id, sku, size, color, stock_quantity, price_adjustment, active, image) VALUES (89, 'SKU-66810', 'jeans L', NULL, 1, 0, true, NULL) ON CONFLICT (sku) DO UPDATE SET stock_quantity = EXCLUDED.stock_quantity, size = EXCLUDED.size, active = EXCLUDED.active;
INSERT INTO prices (variant_id, amount, currency) SELECT id, 5400, 'Br' FROM product_variants WHERE sku = 'SKU-66810' AND NOT EXISTS (SELECT 1 FROM prices WHERE variant_id = product_variants.id);
INSERT INTO product_images (product_id, url, position) VALUES (89, '/images/89/img_1044.jpeg', 0) ON CONFLICT DO NOTHING;
INSERT INTO products (id, title, slug, description, thumbnail, active, base_price) VALUES (90, 'Coach Monogram Handbag with Lip Print Design', 'coach-monogram-handbag-with-lip-print-design', '', '/images/90/img_1055.jpeg', True, 4200) ON CONFLICT (id) DO UPDATE SET title = EXCLUDED.title, slug = EXCLUDED.slug, description = EXCLUDED.description, thumbnail = EXCLUDED.thumbnail, active = EXCLUDED.active, base_price = EXCLUDED.base_price;
INSERT INTO product_variants (product_id, sku, size, color, stock_quantity, price_adjustment, active, image) VALUES (90, 'SKU-66817', 'bag', NULL, 1, 0, true, NULL) ON CONFLICT (sku) DO UPDATE SET stock_quantity = EXCLUDED.stock_quantity, size = EXCLUDED.size, active = EXCLUDED.active;
INSERT INTO prices (variant_id, amount, currency) SELECT id, 4200, 'Br' FROM product_variants WHERE sku = 'SKU-66817' AND NOT EXISTS (SELECT 1 FROM prices WHERE variant_id = product_variants.id);
INSERT INTO product_images (product_id, url, position) VALUES (90, '/images/90/img_1055.jpeg', 0) ON CONFLICT DO NOTHING;
INSERT INTO products (id, title, slug, description, thumbnail, active, base_price) VALUES (91, 'Coach Signature Brown Structured Tote Bag - Brown', 'coach-signature-brown-structured-tote-bag-brown', '', '/images/91/img_1094.jpeg', True, 5400) ON CONFLICT (id) DO UPDATE SET title = EXCLUDED.title, slug = EXCLUDED.slug, description = EXCLUDED.description, thumbnail = EXCLUDED.thumbnail, active = EXCLUDED.active, base_price = EXCLUDED.base_price;
INSERT INTO product_variants (product_id, sku, size, color, stock_quantity, price_adjustment, active, image) VALUES (91, 'SKU-66826', 'bag', NULL, 1, 0, true, NULL) ON CONFLICT (sku) DO UPDATE SET stock_quantity = EXCLUDED.stock_quantity, size = EXCLUDED.size, active = EXCLUDED.active;
INSERT INTO prices (variant_id, amount, currency) SELECT id, 5400, 'Br' FROM product_variants WHERE sku = 'SKU-66826' AND NOT EXISTS (SELECT 1 FROM prices WHERE variant_id = product_variants.id);
INSERT INTO product_images (product_id, url, position) VALUES (91, '/images/91/img_1094.jpeg', 0) ON CONFLICT DO NOTHING;
INSERT INTO products (id, title, slug, description, thumbnail, active, base_price) VALUES (92, 'Star Pint Stone Washed Loose Tee', 'star-pint-stone-washed-loose-tee', '', '/images/92/photo_2025-11-03-18.31.21.jpeg', True, 3200) ON CONFLICT (id) DO UPDATE SET title = EXCLUDED.title, slug = EXCLUDED.slug, description = EXCLUDED.description, thumbnail = EXCLUDED.thumbnail, active = EXCLUDED.active, base_price = EXCLUDED.base_price;
INSERT INTO product_variants (product_id, sku, size, color, stock_quantity, price_adjustment, active, image) VALUES (92, 'SKU-66527', 'tee7 M', NULL, 1, 0, true, NULL) ON CONFLICT (sku) DO UPDATE SET stock_quantity = EXCLUDED.stock_quantity, size = EXCLUDED.size, active = EXCLUDED.active;
INSERT INTO prices (variant_id, amount, currency) SELECT id, 3200, 'Br' FROM product_variants WHERE sku = 'SKU-66527' AND NOT EXISTS (SELECT 1 FROM prices WHERE variant_id = product_variants.id);
INSERT INTO product_variants (product_id, sku, size, color, stock_quantity, price_adjustment, active, image) VALUES (92, 'SKU-66528', 'tee7 L', NULL, 1, 0, true, NULL) ON CONFLICT (sku) DO UPDATE SET stock_quantity = EXCLUDED.stock_quantity, size = EXCLUDED.size, active = EXCLUDED.active;
INSERT INTO prices (variant_id, amount, currency) SELECT id, 3200, 'Br' FROM product_variants WHERE sku = 'SKU-66528' AND NOT EXISTS (SELECT 1 FROM prices WHERE variant_id = product_variants.id);
INSERT INTO product_variants (product_id, sku, size, color, stock_quantity, price_adjustment, active, image) VALUES (92, 'SKU-66529', 'tee7 XL', NULL, 1, 0, true, NULL) ON CONFLICT (sku) DO UPDATE SET stock_quantity = EXCLUDED.stock_quantity, size = EXCLUDED.size, active = EXCLUDED.active;
INSERT INTO prices (variant_id, amount, currency) SELECT id, 3200, 'Br' FROM product_variants WHERE sku = 'SKU-66529' AND NOT EXISTS (SELECT 1 FROM prices WHERE variant_id = product_variants.id);
INSERT INTO product_images (product_id, url, position) VALUES (92, '/images/92/photo_2025-11-03-18.31.21.jpeg', 0) ON CONFLICT DO NOTHING;
INSERT INTO product_images (product_id, url, position) VALUES (92, '/images/92/img_2401.jpeg', 1) ON CONFLICT DO NOTHING;
INSERT INTO products (id, title, slug, description, thumbnail, active, base_price) VALUES (93, 'YSL Caramel Patent Leather Chain Shoulder Bag', 'ysl-caramel-patent-leather-chain-shoulder-bag', '', '/images/93/img_1065.jpeg', True, 5400) ON CONFLICT (id) DO UPDATE SET title = EXCLUDED.title, slug = EXCLUDED.slug, description = EXCLUDED.description, thumbnail = EXCLUDED.thumbnail, active = EXCLUDED.active, base_price = EXCLUDED.base_price;
INSERT INTO product_variants (product_id, sku, size, color, stock_quantity, price_adjustment, active, image) VALUES (93, 'SKU-66819', 'bag', NULL, 1, 0, true, NULL) ON CONFLICT (sku) DO UPDATE SET stock_quantity = EXCLUDED.stock_quantity, size = EXCLUDED.size, active = EXCLUDED.active;
INSERT INTO prices (variant_id, amount, currency) SELECT id, 5400, 'Br' FROM product_variants WHERE sku = 'SKU-66819' AND NOT EXISTS (SELECT 1 FROM prices WHERE variant_id = product_variants.id);
INSERT INTO product_images (product_id, url, position) VALUES (93, '/images/93/img_1065.jpeg', 0) ON CONFLICT DO NOTHING;
INSERT INTO products (id, title, slug, description, thumbnail, active, base_price) VALUES (94, 'Zara Gold Buckle Black Flat Shoes', 'zara-gold-buckle-black-flat-shoes', '', '/images/94/img_2547-1.jpeg', True, 4800) ON CONFLICT (id) DO UPDATE SET title = EXCLUDED.title, slug = EXCLUDED.slug, description = EXCLUDED.description, thumbnail = EXCLUDED.thumbnail, active = EXCLUDED.active, base_price = EXCLUDED.base_price;
INSERT INTO product_variants (product_id, sku, size, color, stock_quantity, price_adjustment, active, image) VALUES (94, 'SKU-66562', 'Zara Gold Buckle Black Flat Shoes 36', NULL, 1, 0, true, NULL) ON CONFLICT (sku) DO UPDATE SET stock_quantity = EXCLUDED.stock_quantity, size = EXCLUDED.size, active = EXCLUDED.active;
INSERT INTO prices (variant_id, amount, currency) SELECT id, 4800, 'Br' FROM product_variants WHERE sku = 'SKU-66562' AND NOT EXISTS (SELECT 1 FROM prices WHERE variant_id = product_variants.id);
INSERT INTO product_images (product_id, url, position) VALUES (94, '/images/94/img_2547-1.jpeg', 0) ON CONFLICT DO NOTHING;
INSERT INTO products (id, title, slug, description, thumbnail, active, base_price) VALUES (95, 'Disney Original Bluy & Bingo Kids Shoe', 'disney-original-bluy-bingo-kids-shoe', '', '/images/95/img_2823.png', True, 5400) ON CONFLICT (id) DO UPDATE SET title = EXCLUDED.title, slug = EXCLUDED.slug, description = EXCLUDED.description, thumbnail = EXCLUDED.thumbnail, active = EXCLUDED.active, base_price = EXCLUDED.base_price;
INSERT INTO product_variants (product_id, sku, size, color, stock_quantity, price_adjustment, active, image) VALUES (95, 'SKU-66645', 'bluey 25', NULL, 1, 0, true, NULL) ON CONFLICT (sku) DO UPDATE SET stock_quantity = EXCLUDED.stock_quantity, size = EXCLUDED.size, active = EXCLUDED.active;
INSERT INTO prices (variant_id, amount, currency) SELECT id, 5400, 'Br' FROM product_variants WHERE sku = 'SKU-66645' AND NOT EXISTS (SELECT 1 FROM prices WHERE variant_id = product_variants.id);
INSERT INTO product_variants (product_id, sku, size, color, stock_quantity, price_adjustment, active, image) VALUES (95, 'SKU-66646', 'bluey 26', NULL, 1, 0, true, NULL) ON CONFLICT (sku) DO UPDATE SET stock_quantity = EXCLUDED.stock_quantity, size = EXCLUDED.size, active = EXCLUDED.active;
INSERT INTO prices (variant_id, amount, currency) SELECT id, 5400, 'Br' FROM product_variants WHERE sku = 'SKU-66646' AND NOT EXISTS (SELECT 1 FROM prices WHERE variant_id = product_variants.id);
INSERT INTO product_variants (product_id, sku, size, color, stock_quantity, price_adjustment, active, image) VALUES (95, 'SKU-66647', 'bluey 27', NULL, 1, 0, true, NULL) ON CONFLICT (sku) DO UPDATE SET stock_quantity = EXCLUDED.stock_quantity, size = EXCLUDED.size, active = EXCLUDED.active;
INSERT INTO prices (variant_id, amount, currency) SELECT id, 5400, 'Br' FROM product_variants WHERE sku = 'SKU-66647' AND NOT EXISTS (SELECT 1 FROM prices WHERE variant_id = product_variants.id);
INSERT INTO product_variants (product_id, sku, size, color, stock_quantity, price_adjustment, active, image) VALUES (95, 'SKU-66648', 'bluey 28', NULL, 1, 0, true, NULL) ON CONFLICT (sku) DO UPDATE SET stock_quantity = EXCLUDED.stock_quantity, size = EXCLUDED.size, active = EXCLUDED.active;
INSERT INTO prices (variant_id, amount, currency) SELECT id, 5400, 'Br' FROM product_variants WHERE sku = 'SKU-66648' AND NOT EXISTS (SELECT 1 FROM prices WHERE variant_id = product_variants.id);
INSERT INTO product_variants (product_id, sku, size, color, stock_quantity, price_adjustment, active, image) VALUES (95, 'SKU-66649', 'bluey 32', NULL, 1, 0, true, NULL) ON CONFLICT (sku) DO UPDATE SET stock_quantity = EXCLUDED.stock_quantity, size = EXCLUDED.size, active = EXCLUDED.active;
INSERT INTO prices (variant_id, amount, currency) SELECT id, 5400, 'Br' FROM product_variants WHERE sku = 'SKU-66649' AND NOT EXISTS (SELECT 1 FROM prices WHERE variant_id = product_variants.id);
INSERT INTO product_images (product_id, url, position) VALUES (95, '/images/95/img_2823.png', 0) ON CONFLICT DO NOTHING;
INSERT INTO product_images (product_id, url, position) VALUES (95, '/images/95/img_2824-1.jpeg', 1) ON CONFLICT DO NOTHING;
INSERT INTO product_images (product_id, url, position) VALUES (95, '/images/95/img_2824.jpeg', 2) ON CONFLICT DO NOTHING;
INSERT INTO product_images (product_id, url, position) VALUES (95, '/images/95/img_2827.jpeg', 3) ON CONFLICT DO NOTHING;
INSERT INTO products (id, title, slug, description, thumbnail, active, base_price) VALUES (96, 'Forever 21 Active Wear High Quality Jumpsuit - Blue', 'forever-21-active-wear-high-quality-jumpsuit-blue-1', '', '/images/96/img_1300.jpeg', True, 5900) ON CONFLICT (id) DO UPDATE SET title = EXCLUDED.title, slug = EXCLUDED.slug, description = EXCLUDED.description, thumbnail = EXCLUDED.thumbnail, active = EXCLUDED.active, base_price = EXCLUDED.base_price;
INSERT INTO product_variants (product_id, sku, size, color, stock_quantity, price_adjustment, active, image) VALUES (96, 'SKU-66850', 'jumpsuit L', NULL, 1, 0, true, NULL) ON CONFLICT (sku) DO UPDATE SET stock_quantity = EXCLUDED.stock_quantity, size = EXCLUDED.size, active = EXCLUDED.active;
INSERT INTO prices (variant_id, amount, currency) SELECT id, 5900, 'Br' FROM product_variants WHERE sku = 'SKU-66850' AND NOT EXISTS (SELECT 1 FROM prices WHERE variant_id = product_variants.id);
INSERT INTO product_images (product_id, url, position) VALUES (96, '/images/96/img_1300.jpeg', 0) ON CONFLICT DO NOTHING;
INSERT INTO product_images (product_id, url, position) VALUES (96, '/images/96/img_1301.jpeg', 1) ON CONFLICT DO NOTHING;
INSERT INTO product_images (product_id, url, position) VALUES (96, '/images/96/img_1302.jpeg', 2) ON CONFLICT DO NOTHING;
INSERT INTO products (id, title, slug, description, thumbnail, active, base_price) VALUES (97, 'Rust Long Sleeve Ribbed Romper', 'rust-long-sleeve-ribbed-romper', '', '/images/97/img_1416-1.jpeg', True, 4800) ON CONFLICT (id) DO UPDATE SET title = EXCLUDED.title, slug = EXCLUDED.slug, description = EXCLUDED.description, thumbnail = EXCLUDED.thumbnail, active = EXCLUDED.active, base_price = EXCLUDED.base_price;
INSERT INTO product_variants (product_id, sku, size, color, stock_quantity, price_adjustment, active, image) VALUES (97, 'SKU-66854', 'romp M', NULL, 1, 0, true, NULL) ON CONFLICT (sku) DO UPDATE SET stock_quantity = EXCLUDED.stock_quantity, size = EXCLUDED.size, active = EXCLUDED.active;
INSERT INTO prices (variant_id, amount, currency) SELECT id, 4800, 'Br' FROM product_variants WHERE sku = 'SKU-66854' AND NOT EXISTS (SELECT 1 FROM prices WHERE variant_id = product_variants.id);
INSERT INTO product_variants (product_id, sku, size, color, stock_quantity, price_adjustment, active, image) VALUES (97, 'SKU-66855', 'romp L', NULL, 1, 0, true, NULL) ON CONFLICT (sku) DO UPDATE SET stock_quantity = EXCLUDED.stock_quantity, size = EXCLUDED.size, active = EXCLUDED.active;
INSERT INTO prices (variant_id, amount, currency) SELECT id, 4800, 'Br' FROM product_variants WHERE sku = 'SKU-66855' AND NOT EXISTS (SELECT 1 FROM prices WHERE variant_id = product_variants.id);
INSERT INTO product_images (product_id, url, position) VALUES (97, '/images/97/img_1416-1.jpeg', 0) ON CONFLICT DO NOTHING;
INSERT INTO product_images (product_id, url, position) VALUES (97, '/images/97/img_1415-1.jpeg', 1) ON CONFLICT DO NOTHING;
INSERT INTO products (id, title, slug, description, thumbnail, active, base_price) VALUES (98, 'Gray Ribbed Knit Collared Sweater', 'gray-ribbed-knit-collared-sweater', '', '/images/98/photo_2025-11-03-19.29.04.jpeg', True, 3500) ON CONFLICT (id) DO UPDATE SET title = EXCLUDED.title, slug = EXCLUDED.slug, description = EXCLUDED.description, thumbnail = EXCLUDED.thumbnail, active = EXCLUDED.active, base_price = EXCLUDED.base_price;
INSERT INTO product_variants (product_id, sku, size, color, stock_quantity, price_adjustment, active, image) VALUES (98, 'SKU-66861', 'top FREE', NULL, 1, 0, true, NULL) ON CONFLICT (sku) DO UPDATE SET stock_quantity = EXCLUDED.stock_quantity, size = EXCLUDED.size, active = EXCLUDED.active;
INSERT INTO prices (variant_id, amount, currency) SELECT id, 3500, 'Br' FROM product_variants WHERE sku = 'SKU-66861' AND NOT EXISTS (SELECT 1 FROM prices WHERE variant_id = product_variants.id);
INSERT INTO product_images (product_id, url, position) VALUES (98, '/images/98/photo_2025-11-03-19.29.04.jpeg', 0) ON CONFLICT DO NOTHING;
INSERT INTO product_images (product_id, url, position) VALUES (98, '/images/98/img_1429.jpeg', 1) ON CONFLICT DO NOTHING;
INSERT INTO products (id, title, slug, description, thumbnail, active, base_price) VALUES (99, 'Lace Crop Top - Yellow', 'lace-crop-top-yellow', '', '/images/99/img_0030.jpeg', True, 2900) ON CONFLICT (id) DO UPDATE SET title = EXCLUDED.title, slug = EXCLUDED.slug, description = EXCLUDED.description, thumbnail = EXCLUDED.thumbnail, active = EXCLUDED.active, base_price = EXCLUDED.base_price;
INSERT INTO product_variants (product_id, sku, size, color, stock_quantity, price_adjustment, active, image) VALUES (99, 'SKU-66693', 'ttoop M', NULL, 1, 0, true, NULL) ON CONFLICT (sku) DO UPDATE SET stock_quantity = EXCLUDED.stock_quantity, size = EXCLUDED.size, active = EXCLUDED.active;
INSERT INTO prices (variant_id, amount, currency) SELECT id, 2900, 'Br' FROM product_variants WHERE sku = 'SKU-66693' AND NOT EXISTS (SELECT 1 FROM prices WHERE variant_id = product_variants.id);
INSERT INTO product_images (product_id, url, position) VALUES (99, '/images/99/img_0030.jpeg', 0) ON CONFLICT DO NOTHING;
INSERT INTO product_images (product_id, url, position) VALUES (99, '/images/99/img_0028.jpeg', 1) ON CONFLICT DO NOTHING;
INSERT INTO product_images (product_id, url, position) VALUES (99, '/images/99/img_0029.jpeg', 2) ON CONFLICT DO NOTHING;
INSERT INTO products (id, title, slug, description, thumbnail, active, base_price) VALUES (100, 'Pink BowTie Print Stone Washed Loose Tee', 'pink-bowtie-print-stone-washed-loose-tee', '', '/images/100/photo_2025-11-03-21.27.59.jpeg', True, 3200) ON CONFLICT (id) DO UPDATE SET title = EXCLUDED.title, slug = EXCLUDED.slug, description = EXCLUDED.description, thumbnail = EXCLUDED.thumbnail, active = EXCLUDED.active, base_price = EXCLUDED.base_price;
INSERT INTO product_variants (product_id, sku, size, color, stock_quantity, price_adjustment, active, image) VALUES (100, 'SKU-66508', 'tee 1 M', NULL, 1, 0, true, NULL) ON CONFLICT (sku) DO UPDATE SET stock_quantity = EXCLUDED.stock_quantity, size = EXCLUDED.size, active = EXCLUDED.active;
INSERT INTO prices (variant_id, amount, currency) SELECT id, 3200, 'Br' FROM product_variants WHERE sku = 'SKU-66508' AND NOT EXISTS (SELECT 1 FROM prices WHERE variant_id = product_variants.id);
INSERT INTO product_variants (product_id, sku, size, color, stock_quantity, price_adjustment, active, image) VALUES (100, 'SKU-66509', 'tee 1 L', NULL, 1, 0, true, NULL) ON CONFLICT (sku) DO UPDATE SET stock_quantity = EXCLUDED.stock_quantity, size = EXCLUDED.size, active = EXCLUDED.active;
INSERT INTO prices (variant_id, amount, currency) SELECT id, 3200, 'Br' FROM product_variants WHERE sku = 'SKU-66509' AND NOT EXISTS (SELECT 1 FROM prices WHERE variant_id = product_variants.id);
INSERT INTO product_variants (product_id, sku, size, color, stock_quantity, price_adjustment, active, image) VALUES (100, 'SKU-66510', 'tee 1 XL', NULL, 1, 0, true, NULL) ON CONFLICT (sku) DO UPDATE SET stock_quantity = EXCLUDED.stock_quantity, size = EXCLUDED.size, active = EXCLUDED.active;
INSERT INTO prices (variant_id, amount, currency) SELECT id, 3200, 'Br' FROM product_variants WHERE sku = 'SKU-66510' AND NOT EXISTS (SELECT 1 FROM prices WHERE variant_id = product_variants.id);
INSERT INTO product_variants (product_id, sku, size, color, stock_quantity, price_adjustment, active, image) VALUES (100, 'SKU-66511', 'tee 1 XXXL', NULL, 1, 0, true, NULL) ON CONFLICT (sku) DO UPDATE SET stock_quantity = EXCLUDED.stock_quantity, size = EXCLUDED.size, active = EXCLUDED.active;
INSERT INTO prices (variant_id, amount, currency) SELECT id, 3200, 'Br' FROM product_variants WHERE sku = 'SKU-66511' AND NOT EXISTS (SELECT 1 FROM prices WHERE variant_id = product_variants.id);
INSERT INTO product_images (product_id, url, position) VALUES (100, '/images/100/photo_2025-11-03-21.27.59.jpeg', 0) ON CONFLICT DO NOTHING;
INSERT INTO product_images (product_id, url, position) VALUES (100, '/images/100/img_2387.jpeg', 1) ON CONFLICT DO NOTHING;
INSERT INTO product_images (product_id, url, position) VALUES (100, '/images/100/img_2386.jpeg', 2) ON CONFLICT DO NOTHING;
INSERT INTO products (id, title, slug, description, thumbnail, active, base_price) VALUES (101, 'ALO Stone Washed Trendy Hats', 'alo-stone-washed-trendy-hats', '', '/images/101/img_2375.jpeg', True, 1900) ON CONFLICT (id) DO UPDATE SET title = EXCLUDED.title, slug = EXCLUDED.slug, description = EXCLUDED.description, thumbnail = EXCLUDED.thumbnail, active = EXCLUDED.active, base_price = EXCLUDED.base_price;
INSERT INTO product_variants (product_id, sku, size, color, stock_quantity, price_adjustment, active, image) VALUES (101, 'SKU-66505', 'ALO Stone Washed Trendy Hats', NULL, 1, 0, true, NULL) ON CONFLICT (sku) DO UPDATE SET stock_quantity = EXCLUDED.stock_quantity, size = EXCLUDED.size, active = EXCLUDED.active;
INSERT INTO prices (variant_id, amount, currency) SELECT id, 1900, 'Br' FROM product_variants WHERE sku = 'SKU-66505' AND NOT EXISTS (SELECT 1 FROM prices WHERE variant_id = product_variants.id);
INSERT INTO product_images (product_id, url, position) VALUES (101, '/images/101/img_2375.jpeg', 0) ON CONFLICT DO NOTHING;
INSERT INTO products (id, title, slug, description, thumbnail, active, base_price) VALUES (102, 'Forever 21 Bodysuit - Clay', 'forever-21-bodysuit-clay', '', '/images/102/img_2501.jpeg', True, 2900) ON CONFLICT (id) DO UPDATE SET title = EXCLUDED.title, slug = EXCLUDED.slug, description = EXCLUDED.description, thumbnail = EXCLUDED.thumbnail, active = EXCLUDED.active, base_price = EXCLUDED.base_price;
INSERT INTO product_variants (product_id, sku, size, color, stock_quantity, price_adjustment, active, image) VALUES (102, 'SKU-66567', 'Forever 21 Bodysuit  XL', NULL, 1, 0, true, NULL) ON CONFLICT (sku) DO UPDATE SET stock_quantity = EXCLUDED.stock_quantity, size = EXCLUDED.size, active = EXCLUDED.active;
INSERT INTO prices (variant_id, amount, currency) SELECT id, 2900, 'Br' FROM product_variants WHERE sku = 'SKU-66567' AND NOT EXISTS (SELECT 1 FROM prices WHERE variant_id = product_variants.id);
INSERT INTO product_variants (product_id, sku, size, color, stock_quantity, price_adjustment, active, image) VALUES (102, 'SKU-66568', 'Forever 21 Bodysuit  2XL', NULL, 1, 0, true, NULL) ON CONFLICT (sku) DO UPDATE SET stock_quantity = EXCLUDED.stock_quantity, size = EXCLUDED.size, active = EXCLUDED.active;
INSERT INTO prices (variant_id, amount, currency) SELECT id, 2900, 'Br' FROM product_variants WHERE sku = 'SKU-66568' AND NOT EXISTS (SELECT 1 FROM prices WHERE variant_id = product_variants.id);
INSERT INTO product_images (product_id, url, position) VALUES (102, '/images/102/img_2501.jpeg', 0) ON CONFLICT DO NOTHING;
INSERT INTO products (id, title, slug, description, thumbnail, active, base_price) VALUES (103, 'Side Strip Loose Fit Jeans', 'side-strip-loose-fit-jeans', '', '/images/103/img_2327.jpeg', True, 5600) ON CONFLICT (id) DO UPDATE SET title = EXCLUDED.title, slug = EXCLUDED.slug, description = EXCLUDED.description, thumbnail = EXCLUDED.thumbnail, active = EXCLUDED.active, base_price = EXCLUDED.base_price;
INSERT INTO product_variants (product_id, sku, size, color, stock_quantity, price_adjustment, active, image) VALUES (103, 'SKU-66482', 'Side Strip Loose Fit Jeans 2XL', NULL, 1, 0, true, NULL) ON CONFLICT (sku) DO UPDATE SET stock_quantity = EXCLUDED.stock_quantity, size = EXCLUDED.size, active = EXCLUDED.active;
INSERT INTO prices (variant_id, amount, currency) SELECT id, 5600, 'Br' FROM product_variants WHERE sku = 'SKU-66482' AND NOT EXISTS (SELECT 1 FROM prices WHERE variant_id = product_variants.id);
INSERT INTO product_variants (product_id, sku, size, color, stock_quantity, price_adjustment, active, image) VALUES (103, 'SKU-66481', 'Side Strip Loose Fit Jeans XL', NULL, 1, 0, true, NULL) ON CONFLICT (sku) DO UPDATE SET stock_quantity = EXCLUDED.stock_quantity, size = EXCLUDED.size, active = EXCLUDED.active;
INSERT INTO prices (variant_id, amount, currency) SELECT id, 5600, 'Br' FROM product_variants WHERE sku = 'SKU-66481' AND NOT EXISTS (SELECT 1 FROM prices WHERE variant_id = product_variants.id);
INSERT INTO product_images (product_id, url, position) VALUES (103, '/images/103/img_2327.jpeg', 0) ON CONFLICT DO NOTHING;
INSERT INTO product_images (product_id, url, position) VALUES (103, '/images/103/img_2328.jpeg', 1) ON CONFLICT DO NOTHING;
INSERT INTO products (id, title, slug, description, thumbnail, active, base_price) VALUES (104, 'Electric Petal Corset Blouse Top', 'electric-petal-corset-blouse-top', '', '/images/104/img_0014.jpeg', True, 3200) ON CONFLICT (id) DO UPDATE SET title = EXCLUDED.title, slug = EXCLUDED.slug, description = EXCLUDED.description, thumbnail = EXCLUDED.thumbnail, active = EXCLUDED.active, base_price = EXCLUDED.base_price;
INSERT INTO product_variants (product_id, sku, size, color, stock_quantity, price_adjustment, active, image) VALUES (104, 'SKU-66690', 'ttop L', NULL, 1, 0, true, NULL) ON CONFLICT (sku) DO UPDATE SET stock_quantity = EXCLUDED.stock_quantity, size = EXCLUDED.size, active = EXCLUDED.active;
INSERT INTO prices (variant_id, amount, currency) SELECT id, 3200, 'Br' FROM product_variants WHERE sku = 'SKU-66690' AND NOT EXISTS (SELECT 1 FROM prices WHERE variant_id = product_variants.id);
INSERT INTO product_images (product_id, url, position) VALUES (104, '/images/104/img_0014.jpeg', 0) ON CONFLICT DO NOTHING;
INSERT INTO product_images (product_id, url, position) VALUES (104, '/images/104/img_0012.jpeg', 1) ON CONFLICT DO NOTHING;
INSERT INTO products (id, title, slug, description, thumbnail, active, base_price) VALUES (105, 'Hermes Midi Bag - Orange', 'hermes-orange-bag', '', '/images/105/img_2527.jpeg', True, 6800) ON CONFLICT (id) DO UPDATE SET title = EXCLUDED.title, slug = EXCLUDED.slug, description = EXCLUDED.description, thumbnail = EXCLUDED.thumbnail, active = EXCLUDED.active, base_price = EXCLUDED.base_price;
INSERT INTO product_variants (product_id, sku, size, color, stock_quantity, price_adjustment, active, image) VALUES (105, 'SKU-66555', 'Hermes Midi Bag - Orange', NULL, 1, 0, true, NULL) ON CONFLICT (sku) DO UPDATE SET stock_quantity = EXCLUDED.stock_quantity, size = EXCLUDED.size, active = EXCLUDED.active;
INSERT INTO prices (variant_id, amount, currency) SELECT id, 6800, 'Br' FROM product_variants WHERE sku = 'SKU-66555' AND NOT EXISTS (SELECT 1 FROM prices WHERE variant_id = product_variants.id);
INSERT INTO product_images (product_id, url, position) VALUES (105, '/images/105/img_2527.jpeg', 0) ON CONFLICT DO NOTHING;
INSERT INTO products (id, title, slug, description, thumbnail, active, base_price) VALUES (106, 'Hermes Midi Bag - Red', 'hermes-bag-blue-copy', '', '/images/106/img_2528.jpeg', True, 6800) ON CONFLICT (id) DO UPDATE SET title = EXCLUDED.title, slug = EXCLUDED.slug, description = EXCLUDED.description, thumbnail = EXCLUDED.thumbnail, active = EXCLUDED.active, base_price = EXCLUDED.base_price;
INSERT INTO product_variants (product_id, sku, size, color, stock_quantity, price_adjustment, active, image) VALUES (106, 'SKU-66556', 'Hermes Midi Bag - Red', NULL, 1, 0, true, NULL) ON CONFLICT (sku) DO UPDATE SET stock_quantity = EXCLUDED.stock_quantity, size = EXCLUDED.size, active = EXCLUDED.active;
INSERT INTO prices (variant_id, amount, currency) SELECT id, 6800, 'Br' FROM product_variants WHERE sku = 'SKU-66556' AND NOT EXISTS (SELECT 1 FROM prices WHERE variant_id = product_variants.id);
INSERT INTO product_images (product_id, url, position) VALUES (106, '/images/106/img_2528.jpeg', 0) ON CONFLICT DO NOTHING;
INSERT INTO products (id, title, slug, description, thumbnail, active, base_price) VALUES (107, 'Forever 21 Tube Dress', 'forever-21-tube-dress', '', '/images/107/photo_2025-10-14-19.12.01.jpeg', True, 3900) ON CONFLICT (id) DO UPDATE SET title = EXCLUDED.title, slug = EXCLUDED.slug, description = EXCLUDED.description, thumbnail = EXCLUDED.thumbnail, active = EXCLUDED.active, base_price = EXCLUDED.base_price;
INSERT INTO product_variants (product_id, sku, size, color, stock_quantity, price_adjustment, active, image) VALUES (107, 'SKU-66571', 'Forever 21 Tube Dress S-M', NULL, 1, 0, true, NULL) ON CONFLICT (sku) DO UPDATE SET stock_quantity = EXCLUDED.stock_quantity, size = EXCLUDED.size, active = EXCLUDED.active;
INSERT INTO prices (variant_id, amount, currency) SELECT id, 3900, 'Br' FROM product_variants WHERE sku = 'SKU-66571' AND NOT EXISTS (SELECT 1 FROM prices WHERE variant_id = product_variants.id);
INSERT INTO product_images (product_id, url, position) VALUES (107, '/images/107/photo_2025-10-14-19.12.01.jpeg', 0) ON CONFLICT DO NOTHING;
INSERT INTO products (id, title, slug, description, thumbnail, active, base_price) VALUES (108, 'YSL Brown Croc Bag - Black', 'ysl-brown-croc-bag-black', '', '/images/108/img_2534.jpeg', True, 5400) ON CONFLICT (id) DO UPDATE SET title = EXCLUDED.title, slug = EXCLUDED.slug, description = EXCLUDED.description, thumbnail = EXCLUDED.thumbnail, active = EXCLUDED.active, base_price = EXCLUDED.base_price;
INSERT INTO product_variants (product_id, sku, size, color, stock_quantity, price_adjustment, active, image) VALUES (108, 'SKU-66558', 'YSL Brown Croc Bag - Black', NULL, 1, 0, true, NULL) ON CONFLICT (sku) DO UPDATE SET stock_quantity = EXCLUDED.stock_quantity, size = EXCLUDED.size, active = EXCLUDED.active;
INSERT INTO prices (variant_id, amount, currency) SELECT id, 5400, 'Br' FROM product_variants WHERE sku = 'SKU-66558' AND NOT EXISTS (SELECT 1 FROM prices WHERE variant_id = product_variants.id);
INSERT INTO product_images (product_id, url, position) VALUES (108, '/images/108/img_2534.jpeg', 0) ON CONFLICT DO NOTHING;
INSERT INTO products (id, title, slug, description, thumbnail, active, base_price) VALUES (109, 'Hermes Croc MIdi Bag - Cream', 'hermes-croc-midi-bag-cream', '', '/images/109/img_2530.jpeg', True, 5800) ON CONFLICT (id) DO UPDATE SET title = EXCLUDED.title, slug = EXCLUDED.slug, description = EXCLUDED.description, thumbnail = EXCLUDED.thumbnail, active = EXCLUDED.active, base_price = EXCLUDED.base_price;
INSERT INTO product_variants (product_id, sku, size, color, stock_quantity, price_adjustment, active, image) VALUES (109, 'SKU-66557', 'Hermes MIdi Bag - Cream', NULL, 1, 0, true, NULL) ON CONFLICT (sku) DO UPDATE SET stock_quantity = EXCLUDED.stock_quantity, size = EXCLUDED.size, active = EXCLUDED.active;
INSERT INTO prices (variant_id, amount, currency) SELECT id, 5800, 'Br' FROM product_variants WHERE sku = 'SKU-66557' AND NOT EXISTS (SELECT 1 FROM prices WHERE variant_id = product_variants.id);
INSERT INTO product_images (product_id, url, position) VALUES (109, '/images/109/img_2530.jpeg', 0) ON CONFLICT DO NOTHING;
INSERT INTO products (id, title, slug, description, thumbnail, active, base_price) VALUES (110, 'bag1', 'bag1-2', '', '/images/110/img_0829.jpeg', True, 0) ON CONFLICT (id) DO UPDATE SET title = EXCLUDED.title, slug = EXCLUDED.slug, description = EXCLUDED.description, thumbnail = EXCLUDED.thumbnail, active = EXCLUDED.active, base_price = EXCLUDED.base_price;
INSERT INTO product_images (product_id, url, position) VALUES (110, '/images/110/img_0829.jpeg', 0) ON CONFLICT DO NOTHING;
INSERT INTO products (id, title, slug, description, thumbnail, active, base_price) VALUES (111, 'Elegant Knit Midi Dress - White', 'elegant-knit-midi-dress-white', '', '/images/111/img_2551.jpeg', True, 5400) ON CONFLICT (id) DO UPDATE SET title = EXCLUDED.title, slug = EXCLUDED.slug, description = EXCLUDED.description, thumbnail = EXCLUDED.thumbnail, active = EXCLUDED.active, base_price = EXCLUDED.base_price;
INSERT INTO product_variants (product_id, sku, size, color, stock_quantity, price_adjustment, active, image) VALUES (111, 'SKU-66563', 'Elegant Knit Midi Dress FREE', NULL, 1, 0, true, NULL) ON CONFLICT (sku) DO UPDATE SET stock_quantity = EXCLUDED.stock_quantity, size = EXCLUDED.size, active = EXCLUDED.active;
INSERT INTO prices (variant_id, amount, currency) SELECT id, 5400, 'Br' FROM product_variants WHERE sku = 'SKU-66563' AND NOT EXISTS (SELECT 1 FROM prices WHERE variant_id = product_variants.id);
INSERT INTO product_images (product_id, url, position) VALUES (111, '/images/111/img_2551.jpeg', 0) ON CONFLICT DO NOTHING;
INSERT INTO products (id, title, slug, description, thumbnail, active, base_price) VALUES (112, 'bag1', 'bag1-5', '', '/images/112/img_0829.jpeg', True, 0) ON CONFLICT (id) DO UPDATE SET title = EXCLUDED.title, slug = EXCLUDED.slug, description = EXCLUDED.description, thumbnail = EXCLUDED.thumbnail, active = EXCLUDED.active, base_price = EXCLUDED.base_price;
INSERT INTO product_images (product_id, url, position) VALUES (112, '/images/112/img_0829.jpeg', 0) ON CONFLICT DO NOTHING;
INSERT INTO products (id, title, slug, description, thumbnail, active, base_price) VALUES (113, 'short4', 'short4', '', '/images/113/img_0228.jpeg', True, 4400) ON CONFLICT (id) DO UPDATE SET title = EXCLUDED.title, slug = EXCLUDED.slug, description = EXCLUDED.description, thumbnail = EXCLUDED.thumbnail, active = EXCLUDED.active, base_price = EXCLUDED.base_price;
INSERT INTO product_variants (product_id, sku, size, color, stock_quantity, price_adjustment, active, image) VALUES (113, 'SKU-66738', 'short4 L', NULL, 1, 0, true, NULL) ON CONFLICT (sku) DO UPDATE SET stock_quantity = EXCLUDED.stock_quantity, size = EXCLUDED.size, active = EXCLUDED.active;
INSERT INTO prices (variant_id, amount, currency) SELECT id, 4400, 'Br' FROM product_variants WHERE sku = 'SKU-66738' AND NOT EXISTS (SELECT 1 FROM prices WHERE variant_id = product_variants.id);
INSERT INTO product_variants (product_id, sku, size, color, stock_quantity, price_adjustment, active, image) VALUES (113, '00', 'short4 2XL', NULL, 1, 0, true, NULL) ON CONFLICT (sku) DO UPDATE SET stock_quantity = EXCLUDED.stock_quantity, size = EXCLUDED.size, active = EXCLUDED.active;
INSERT INTO prices (variant_id, amount, currency) SELECT id, 4400, 'Br' FROM product_variants WHERE sku = '00' AND NOT EXISTS (SELECT 1 FROM prices WHERE variant_id = product_variants.id);
INSERT INTO product_images (product_id, url, position) VALUES (113, '/images/113/img_0228.jpeg', 0) ON CONFLICT DO NOTHING;
INSERT INTO product_images (product_id, url, position) VALUES (113, '/images/113/img_0226.jpeg', 1) ON CONFLICT DO NOTHING;
INSERT INTO products (id, title, slug, description, thumbnail, active, base_price) VALUES (114, 'Original Disney Star Print Kids Shoes', 'original-disney-star-print-kids-shoes', '', '/images/114/img_2842.png', True, 5400) ON CONFLICT (id) DO UPDATE SET title = EXCLUDED.title, slug = EXCLUDED.slug, description = EXCLUDED.description, thumbnail = EXCLUDED.thumbnail, active = EXCLUDED.active, base_price = EXCLUDED.base_price;
INSERT INTO product_variants (product_id, sku, size, color, stock_quantity, price_adjustment, active, image) VALUES (114, 'SKU-66643', 'disney sho12 32', NULL, 1, 0, true, NULL) ON CONFLICT (sku) DO UPDATE SET stock_quantity = EXCLUDED.stock_quantity, size = EXCLUDED.size, active = EXCLUDED.active;
INSERT INTO prices (variant_id, amount, currency) SELECT id, 5400, 'Br' FROM product_variants WHERE sku = 'SKU-66643' AND NOT EXISTS (SELECT 1 FROM prices WHERE variant_id = product_variants.id);
INSERT INTO product_images (product_id, url, position) VALUES (114, '/images/114/img_2842.png', 0) ON CONFLICT DO NOTHING;
INSERT INTO product_images (product_id, url, position) VALUES (114, '/images/114/img_2841.jpeg', 1) ON CONFLICT DO NOTHING;
INSERT INTO product_images (product_id, url, position) VALUES (114, '/images/114/img_2843.png', 2) ON CONFLICT DO NOTHING;
INSERT INTO product_images (product_id, url, position) VALUES (114, '/images/114/img_2845.png', 3) ON CONFLICT DO NOTHING;
INSERT INTO product_images (product_id, url, position) VALUES (114, '/images/114/img_2844.png', 4) ON CONFLICT DO NOTHING;
INSERT INTO products (id, title, slug, description, thumbnail, active, base_price) VALUES (115, 'bag1', 'bag1-6', '', '/images/115/img_0829.jpeg', True, 4400) ON CONFLICT (id) DO UPDATE SET title = EXCLUDED.title, slug = EXCLUDED.slug, description = EXCLUDED.description, thumbnail = EXCLUDED.thumbnail, active = EXCLUDED.active, base_price = EXCLUDED.base_price;
INSERT INTO product_variants (product_id, sku, size, color, stock_quantity, price_adjustment, active, image) VALUES (115, 'SKU-66801', 'bag1', NULL, 1, 0, true, NULL) ON CONFLICT (sku) DO UPDATE SET stock_quantity = EXCLUDED.stock_quantity, size = EXCLUDED.size, active = EXCLUDED.active;
INSERT INTO prices (variant_id, amount, currency) SELECT id, 4400, 'Br' FROM product_variants WHERE sku = 'SKU-66801' AND NOT EXISTS (SELECT 1 FROM prices WHERE variant_id = product_variants.id);
INSERT INTO product_images (product_id, url, position) VALUES (115, '/images/115/img_0829.jpeg', 0) ON CONFLICT DO NOTHING;
INSERT INTO products (id, title, slug, description, thumbnail, active, base_price) VALUES (116, 'Mesh Pointy Siliver Heel', 'mesh-pointy-siliver-heel', '', '/images/116/photo_2025-10-14-17.45.26.jpeg', True, 5600) ON CONFLICT (id) DO UPDATE SET title = EXCLUDED.title, slug = EXCLUDED.slug, description = EXCLUDED.description, thumbnail = EXCLUDED.thumbnail, active = EXCLUDED.active, base_price = EXCLUDED.base_price;
INSERT INTO product_variants (product_id, sku, size, color, stock_quantity, price_adjustment, active, image) VALUES (116, 'SKU-66569', 'Mesh Pointy Siliver Heel  36', NULL, 1, 0, true, NULL) ON CONFLICT (sku) DO UPDATE SET stock_quantity = EXCLUDED.stock_quantity, size = EXCLUDED.size, active = EXCLUDED.active;
INSERT INTO prices (variant_id, amount, currency) SELECT id, 5600, 'Br' FROM product_variants WHERE sku = 'SKU-66569' AND NOT EXISTS (SELECT 1 FROM prices WHERE variant_id = product_variants.id);
INSERT INTO product_images (product_id, url, position) VALUES (116, '/images/116/photo_2025-10-14-17.45.26.jpeg', 0) ON CONFLICT DO NOTHING;
INSERT INTO product_images (product_id, url, position) VALUES (116, '/images/116/photo_2025-10-14-17.46.12.jpeg', 1) ON CONFLICT DO NOTHING;
INSERT INTO products (id, title, slug, description, thumbnail, active, base_price) VALUES (117, 'Disney Original Cartone Print Kids Shoe', 'disney-original-cartone-print-kids-shoe', '', '/images/117/img_2801.png', True, 5400) ON CONFLICT (id) DO UPDATE SET title = EXCLUDED.title, slug = EXCLUDED.slug, description = EXCLUDED.description, thumbnail = EXCLUDED.thumbnail, active = EXCLUDED.active, base_price = EXCLUDED.base_price;
INSERT INTO product_variants (product_id, sku, size, color, stock_quantity, price_adjustment, active, image) VALUES (117, 'SKU-66631', 'disney sho7 32', NULL, 1, 0, true, NULL) ON CONFLICT (sku) DO UPDATE SET stock_quantity = EXCLUDED.stock_quantity, size = EXCLUDED.size, active = EXCLUDED.active;
INSERT INTO prices (variant_id, amount, currency) SELECT id, 5400, 'Br' FROM product_variants WHERE sku = 'SKU-66631' AND NOT EXISTS (SELECT 1 FROM prices WHERE variant_id = product_variants.id);
INSERT INTO product_variants (product_id, sku, size, color, stock_quantity, price_adjustment, active, image) VALUES (117, 'SKU-66632', 'disney sho7 33', NULL, 1, 0, true, NULL) ON CONFLICT (sku) DO UPDATE SET stock_quantity = EXCLUDED.stock_quantity, size = EXCLUDED.size, active = EXCLUDED.active;
INSERT INTO prices (variant_id, amount, currency) SELECT id, 5400, 'Br' FROM product_variants WHERE sku = 'SKU-66632' AND NOT EXISTS (SELECT 1 FROM prices WHERE variant_id = product_variants.id);
INSERT INTO product_images (product_id, url, position) VALUES (117, '/images/117/img_2801.png', 0) ON CONFLICT DO NOTHING;
INSERT INTO product_images (product_id, url, position) VALUES (117, '/images/117/img_2802.jpeg', 1) ON CONFLICT DO NOTHING;
INSERT INTO products (id, title, slug, description, thumbnail, active, base_price) VALUES (118, 'Disney Original Spongboob Print Kids Shoe', 'disney-original-spongboob-print-kids-shoe', '', '/images/118/img_2815.jpeg', True, 5400) ON CONFLICT (id) DO UPDATE SET title = EXCLUDED.title, slug = EXCLUDED.slug, description = EXCLUDED.description, thumbnail = EXCLUDED.thumbnail, active = EXCLUDED.active, base_price = EXCLUDED.base_price;
INSERT INTO product_variants (product_id, sku, size, color, stock_quantity, price_adjustment, active, image) VALUES (118, 'SKU-66637', 'disney sho 9 32', NULL, 1, 0, true, NULL) ON CONFLICT (sku) DO UPDATE SET stock_quantity = EXCLUDED.stock_quantity, size = EXCLUDED.size, active = EXCLUDED.active;
INSERT INTO prices (variant_id, amount, currency) SELECT id, 5400, 'Br' FROM product_variants WHERE sku = 'SKU-66637' AND NOT EXISTS (SELECT 1 FROM prices WHERE variant_id = product_variants.id);
INSERT INTO product_variants (product_id, sku, size, color, stock_quantity, price_adjustment, active, image) VALUES (118, 'SKU-66638', 'disney sho 9 33', NULL, 1, 0, true, NULL) ON CONFLICT (sku) DO UPDATE SET stock_quantity = EXCLUDED.stock_quantity, size = EXCLUDED.size, active = EXCLUDED.active;
INSERT INTO prices (variant_id, amount, currency) SELECT id, 5400, 'Br' FROM product_variants WHERE sku = 'SKU-66638' AND NOT EXISTS (SELECT 1 FROM prices WHERE variant_id = product_variants.id);
INSERT INTO product_variants (product_id, sku, size, color, stock_quantity, price_adjustment, active, image) VALUES (118, 'SKU-66639', 'disney sho 9 37', NULL, 1, 0, true, NULL) ON CONFLICT (sku) DO UPDATE SET stock_quantity = EXCLUDED.stock_quantity, size = EXCLUDED.size, active = EXCLUDED.active;
INSERT INTO prices (variant_id, amount, currency) SELECT id, 5400, 'Br' FROM product_variants WHERE sku = 'SKU-66639' AND NOT EXISTS (SELECT 1 FROM prices WHERE variant_id = product_variants.id);
INSERT INTO product_images (product_id, url, position) VALUES (118, '/images/118/img_2815.jpeg', 0) ON CONFLICT DO NOTHING;
INSERT INTO product_images (product_id, url, position) VALUES (118, '/images/118/img_2816.jpeg', 1) ON CONFLICT DO NOTHING;
INSERT INTO product_images (product_id, url, position) VALUES (118, '/images/118/img_2820.jpeg', 2) ON CONFLICT DO NOTHING;
INSERT INTO product_images (product_id, url, position) VALUES (118, '/images/118/img_2821.jpeg', 3) ON CONFLICT DO NOTHING;
INSERT INTO products (id, title, slug, description, thumbnail, active, base_price) VALUES (119, 'Mario Boys High Top Sneakers', 'mario-boys-high-top-sneakers', '', '/images/119/img_2882.jpeg', True, 5400) ON CONFLICT (id) DO UPDATE SET title = EXCLUDED.title, slug = EXCLUDED.slug, description = EXCLUDED.description, thumbnail = EXCLUDED.thumbnail, active = EXCLUDED.active, base_price = EXCLUDED.base_price;
INSERT INTO product_variants (product_id, sku, size, color, stock_quantity, price_adjustment, active, image) VALUES (119, 'SKU-66655', 'disney sho17 32', NULL, 1, 0, true, NULL) ON CONFLICT (sku) DO UPDATE SET stock_quantity = EXCLUDED.stock_quantity, size = EXCLUDED.size, active = EXCLUDED.active;
INSERT INTO prices (variant_id, amount, currency) SELECT id, 5400, 'Br' FROM product_variants WHERE sku = 'SKU-66655' AND NOT EXISTS (SELECT 1 FROM prices WHERE variant_id = product_variants.id);
INSERT INTO product_images (product_id, url, position) VALUES (119, '/images/119/img_2882.jpeg', 0) ON CONFLICT DO NOTHING;
INSERT INTO product_images (product_id, url, position) VALUES (119, '/images/119/img_2883.jpeg', 1) ON CONFLICT DO NOTHING;
INSERT INTO product_images (product_id, url, position) VALUES (119, '/images/119/img_2884.jpeg', 2) ON CONFLICT DO NOTHING;
INSERT INTO product_images (product_id, url, position) VALUES (119, '/images/119/img_2886.jpeg', 3) ON CONFLICT DO NOTHING;
INSERT INTO product_images (product_id, url, position) VALUES (119, '/images/119/img_2887.jpeg', 4) ON CONFLICT DO NOTHING;
INSERT INTO products (id, title, slug, description, thumbnail, active, base_price) VALUES (120, 'Forever21 Chill Rib Racer Back Bodysuit', 'forever21-chill-rib-racer-back-bodysuit', '', '/images/120/photo_2025-10-11-10.59.58.jpeg', True, 2800) ON CONFLICT (id) DO UPDATE SET title = EXCLUDED.title, slug = EXCLUDED.slug, description = EXCLUDED.description, thumbnail = EXCLUDED.thumbnail, active = EXCLUDED.active, base_price = EXCLUDED.base_price;
INSERT INTO product_variants (product_id, sku, size, color, stock_quantity, price_adjustment, active, image) VALUES (120, 'SKU-66660', 'bodysuit 1 S', NULL, 1, 0, true, NULL) ON CONFLICT (sku) DO UPDATE SET stock_quantity = EXCLUDED.stock_quantity, size = EXCLUDED.size, active = EXCLUDED.active;
INSERT INTO prices (variant_id, amount, currency) SELECT id, 2800, 'Br' FROM product_variants WHERE sku = 'SKU-66660' AND NOT EXISTS (SELECT 1 FROM prices WHERE variant_id = product_variants.id);
INSERT INTO product_images (product_id, url, position) VALUES (120, '/images/120/photo_2025-10-11-10.59.58.jpeg', 0) ON CONFLICT DO NOTHING;
INSERT INTO products (id, title, slug, description, thumbnail, active, base_price) VALUES (121, 'Forever21 Polyamide Scoop Neck Bodysuit ', 'forever21-polyamide-scoop-neck-bodysuit', '', '/images/121/photo_2025-10-11-11.50.39.jpeg', True, 2800) ON CONFLICT (id) DO UPDATE SET title = EXCLUDED.title, slug = EXCLUDED.slug, description = EXCLUDED.description, thumbnail = EXCLUDED.thumbnail, active = EXCLUDED.active, base_price = EXCLUDED.base_price;
INSERT INTO product_variants (product_id, sku, size, color, stock_quantity, price_adjustment, active, image) VALUES (121, 'SKU-66662', 'bodysuit 3 S-M', NULL, 1, 0, true, NULL) ON CONFLICT (sku) DO UPDATE SET stock_quantity = EXCLUDED.stock_quantity, size = EXCLUDED.size, active = EXCLUDED.active;
INSERT INTO prices (variant_id, amount, currency) SELECT id, 2800, 'Br' FROM product_variants WHERE sku = 'SKU-66662' AND NOT EXISTS (SELECT 1 FROM prices WHERE variant_id = product_variants.id);
INSERT INTO product_images (product_id, url, position) VALUES (121, '/images/121/photo_2025-10-11-11.50.39.jpeg', 0) ON CONFLICT DO NOTHING;
INSERT INTO products (id, title, slug, description, thumbnail, active, base_price) VALUES (122, 'Zara The Noir Slingback Stiletto Heels', 'zara-the-noir-slingback-stiletto-heels', '', '/images/122/12994510800-e1-1.jpg', True, 5900) ON CONFLICT (id) DO UPDATE SET title = EXCLUDED.title, slug = EXCLUDED.slug, description = EXCLUDED.description, thumbnail = EXCLUDED.thumbnail, active = EXCLUDED.active, base_price = EXCLUDED.base_price;
INSERT INTO product_variants (product_id, sku, size, color, stock_quantity, price_adjustment, active, image) VALUES (122, 'SKU-66670', 'heel1 35', NULL, 1, 0, true, NULL) ON CONFLICT (sku) DO UPDATE SET stock_quantity = EXCLUDED.stock_quantity, size = EXCLUDED.size, active = EXCLUDED.active;
INSERT INTO prices (variant_id, amount, currency) SELECT id, 5900, 'Br' FROM product_variants WHERE sku = 'SKU-66670' AND NOT EXISTS (SELECT 1 FROM prices WHERE variant_id = product_variants.id);
INSERT INTO product_variants (product_id, sku, size, color, stock_quantity, price_adjustment, active, image) VALUES (122, 'SKU-66671', 'heel1 36', NULL, 1, 0, true, NULL) ON CONFLICT (sku) DO UPDATE SET stock_quantity = EXCLUDED.stock_quantity, size = EXCLUDED.size, active = EXCLUDED.active;
INSERT INTO prices (variant_id, amount, currency) SELECT id, 5900, 'Br' FROM product_variants WHERE sku = 'SKU-66671' AND NOT EXISTS (SELECT 1 FROM prices WHERE variant_id = product_variants.id);
INSERT INTO product_variants (product_id, sku, size, color, stock_quantity, price_adjustment, active, image) VALUES (122, 'SKU-66672', 'heel1 40', NULL, 1, 0, true, NULL) ON CONFLICT (sku) DO UPDATE SET stock_quantity = EXCLUDED.stock_quantity, size = EXCLUDED.size, active = EXCLUDED.active;
INSERT INTO prices (variant_id, amount, currency) SELECT id, 5900, 'Br' FROM product_variants WHERE sku = 'SKU-66672' AND NOT EXISTS (SELECT 1 FROM prices WHERE variant_id = product_variants.id);
INSERT INTO product_images (product_id, url, position) VALUES (122, '/images/122/12994510800-e1-1.jpg', 0) ON CONFLICT DO NOTHING;
INSERT INTO product_images (product_id, url, position) VALUES (122, '/images/122/12318510800-ult22.jpg', 1) ON CONFLICT DO NOTHING;
INSERT INTO products (id, title, slug, description, thumbnail, active, base_price) VALUES (123, 'The Coral Dive Corset Top', 'the-coral-dive-corset-top', '', '/images/123/photo_2025-11-03-18.45.20.jpeg', True, 2800) ON CONFLICT (id) DO UPDATE SET title = EXCLUDED.title, slug = EXCLUDED.slug, description = EXCLUDED.description, thumbnail = EXCLUDED.thumbnail, active = EXCLUDED.active, base_price = EXCLUDED.base_price;
INSERT INTO product_variants (product_id, sku, size, color, stock_quantity, price_adjustment, active, image) VALUES (123, 'SKU-66678', 'topq 38/85', NULL, 1, 0, true, NULL) ON CONFLICT (sku) DO UPDATE SET stock_quantity = EXCLUDED.stock_quantity, size = EXCLUDED.size, active = EXCLUDED.active;
INSERT INTO prices (variant_id, amount, currency) SELECT id, 2800, 'Br' FROM product_variants WHERE sku = 'SKU-66678' AND NOT EXISTS (SELECT 1 FROM prices WHERE variant_id = product_variants.id);
INSERT INTO product_variants (product_id, sku, size, color, stock_quantity, price_adjustment, active, image) VALUES (123, 'SKU-66679', 'topq 36/80', NULL, 1, 0, true, NULL) ON CONFLICT (sku) DO UPDATE SET stock_quantity = EXCLUDED.stock_quantity, size = EXCLUDED.size, active = EXCLUDED.active;
INSERT INTO prices (variant_id, amount, currency) SELECT id, 2800, 'Br' FROM product_variants WHERE sku = 'SKU-66679' AND NOT EXISTS (SELECT 1 FROM prices WHERE variant_id = product_variants.id);
INSERT INTO product_images (product_id, url, position) VALUES (123, '/images/123/photo_2025-11-03-18.45.20.jpeg', 0) ON CONFLICT DO NOTHING;
INSERT INTO product_images (product_id, url, position) VALUES (123, '/images/123/img_0001.jpeg', 1) ON CONFLICT DO NOTHING;
INSERT INTO products (id, title, slug, description, thumbnail, active, base_price) VALUES (124, 'Forever21 The Nova Cut-Out Bodysuit', 'forever21-the-nova-cut-out-bodysuit', '', '/images/124/photo_2025-10-11-11.58.52.jpg', True, 3200) ON CONFLICT (id) DO UPDATE SET title = EXCLUDED.title, slug = EXCLUDED.slug, description = EXCLUDED.description, thumbnail = EXCLUDED.thumbnail, active = EXCLUDED.active, base_price = EXCLUDED.base_price;
INSERT INTO product_variants (product_id, sku, size, color, stock_quantity, price_adjustment, active, image) VALUES (124, 'SKU-66668', 'toptop M', NULL, 1, 0, true, NULL) ON CONFLICT (sku) DO UPDATE SET stock_quantity = EXCLUDED.stock_quantity, size = EXCLUDED.size, active = EXCLUDED.active;
INSERT INTO prices (variant_id, amount, currency) SELECT id, 3200, 'Br' FROM product_variants WHERE sku = 'SKU-66668' AND NOT EXISTS (SELECT 1 FROM prices WHERE variant_id = product_variants.id);
INSERT INTO product_images (product_id, url, position) VALUES (124, '/images/124/photo_2025-10-11-11.58.52.jpg', 0) ON CONFLICT DO NOTHING;
INSERT INTO products (id, title, slug, description, thumbnail, active, base_price) VALUES (125, 'Clean Lines Mesh Bustier Corset Top', 'clean-lines-mesh-bustier-corset-top', '', '/images/125/img_0166.jpeg', True, 2800) ON CONFLICT (id) DO UPDATE SET title = EXCLUDED.title, slug = EXCLUDED.slug, description = EXCLUDED.description, thumbnail = EXCLUDED.thumbnail, active = EXCLUDED.active, base_price = EXCLUDED.base_price;
INSERT INTO product_variants (product_id, sku, size, color, stock_quantity, price_adjustment, active, image) VALUES (125, 'SKU-66709', 'cortopp 38/85', NULL, 1, 0, true, NULL) ON CONFLICT (sku) DO UPDATE SET stock_quantity = EXCLUDED.stock_quantity, size = EXCLUDED.size, active = EXCLUDED.active;
INSERT INTO prices (variant_id, amount, currency) SELECT id, 2800, 'Br' FROM product_variants WHERE sku = 'SKU-66709' AND NOT EXISTS (SELECT 1 FROM prices WHERE variant_id = product_variants.id);
INSERT INTO product_variants (product_id, sku, size, color, stock_quantity, price_adjustment, active, image) VALUES (125, 'SKU-66710', 'cortopp 34/75', NULL, 1, 0, true, NULL) ON CONFLICT (sku) DO UPDATE SET stock_quantity = EXCLUDED.stock_quantity, size = EXCLUDED.size, active = EXCLUDED.active;
INSERT INTO prices (variant_id, amount, currency) SELECT id, 2800, 'Br' FROM product_variants WHERE sku = 'SKU-66710' AND NOT EXISTS (SELECT 1 FROM prices WHERE variant_id = product_variants.id);
INSERT INTO product_images (product_id, url, position) VALUES (125, '/images/125/img_0166.jpeg', 0) ON CONFLICT DO NOTHING;
INSERT INTO products (id, title, slug, description, thumbnail, active, base_price) VALUES (126, 'Stone Wash Vandal Tee', 'stone-wash-vandal-tee', '', '/images/126/img_0040-1.jpeg', True, 3200) ON CONFLICT (id) DO UPDATE SET title = EXCLUDED.title, slug = EXCLUDED.slug, description = EXCLUDED.description, thumbnail = EXCLUDED.thumbnail, active = EXCLUDED.active, base_price = EXCLUDED.base_price;
INSERT INTO product_variants (product_id, sku, size, color, stock_quantity, price_adjustment, active, image) VALUES (126, 'SKU-66696', 'tee M', NULL, 1, 0, true, NULL) ON CONFLICT (sku) DO UPDATE SET stock_quantity = EXCLUDED.stock_quantity, size = EXCLUDED.size, active = EXCLUDED.active;
INSERT INTO prices (variant_id, amount, currency) SELECT id, 3200, 'Br' FROM product_variants WHERE sku = 'SKU-66696' AND NOT EXISTS (SELECT 1 FROM prices WHERE variant_id = product_variants.id);
INSERT INTO product_variants (product_id, sku, size, color, stock_quantity, price_adjustment, active, image) VALUES (126, 'SKU-66697', 'tee L', NULL, 1, 0, true, NULL) ON CONFLICT (sku) DO UPDATE SET stock_quantity = EXCLUDED.stock_quantity, size = EXCLUDED.size, active = EXCLUDED.active;
INSERT INTO prices (variant_id, amount, currency) SELECT id, 3200, 'Br' FROM product_variants WHERE sku = 'SKU-66697' AND NOT EXISTS (SELECT 1 FROM prices WHERE variant_id = product_variants.id);
INSERT INTO product_images (product_id, url, position) VALUES (126, '/images/126/img_0040-1.jpeg', 0) ON CONFLICT DO NOTHING;
INSERT INTO product_images (product_id, url, position) VALUES (126, '/images/126/img_0041.jpeg', 1) ON CONFLICT DO NOTHING;
INSERT INTO product_images (product_id, url, position) VALUES (126, '/images/126/img_0042-1.jpeg', 2) ON CONFLICT DO NOTHING;
INSERT INTO products (id, title, slug, description, thumbnail, active, base_price) VALUES (127, 'The Vivid Motion Jumpsuit - Blue', 'the-vivid-motion-jumpsuit-blue', '', '/images/127/img_0075.jpeg', True, 5900) ON CONFLICT (id) DO UPDATE SET title = EXCLUDED.title, slug = EXCLUDED.slug, description = EXCLUDED.description, thumbnail = EXCLUDED.thumbnail, active = EXCLUDED.active, base_price = EXCLUDED.base_price;
INSERT INTO product_variants (product_id, sku, size, color, stock_quantity, price_adjustment, active, image) VALUES (127, 'SKU-66705', 'Active Wear High Quality Jumpsuit M', NULL, 1, 0, true, NULL) ON CONFLICT (sku) DO UPDATE SET stock_quantity = EXCLUDED.stock_quantity, size = EXCLUDED.size, active = EXCLUDED.active;
INSERT INTO prices (variant_id, amount, currency) SELECT id, 5900, 'Br' FROM product_variants WHERE sku = 'SKU-66705' AND NOT EXISTS (SELECT 1 FROM prices WHERE variant_id = product_variants.id);
INSERT INTO product_variants (product_id, sku, size, color, stock_quantity, price_adjustment, active, image) VALUES (127, 'SKU-66706', 'Active Wear High Quality Jumpsuit L', NULL, 1, 0, true, NULL) ON CONFLICT (sku) DO UPDATE SET stock_quantity = EXCLUDED.stock_quantity, size = EXCLUDED.size, active = EXCLUDED.active;
INSERT INTO prices (variant_id, amount, currency) SELECT id, 5900, 'Br' FROM product_variants WHERE sku = 'SKU-66706' AND NOT EXISTS (SELECT 1 FROM prices WHERE variant_id = product_variants.id);
INSERT INTO product_variants (product_id, sku, size, color, stock_quantity, price_adjustment, active, image) VALUES (127, 'SKU-66707', 'Active Wear High Quality Jumpsuit XL', NULL, 1, 0, true, NULL) ON CONFLICT (sku) DO UPDATE SET stock_quantity = EXCLUDED.stock_quantity, size = EXCLUDED.size, active = EXCLUDED.active;
INSERT INTO prices (variant_id, amount, currency) SELECT id, 5900, 'Br' FROM product_variants WHERE sku = 'SKU-66707' AND NOT EXISTS (SELECT 1 FROM prices WHERE variant_id = product_variants.id);
INSERT INTO product_images (product_id, url, position) VALUES (127, '/images/127/img_0075.jpeg', 0) ON CONFLICT DO NOTHING;
INSERT INTO product_images (product_id, url, position) VALUES (127, '/images/127/img_0076.jpeg', 1) ON CONFLICT DO NOTHING;
INSERT INTO product_images (product_id, url, position) VALUES (127, '/images/127/img_0077.jpeg', 2) ON CONFLICT DO NOTHING;
INSERT INTO products (id, title, slug, description, thumbnail, active, base_price) VALUES (128, 'The Sand Dune Boned Corset Top', 'the-sand-dune-boned-corset-top', '', '/images/128/img_0672.jpeg', True, 2800) ON CONFLICT (id) DO UPDATE SET title = EXCLUDED.title, slug = EXCLUDED.slug, description = EXCLUDED.description, thumbnail = EXCLUDED.thumbnail, active = EXCLUDED.active, base_price = EXCLUDED.base_price;
INSERT INTO product_variants (product_id, sku, size, color, stock_quantity, price_adjustment, active, image) VALUES (128, 'SKU-66780', 'crop top 40/90', NULL, 1, 0, true, NULL) ON CONFLICT (sku) DO UPDATE SET stock_quantity = EXCLUDED.stock_quantity, size = EXCLUDED.size, active = EXCLUDED.active;
INSERT INTO prices (variant_id, amount, currency) SELECT id, 2800, 'Br' FROM product_variants WHERE sku = 'SKU-66780' AND NOT EXISTS (SELECT 1 FROM prices WHERE variant_id = product_variants.id);
INSERT INTO product_images (product_id, url, position) VALUES (128, '/images/128/img_0672.jpeg', 0) ON CONFLICT DO NOTHING;
INSERT INTO products (id, title, slug, description, thumbnail, active, base_price) VALUES (129, 'Celine Belt - Brown', 'celine-belt-brown', '', '/images/129/img_0418.jpeg', True, 2600) ON CONFLICT (id) DO UPDATE SET title = EXCLUDED.title, slug = EXCLUDED.slug, description = EXCLUDED.description, thumbnail = EXCLUDED.thumbnail, active = EXCLUDED.active, base_price = EXCLUDED.base_price;
INSERT INTO product_variants (product_id, sku, size, color, stock_quantity, price_adjustment, active, image) VALUES (129, 'SKU-66772', 'belt', NULL, 1, 0, true, NULL) ON CONFLICT (sku) DO UPDATE SET stock_quantity = EXCLUDED.stock_quantity, size = EXCLUDED.size, active = EXCLUDED.active;
INSERT INTO prices (variant_id, amount, currency) SELECT id, 2600, 'Br' FROM product_variants WHERE sku = 'SKU-66772' AND NOT EXISTS (SELECT 1 FROM prices WHERE variant_id = product_variants.id);
INSERT INTO product_images (product_id, url, position) VALUES (129, '/images/129/img_0418.jpeg', 0) ON CONFLICT DO NOTHING;
INSERT INTO product_images (product_id, url, position) VALUES (129, '/images/129/img_0417.jpeg', 1) ON CONFLICT DO NOTHING;
INSERT INTO products (id, title, slug, description, thumbnail, active, base_price) VALUES (130, 'Zara Chrome Arc Geometric Bag', 'zara-chrome-arc-geometric-bag', '', '/images/130/img_0603.jpeg', True, 4500) ON CONFLICT (id) DO UPDATE SET title = EXCLUDED.title, slug = EXCLUDED.slug, description = EXCLUDED.description, thumbnail = EXCLUDED.thumbnail, active = EXCLUDED.active, base_price = EXCLUDED.base_price;
INSERT INTO product_variants (product_id, sku, size, color, stock_quantity, price_adjustment, active, image) VALUES (130, 'SKU-66774', 'bag', NULL, 1, 0, true, NULL) ON CONFLICT (sku) DO UPDATE SET stock_quantity = EXCLUDED.stock_quantity, size = EXCLUDED.size, active = EXCLUDED.active;
INSERT INTO prices (variant_id, amount, currency) SELECT id, 4500, 'Br' FROM product_variants WHERE sku = 'SKU-66774' AND NOT EXISTS (SELECT 1 FROM prices WHERE variant_id = product_variants.id);
INSERT INTO product_images (product_id, url, position) VALUES (130, '/images/130/img_0603.jpeg', 0) ON CONFLICT DO NOTHING;
INSERT INTO products (id, title, slug, description, thumbnail, active, base_price) VALUES (131, 'Primark Knot Detail Lace-Up Flat', 'primark-knot-detail-lace-up-flat', '<ol><li><p></p></li></ol><p></p>', '/images/131/photo_2025-11-03-19.05.54.jpeg', True, 4400) ON CONFLICT (id) DO UPDATE SET title = EXCLUDED.title, slug = EXCLUDED.slug, description = EXCLUDED.description, thumbnail = EXCLUDED.thumbnail, active = EXCLUDED.active, base_price = EXCLUDED.base_price;
INSERT INTO product_variants (product_id, sku, size, color, stock_quantity, price_adjustment, active, image) VALUES (131, 'SKU-66720', 'flat 35', NULL, 1, 0, true, NULL) ON CONFLICT (sku) DO UPDATE SET stock_quantity = EXCLUDED.stock_quantity, size = EXCLUDED.size, active = EXCLUDED.active;
INSERT INTO prices (variant_id, amount, currency) SELECT id, 4400, 'Br' FROM product_variants WHERE sku = 'SKU-66720' AND NOT EXISTS (SELECT 1 FROM prices WHERE variant_id = product_variants.id);
INSERT INTO product_variants (product_id, sku, size, color, stock_quantity, price_adjustment, active, image) VALUES (131, 'SKU-66721', 'flat 36', NULL, 1, 0, true, NULL) ON CONFLICT (sku) DO UPDATE SET stock_quantity = EXCLUDED.stock_quantity, size = EXCLUDED.size, active = EXCLUDED.active;
INSERT INTO prices (variant_id, amount, currency) SELECT id, 4400, 'Br' FROM product_variants WHERE sku = 'SKU-66721' AND NOT EXISTS (SELECT 1 FROM prices WHERE variant_id = product_variants.id);
INSERT INTO product_variants (product_id, sku, size, color, stock_quantity, price_adjustment, active, image) VALUES (131, 'SKU-66722', 'flat 38', NULL, 1, 0, true, NULL) ON CONFLICT (sku) DO UPDATE SET stock_quantity = EXCLUDED.stock_quantity, size = EXCLUDED.size, active = EXCLUDED.active;
INSERT INTO prices (variant_id, amount, currency) SELECT id, 4400, 'Br' FROM product_variants WHERE sku = 'SKU-66722' AND NOT EXISTS (SELECT 1 FROM prices WHERE variant_id = product_variants.id);
INSERT INTO product_variants (product_id, sku, size, color, stock_quantity, price_adjustment, active, image) VALUES (131, 'SKU-66723', 'flat 39', NULL, 1, 0, true, NULL) ON CONFLICT (sku) DO UPDATE SET stock_quantity = EXCLUDED.stock_quantity, size = EXCLUDED.size, active = EXCLUDED.active;
INSERT INTO prices (variant_id, amount, currency) SELECT id, 4400, 'Br' FROM product_variants WHERE sku = 'SKU-66723' AND NOT EXISTS (SELECT 1 FROM prices WHERE variant_id = product_variants.id);
INSERT INTO product_images (product_id, url, position) VALUES (131, '/images/131/photo_2025-11-03-19.05.54.jpeg', 0) ON CONFLICT DO NOTHING;
INSERT INTO product_images (product_id, url, position) VALUES (131, '/images/131/img_0190.png', 1) ON CONFLICT DO NOTHING;
INSERT INTO product_images (product_id, url, position) VALUES (131, '/images/131/img_0191.png', 2) ON CONFLICT DO NOTHING;
INSERT INTO product_images (product_id, url, position) VALUES (131, '/images/131/img_0189.jpeg', 3) ON CONFLICT DO NOTHING;
INSERT INTO products (id, title, slug, description, thumbnail, active, base_price) VALUES (132, '3D Cat Print Stone Washed Oversized T-Shirt', '3d-cat-print-stone-washed-oversized-t-shirt', '', '/images/132/photo_2025-11-03-19.13.13.jpeg', True, 3200) ON CONFLICT (id) DO UPDATE SET title = EXCLUDED.title, slug = EXCLUDED.slug, description = EXCLUDED.description, thumbnail = EXCLUDED.thumbnail, active = EXCLUDED.active, base_price = EXCLUDED.base_price;
INSERT INTO product_variants (product_id, sku, size, color, stock_quantity, price_adjustment, active, image) VALUES (132, 'SKU-66745', 'tee4 M', NULL, 1, 0, true, NULL) ON CONFLICT (sku) DO UPDATE SET stock_quantity = EXCLUDED.stock_quantity, size = EXCLUDED.size, active = EXCLUDED.active;
INSERT INTO prices (variant_id, amount, currency) SELECT id, 3200, 'Br' FROM product_variants WHERE sku = 'SKU-66745' AND NOT EXISTS (SELECT 1 FROM prices WHERE variant_id = product_variants.id);
INSERT INTO product_variants (product_id, sku, size, color, stock_quantity, price_adjustment, active, image) VALUES (132, 'SKU-66746', 'tee4 L', NULL, 1, 0, true, NULL) ON CONFLICT (sku) DO UPDATE SET stock_quantity = EXCLUDED.stock_quantity, size = EXCLUDED.size, active = EXCLUDED.active;
INSERT INTO prices (variant_id, amount, currency) SELECT id, 3200, 'Br' FROM product_variants WHERE sku = 'SKU-66746' AND NOT EXISTS (SELECT 1 FROM prices WHERE variant_id = product_variants.id);
INSERT INTO product_variants (product_id, sku, size, color, stock_quantity, price_adjustment, active, image) VALUES (132, 'SKU-66747', 'tee4 XL', NULL, 1, 0, true, NULL) ON CONFLICT (sku) DO UPDATE SET stock_quantity = EXCLUDED.stock_quantity, size = EXCLUDED.size, active = EXCLUDED.active;
INSERT INTO prices (variant_id, amount, currency) SELECT id, 3200, 'Br' FROM product_variants WHERE sku = 'SKU-66747' AND NOT EXISTS (SELECT 1 FROM prices WHERE variant_id = product_variants.id);
INSERT INTO product_variants (product_id, sku, size, color, stock_quantity, price_adjustment, active, image) VALUES (132, 'SKU-66748', 'tee4 3XL', NULL, 1, 0, true, NULL) ON CONFLICT (sku) DO UPDATE SET stock_quantity = EXCLUDED.stock_quantity, size = EXCLUDED.size, active = EXCLUDED.active;
INSERT INTO prices (variant_id, amount, currency) SELECT id, 3200, 'Br' FROM product_variants WHERE sku = 'SKU-66748' AND NOT EXISTS (SELECT 1 FROM prices WHERE variant_id = product_variants.id);
INSERT INTO product_images (product_id, url, position) VALUES (132, '/images/132/photo_2025-11-03-19.13.13.jpeg', 0) ON CONFLICT DO NOTHING;
INSERT INTO product_images (product_id, url, position) VALUES (132, '/images/132/img_0246.jpeg', 1) ON CONFLICT DO NOTHING;
INSERT INTO product_images (product_id, url, position) VALUES (132, '/images/132/img_0245.jpeg', 2) ON CONFLICT DO NOTHING;
INSERT INTO products (id, title, slug, description, thumbnail, active, base_price) VALUES (133, 'Embroidered Mesh Corset Top', 'embroidered-mesh-corset-top', '', '/images/133/photo_2025-11-03-19.04.59.jpeg', True, 2800) ON CONFLICT (id) DO UPDATE SET title = EXCLUDED.title, slug = EXCLUDED.slug, description = EXCLUDED.description, thumbnail = EXCLUDED.thumbnail, active = EXCLUDED.active, base_price = EXCLUDED.base_price;
INSERT INTO product_variants (product_id, sku, size, color, stock_quantity, price_adjustment, active, image) VALUES (133, 'SKU-66750', 'corset 6 40/90', NULL, 1, 0, true, NULL) ON CONFLICT (sku) DO UPDATE SET stock_quantity = EXCLUDED.stock_quantity, size = EXCLUDED.size, active = EXCLUDED.active;
INSERT INTO prices (variant_id, amount, currency) SELECT id, 2800, 'Br' FROM product_variants WHERE sku = 'SKU-66750' AND NOT EXISTS (SELECT 1 FROM prices WHERE variant_id = product_variants.id);
INSERT INTO product_images (product_id, url, position) VALUES (133, '/images/133/photo_2025-11-03-19.04.59.jpeg', 0) ON CONFLICT DO NOTHING;
INSERT INTO products (id, title, slug, description, thumbnail, active, base_price) VALUES (134, 'Ripped Light Wash Denim Pants Jeans', 'ripped-light-wash-denim-pants-jeans', '', '/images/134/img_0231.jpeg', True, 5400) ON CONFLICT (id) DO UPDATE SET title = EXCLUDED.title, slug = EXCLUDED.slug, description = EXCLUDED.description, thumbnail = EXCLUDED.thumbnail, active = EXCLUDED.active, base_price = EXCLUDED.base_price;
INSERT INTO product_variants (product_id, sku, size, color, stock_quantity, price_adjustment, active, image) VALUES (134, 'SKU-66735', 'romp2 S', NULL, 1, 0, true, NULL) ON CONFLICT (sku) DO UPDATE SET stock_quantity = EXCLUDED.stock_quantity, size = EXCLUDED.size, active = EXCLUDED.active;
INSERT INTO prices (variant_id, amount, currency) SELECT id, 5600, 'Br' FROM product_variants WHERE sku = 'SKU-66735' AND NOT EXISTS (SELECT 1 FROM prices WHERE variant_id = product_variants.id);
INSERT INTO product_variants (product_id, sku, size, color, stock_quantity, price_adjustment, active, image) VALUES (134, 'SKU-66736', 'romp2 M', NULL, 1, 0, true, NULL) ON CONFLICT (sku) DO UPDATE SET stock_quantity = EXCLUDED.stock_quantity, size = EXCLUDED.size, active = EXCLUDED.active;
INSERT INTO prices (variant_id, amount, currency) SELECT id, 5600, 'Br' FROM product_variants WHERE sku = 'SKU-66736' AND NOT EXISTS (SELECT 1 FROM prices WHERE variant_id = product_variants.id);
INSERT INTO product_variants (product_id, sku, size, color, stock_quantity, price_adjustment, active, image) VALUES (134, '1', 'romp2 L', NULL, 1, 0, true, NULL) ON CONFLICT (sku) DO UPDATE SET stock_quantity = EXCLUDED.stock_quantity, size = EXCLUDED.size, active = EXCLUDED.active;
INSERT INTO prices (variant_id, amount, currency) SELECT id, 5400, 'Br' FROM product_variants WHERE sku = '1' AND NOT EXISTS (SELECT 1 FROM prices WHERE variant_id = product_variants.id);
INSERT INTO product_images (product_id, url, position) VALUES (134, '/images/134/img_0231.jpeg', 0) ON CONFLICT DO NOTHING;
INSERT INTO product_images (product_id, url, position) VALUES (134, '/images/134/img_0234.jpeg', 1) ON CONFLICT DO NOTHING;
INSERT INTO product_images (product_id, url, position) VALUES (134, '/images/134/img_0232.jpeg', 2) ON CONFLICT DO NOTHING;
INSERT INTO products (id, title, slug, description, thumbnail, active, base_price) VALUES (135, 'Classic Lock Hobo Bag', 'classic-lock-hobo-bag', '', '/images/135/img_0204.jpeg', True, 4500) ON CONFLICT (id) DO UPDATE SET title = EXCLUDED.title, slug = EXCLUDED.slug, description = EXCLUDED.description, thumbnail = EXCLUDED.thumbnail, active = EXCLUDED.active, base_price = EXCLUDED.base_price;
INSERT INTO product_variants (product_id, sku, size, color, stock_quantity, price_adjustment, active, image) VALUES (135, 'SKU-66726', 'bagg', NULL, 1, 0, true, NULL) ON CONFLICT (sku) DO UPDATE SET stock_quantity = EXCLUDED.stock_quantity, size = EXCLUDED.size, active = EXCLUDED.active;
INSERT INTO prices (variant_id, amount, currency) SELECT id, 4500, 'Br' FROM product_variants WHERE sku = 'SKU-66726' AND NOT EXISTS (SELECT 1 FROM prices WHERE variant_id = product_variants.id);
INSERT INTO product_images (product_id, url, position) VALUES (135, '/images/135/img_0204.jpeg', 0) ON CONFLICT DO NOTHING;
INSERT INTO product_images (product_id, url, position) VALUES (135, '/images/135/img_0205.jpeg', 1) ON CONFLICT DO NOTHING;
INSERT INTO products (id, title, slug, description, thumbnail, active, base_price) VALUES (136, 'Red Sheer Floral Lace Corset Top ', 'red-sheer-floral-lace-corset-top', '', '/images/136/img_0687.jpeg', True, 2800) ON CONFLICT (id) DO UPDATE SET title = EXCLUDED.title, slug = EXCLUDED.slug, description = EXCLUDED.description, thumbnail = EXCLUDED.thumbnail, active = EXCLUDED.active, base_price = EXCLUDED.base_price;
INSERT INTO product_variants (product_id, sku, size, color, stock_quantity, price_adjustment, active, image) VALUES (136, 'SKU-66786', 'crop top L', NULL, 1, 0, true, NULL) ON CONFLICT (sku) DO UPDATE SET stock_quantity = EXCLUDED.stock_quantity, size = EXCLUDED.size, active = EXCLUDED.active;
INSERT INTO prices (variant_id, amount, currency) SELECT id, 2800, 'Br' FROM product_variants WHERE sku = 'SKU-66786' AND NOT EXISTS (SELECT 1 FROM prices WHERE variant_id = product_variants.id);
INSERT INTO product_images (product_id, url, position) VALUES (136, '/images/136/img_0687.jpeg', 0) ON CONFLICT DO NOTHING;
INSERT INTO product_images (product_id, url, position) VALUES (136, '/images/136/img_0688.jpeg', 1) ON CONFLICT DO NOTHING;
INSERT INTO product_images (product_id, url, position) VALUES (136, '/images/136/img_0689.jpeg', 2) ON CONFLICT DO NOTHING;
INSERT INTO products (id, title, slug, description, thumbnail, active, base_price) VALUES (137, 'test', 'test-5', '', NULL, True, 33) ON CONFLICT (id) DO UPDATE SET title = EXCLUDED.title, slug = EXCLUDED.slug, description = EXCLUDED.description, thumbnail = EXCLUDED.thumbnail, active = EXCLUDED.active, base_price = EXCLUDED.base_price;
INSERT INTO product_variants (product_id, sku, size, color, stock_quantity, price_adjustment, active, image) VALUES (137, 'SKU-66577', 'test', NULL, 1, 0, true, NULL) ON CONFLICT (sku) DO UPDATE SET stock_quantity = EXCLUDED.stock_quantity, size = EXCLUDED.size, active = EXCLUDED.active;
INSERT INTO prices (variant_id, amount, currency) SELECT id, 33, 'Br' FROM product_variants WHERE sku = 'SKU-66577' AND NOT EXISTS (SELECT 1 FROM prices WHERE variant_id = product_variants.id);
INSERT INTO products (id, title, slug, description, thumbnail, active, base_price) VALUES (138, 'Nike High Neck Jumpsuit - Grey', 'nike-high-neck-jumpsuit-grey', '', '/images/138/img_0348.jpeg', True, 3900) ON CONFLICT (id) DO UPDATE SET title = EXCLUDED.title, slug = EXCLUDED.slug, description = EXCLUDED.description, thumbnail = EXCLUDED.thumbnail, active = EXCLUDED.active, base_price = EXCLUDED.base_price;
INSERT INTO product_variants (product_id, sku, size, color, stock_quantity, price_adjustment, active, image) VALUES (138, 'SKU-66763', 'Nike High Neck Jumpsuit  L', NULL, 1, 0, true, NULL) ON CONFLICT (sku) DO UPDATE SET stock_quantity = EXCLUDED.stock_quantity, size = EXCLUDED.size, active = EXCLUDED.active;
INSERT INTO prices (variant_id, amount, currency) SELECT id, 3900, 'Br' FROM product_variants WHERE sku = 'SKU-66763' AND NOT EXISTS (SELECT 1 FROM prices WHERE variant_id = product_variants.id);
INSERT INTO product_variants (product_id, sku, size, color, stock_quantity, price_adjustment, active, image) VALUES (138, 'SKU-66764', 'Nike High Neck Jumpsuit  XL', NULL, 1, 0, true, NULL) ON CONFLICT (sku) DO UPDATE SET stock_quantity = EXCLUDED.stock_quantity, size = EXCLUDED.size, active = EXCLUDED.active;
INSERT INTO prices (variant_id, amount, currency) SELECT id, 3900, 'Br' FROM product_variants WHERE sku = 'SKU-66764' AND NOT EXISTS (SELECT 1 FROM prices WHERE variant_id = product_variants.id);
INSERT INTO product_images (product_id, url, position) VALUES (138, '/images/138/img_0348.jpeg', 0) ON CONFLICT DO NOTHING;
INSERT INTO products (id, title, slug, description, thumbnail, active, base_price) VALUES (139, 'Relaxed Fit Vintage Blue Jeans Pants', 'relaxed-fit-vintage-blue-jeans-pants', '', '/images/139/img_1039.jpeg', True, 5400) ON CONFLICT (id) DO UPDATE SET title = EXCLUDED.title, slug = EXCLUDED.slug, description = EXCLUDED.description, thumbnail = EXCLUDED.thumbnail, active = EXCLUDED.active, base_price = EXCLUDED.base_price;
INSERT INTO product_variants (product_id, sku, size, color, stock_quantity, price_adjustment, active, image) VALUES (139, 'SKU-66812', 'jeans L', NULL, 1, 0, true, NULL) ON CONFLICT (sku) DO UPDATE SET stock_quantity = EXCLUDED.stock_quantity, size = EXCLUDED.size, active = EXCLUDED.active;
INSERT INTO prices (variant_id, amount, currency) SELECT id, 5400, 'Br' FROM product_variants WHERE sku = 'SKU-66812' AND NOT EXISTS (SELECT 1 FROM prices WHERE variant_id = product_variants.id);
INSERT INTO product_variants (product_id, sku, size, color, stock_quantity, price_adjustment, active, image) VALUES (139, 'SKU-66813', 'jeans XL', NULL, 1, 0, true, NULL) ON CONFLICT (sku) DO UPDATE SET stock_quantity = EXCLUDED.stock_quantity, size = EXCLUDED.size, active = EXCLUDED.active;
INSERT INTO prices (variant_id, amount, currency) SELECT id, 5400, 'Br' FROM product_variants WHERE sku = 'SKU-66813' AND NOT EXISTS (SELECT 1 FROM prices WHERE variant_id = product_variants.id);
INSERT INTO product_images (product_id, url, position) VALUES (139, '/images/139/img_1039.jpeg', 0) ON CONFLICT DO NOTHING;
INSERT INTO product_images (product_id, url, position) VALUES (139, '/images/139/img_1040.jpeg', 1) ON CONFLICT DO NOTHING;
INSERT INTO product_images (product_id, url, position) VALUES (139, '/images/139/img_1041.jpeg', 2) ON CONFLICT DO NOTHING;
INSERT INTO products (id, title, slug, description, thumbnail, active, base_price) VALUES (140, 'Black Contrast Collar Button Vest Top', 'black-contrast-collar-button-vest-top', '', '/images/140/img_0804.jpeg', True, 3400) ON CONFLICT (id) DO UPDATE SET title = EXCLUDED.title, slug = EXCLUDED.slug, description = EXCLUDED.description, thumbnail = EXCLUDED.thumbnail, active = EXCLUDED.active, base_price = EXCLUDED.base_price;
INSERT INTO product_variants (product_id, sku, size, color, stock_quantity, price_adjustment, active, image) VALUES (140, 'SKU-66789', 'ktop FREE', NULL, 1, 0, true, NULL) ON CONFLICT (sku) DO UPDATE SET stock_quantity = EXCLUDED.stock_quantity, size = EXCLUDED.size, active = EXCLUDED.active;
INSERT INTO prices (variant_id, amount, currency) SELECT id, 3400, 'Br' FROM product_variants WHERE sku = 'SKU-66789' AND NOT EXISTS (SELECT 1 FROM prices WHERE variant_id = product_variants.id);
INSERT INTO product_images (product_id, url, position) VALUES (140, '/images/140/img_0804.jpeg', 0) ON CONFLICT DO NOTHING;
INSERT INTO products (id, title, slug, description, thumbnail, active, base_price) VALUES (141, 'Zara Black Oval Crossbody Bag with Gold Accent', 'zara-black-oval-crossbody-bag-with-gold-accent', '', '/images/141/img_0829.jpeg', True, 0) ON CONFLICT (id) DO UPDATE SET title = EXCLUDED.title, slug = EXCLUDED.slug, description = EXCLUDED.description, thumbnail = EXCLUDED.thumbnail, active = EXCLUDED.active, base_price = EXCLUDED.base_price;
INSERT INTO product_images (product_id, url, position) VALUES (141, '/images/141/img_0829.jpeg', 0) ON CONFLICT DO NOTHING;
INSERT INTO products (id, title, slug, description, thumbnail, active, base_price) VALUES (142, 'Bodycon Maxi Dress with Sheer Overlay', 'bodycon-maxi-dress-with-sheer-overlay', '', '/images/142/img_1399.jpeg', True, 4900) ON CONFLICT (id) DO UPDATE SET title = EXCLUDED.title, slug = EXCLUDED.slug, description = EXCLUDED.description, thumbnail = EXCLUDED.thumbnail, active = EXCLUDED.active, base_price = EXCLUDED.base_price;
INSERT INTO product_variants (product_id, sku, size, color, stock_quantity, price_adjustment, active, image) VALUES (142, 'SKU-66853', 'dress M', NULL, 1, 0, true, NULL) ON CONFLICT (sku) DO UPDATE SET stock_quantity = EXCLUDED.stock_quantity, size = EXCLUDED.size, active = EXCLUDED.active;
INSERT INTO prices (variant_id, amount, currency) SELECT id, 4900, 'Br' FROM product_variants WHERE sku = 'SKU-66853' AND NOT EXISTS (SELECT 1 FROM prices WHERE variant_id = product_variants.id);
INSERT INTO product_images (product_id, url, position) VALUES (142, '/images/142/img_1399.jpeg', 0) ON CONFLICT DO NOTHING;
INSERT INTO product_images (product_id, url, position) VALUES (142, '/images/142/img_1400.jpeg', 1) ON CONFLICT DO NOTHING;
INSERT INTO product_images (product_id, url, position) VALUES (142, '/images/142/img_1402.jpeg', 2) ON CONFLICT DO NOTHING;
INSERT INTO product_images (product_id, url, position) VALUES (142, '/images/142/img_1401.jpeg', 3) ON CONFLICT DO NOTHING;
INSERT INTO product_images (product_id, url, position) VALUES (142, '/images/142/img_1403.jpeg', 4) ON CONFLICT DO NOTHING;
INSERT INTO products (id, title, slug, description, thumbnail, active, base_price) VALUES (143, 'Loro Piana Style Beige Suede Loafers - Cream', 'loro-piana-style-beige-suede-loafers-cream', '', '/images/143/img_1608.jpeg', True, 5400) ON CONFLICT (id) DO UPDATE SET title = EXCLUDED.title, slug = EXCLUDED.slug, description = EXCLUDED.description, thumbnail = EXCLUDED.thumbnail, active = EXCLUDED.active, base_price = EXCLUDED.base_price;
INSERT INTO product_variants (product_id, sku, size, color, stock_quantity, price_adjustment, active, image) VALUES (143, 'SKU-66869', 'sho 36', NULL, 1, 0, true, NULL) ON CONFLICT (sku) DO UPDATE SET stock_quantity = EXCLUDED.stock_quantity, size = EXCLUDED.size, active = EXCLUDED.active;
INSERT INTO prices (variant_id, amount, currency) SELECT id, 5400, 'Br' FROM product_variants WHERE sku = 'SKU-66869' AND NOT EXISTS (SELECT 1 FROM prices WHERE variant_id = product_variants.id);
INSERT INTO product_variants (product_id, sku, size, color, stock_quantity, price_adjustment, active, image) VALUES (143, 'SKU-66870', 'sho 37', NULL, 1, 0, true, NULL) ON CONFLICT (sku) DO UPDATE SET stock_quantity = EXCLUDED.stock_quantity, size = EXCLUDED.size, active = EXCLUDED.active;
INSERT INTO prices (variant_id, amount, currency) SELECT id, 5400, 'Br' FROM product_variants WHERE sku = 'SKU-66870' AND NOT EXISTS (SELECT 1 FROM prices WHERE variant_id = product_variants.id);
INSERT INTO product_variants (product_id, sku, size, color, stock_quantity, price_adjustment, active, image) VALUES (143, 'SKU-66871', 'sho 38', NULL, 1, 0, true, NULL) ON CONFLICT (sku) DO UPDATE SET stock_quantity = EXCLUDED.stock_quantity, size = EXCLUDED.size, active = EXCLUDED.active;
INSERT INTO prices (variant_id, amount, currency) SELECT id, 5400, 'Br' FROM product_variants WHERE sku = 'SKU-66871' AND NOT EXISTS (SELECT 1 FROM prices WHERE variant_id = product_variants.id);
INSERT INTO product_variants (product_id, sku, size, color, stock_quantity, price_adjustment, active, image) VALUES (143, 'SKU-66872', 'sho 39', NULL, 1, 0, true, NULL) ON CONFLICT (sku) DO UPDATE SET stock_quantity = EXCLUDED.stock_quantity, size = EXCLUDED.size, active = EXCLUDED.active;
INSERT INTO prices (variant_id, amount, currency) SELECT id, 5400, 'Br' FROM product_variants WHERE sku = 'SKU-66872' AND NOT EXISTS (SELECT 1 FROM prices WHERE variant_id = product_variants.id);
INSERT INTO product_variants (product_id, sku, size, color, stock_quantity, price_adjustment, active, image) VALUES (143, 'SKU-66873', 'sho 40', NULL, 1, 0, true, NULL) ON CONFLICT (sku) DO UPDATE SET stock_quantity = EXCLUDED.stock_quantity, size = EXCLUDED.size, active = EXCLUDED.active;
INSERT INTO prices (variant_id, amount, currency) SELECT id, 5400, 'Br' FROM product_variants WHERE sku = 'SKU-66873' AND NOT EXISTS (SELECT 1 FROM prices WHERE variant_id = product_variants.id);
INSERT INTO product_images (product_id, url, position) VALUES (143, '/images/143/img_1608.jpeg', 0) ON CONFLICT DO NOTHING;
INSERT INTO products (id, title, slug, description, thumbnail, active, base_price) VALUES (144, 'YSL Chevron Crossbody Wallet Bag', 'ysl-chevron-crossbody-wallet-bag', '', '/images/144/img_1038-1.jpeg', True, 4800) ON CONFLICT (id) DO UPDATE SET title = EXCLUDED.title, slug = EXCLUDED.slug, description = EXCLUDED.description, thumbnail = EXCLUDED.thumbnail, active = EXCLUDED.active, base_price = EXCLUDED.base_price;
INSERT INTO product_variants (product_id, sku, size, color, stock_quantity, price_adjustment, active, image) VALUES (144, 'SKU-66808', 'bag', NULL, 1, 0, true, NULL) ON CONFLICT (sku) DO UPDATE SET stock_quantity = EXCLUDED.stock_quantity, size = EXCLUDED.size, active = EXCLUDED.active;
INSERT INTO prices (variant_id, amount, currency) SELECT id, 4800, 'Br' FROM product_variants WHERE sku = 'SKU-66808' AND NOT EXISTS (SELECT 1 FROM prices WHERE variant_id = product_variants.id);
INSERT INTO product_images (product_id, url, position) VALUES (144, '/images/144/img_1038-1.jpeg', 0) ON CONFLICT DO NOTHING;
INSERT INTO products (id, title, slug, description, thumbnail, active, base_price) VALUES (145, 'Dark Brown Leather Top Handle Bag', 'dark-brown-leather-top-handle-bag', '', '/images/145/img_1050.jpeg', True, 4800) ON CONFLICT (id) DO UPDATE SET title = EXCLUDED.title, slug = EXCLUDED.slug, description = EXCLUDED.description, thumbnail = EXCLUDED.thumbnail, active = EXCLUDED.active, base_price = EXCLUDED.base_price;
INSERT INTO product_variants (product_id, sku, size, color, stock_quantity, price_adjustment, active, image) VALUES (145, 'SKU-66814', 'bag', NULL, 1, 0, true, NULL) ON CONFLICT (sku) DO UPDATE SET stock_quantity = EXCLUDED.stock_quantity, size = EXCLUDED.size, active = EXCLUDED.active;
INSERT INTO prices (variant_id, amount, currency) SELECT id, 4800, 'Br' FROM product_variants WHERE sku = 'SKU-66814' AND NOT EXISTS (SELECT 1 FROM prices WHERE variant_id = product_variants.id);
INSERT INTO product_images (product_id, url, position) VALUES (145, '/images/145/img_1050.jpeg', 0) ON CONFLICT DO NOTHING;
INSERT INTO products (id, title, slug, description, thumbnail, active, base_price) VALUES (146, 'YSL Chevron Crossbody Wallet Bag - Brown', 'ysl-chevron-crossbody-wallet-bag-brown', '', '/images/146/img_1064.jpeg', True, 4800) ON CONFLICT (id) DO UPDATE SET title = EXCLUDED.title, slug = EXCLUDED.slug, description = EXCLUDED.description, thumbnail = EXCLUDED.thumbnail, active = EXCLUDED.active, base_price = EXCLUDED.base_price;
INSERT INTO product_variants (product_id, sku, size, color, stock_quantity, price_adjustment, active, image) VALUES (146, 'SKU-66818', 'bag', NULL, 1, 0, true, NULL) ON CONFLICT (sku) DO UPDATE SET stock_quantity = EXCLUDED.stock_quantity, size = EXCLUDED.size, active = EXCLUDED.active;
INSERT INTO prices (variant_id, amount, currency) SELECT id, 4800, 'Br' FROM product_variants WHERE sku = 'SKU-66818' AND NOT EXISTS (SELECT 1 FROM prices WHERE variant_id = product_variants.id);
INSERT INTO product_images (product_id, url, position) VALUES (146, '/images/146/img_1064.jpeg', 0) ON CONFLICT DO NOTHING;
INSERT INTO product_images (product_id, url, position) VALUES (146, '/images/146/img_1063.jpeg', 1) ON CONFLICT DO NOTHING;
INSERT INTO products (id, title, slug, description, thumbnail, active, base_price) VALUES (147, 'Chanel Paris Denim Top Handle Bag - Dark Grey', 'chanel-paris-denim-top-handle-bag-dark-grey', '', '/images/147/img_1089.jpeg', True, 4800) ON CONFLICT (id) DO UPDATE SET title = EXCLUDED.title, slug = EXCLUDED.slug, description = EXCLUDED.description, thumbnail = EXCLUDED.thumbnail, active = EXCLUDED.active, base_price = EXCLUDED.base_price;
INSERT INTO product_variants (product_id, sku, size, color, stock_quantity, price_adjustment, active, image) VALUES (147, 'SKU-66823', 'bag', NULL, 1, 0, true, NULL) ON CONFLICT (sku) DO UPDATE SET stock_quantity = EXCLUDED.stock_quantity, size = EXCLUDED.size, active = EXCLUDED.active;
INSERT INTO prices (variant_id, amount, currency) SELECT id, 4800, 'Br' FROM product_variants WHERE sku = 'SKU-66823' AND NOT EXISTS (SELECT 1 FROM prices WHERE variant_id = product_variants.id);
INSERT INTO product_images (product_id, url, position) VALUES (147, '/images/147/img_1089.jpeg', 0) ON CONFLICT DO NOTHING;
INSERT INTO products (id, title, slug, description, thumbnail, active, base_price) VALUES (148, 'Satin Floral Embossed Baseball Hat - White', 'satin-floral-embossed-baseball-hat-white', '', '/images/148/img_1088.jpeg', True, 1900) ON CONFLICT (id) DO UPDATE SET title = EXCLUDED.title, slug = EXCLUDED.slug, description = EXCLUDED.description, thumbnail = EXCLUDED.thumbnail, active = EXCLUDED.active, base_price = EXCLUDED.base_price;
INSERT INTO product_variants (product_id, sku, size, color, stock_quantity, price_adjustment, active, image) VALUES (148, 'SKU-66831', 'cap', NULL, 1, 0, true, NULL) ON CONFLICT (sku) DO UPDATE SET stock_quantity = EXCLUDED.stock_quantity, size = EXCLUDED.size, active = EXCLUDED.active;
INSERT INTO prices (variant_id, amount, currency) SELECT id, 1900, 'Br' FROM product_variants WHERE sku = 'SKU-66831' AND NOT EXISTS (SELECT 1 FROM prices WHERE variant_id = product_variants.id);
INSERT INTO product_images (product_id, url, position) VALUES (148, '/images/148/img_1088.jpeg', 0) ON CONFLICT DO NOTHING;
INSERT INTO products (id, title, slug, description, thumbnail, active, base_price) VALUES (149, 'Cat Face Stone Washed Loose Tee', 'cat-face-stone-washed-loose-tee', '', '/images/149/photo_2025-11-03-18.30.15.jpeg', True, 3200) ON CONFLICT (id) DO UPDATE SET title = EXCLUDED.title, slug = EXCLUDED.slug, description = EXCLUDED.description, thumbnail = EXCLUDED.thumbnail, active = EXCLUDED.active, base_price = EXCLUDED.base_price;
INSERT INTO product_variants (product_id, sku, size, color, stock_quantity, price_adjustment, active, image) VALUES (149, 'SKU-66515', 'tee3 M', NULL, 1, 0, true, NULL) ON CONFLICT (sku) DO UPDATE SET stock_quantity = EXCLUDED.stock_quantity, size = EXCLUDED.size, active = EXCLUDED.active;
INSERT INTO prices (variant_id, amount, currency) SELECT id, 3200, 'Br' FROM product_variants WHERE sku = 'SKU-66515' AND NOT EXISTS (SELECT 1 FROM prices WHERE variant_id = product_variants.id);
INSERT INTO product_variants (product_id, sku, size, color, stock_quantity, price_adjustment, active, image) VALUES (149, 'SKU-66516', 'tee3 L', NULL, 1, 0, true, NULL) ON CONFLICT (sku) DO UPDATE SET stock_quantity = EXCLUDED.stock_quantity, size = EXCLUDED.size, active = EXCLUDED.active;
INSERT INTO prices (variant_id, amount, currency) SELECT id, 3200, 'Br' FROM product_variants WHERE sku = 'SKU-66516' AND NOT EXISTS (SELECT 1 FROM prices WHERE variant_id = product_variants.id);
INSERT INTO product_variants (product_id, sku, size, color, stock_quantity, price_adjustment, active, image) VALUES (149, 'SKU-66517', 'tee3 XL', NULL, 1, 0, true, NULL) ON CONFLICT (sku) DO UPDATE SET stock_quantity = EXCLUDED.stock_quantity, size = EXCLUDED.size, active = EXCLUDED.active;
INSERT INTO prices (variant_id, amount, currency) SELECT id, 3200, 'Br' FROM product_variants WHERE sku = 'SKU-66517' AND NOT EXISTS (SELECT 1 FROM prices WHERE variant_id = product_variants.id);
INSERT INTO product_images (product_id, url, position) VALUES (149, '/images/149/photo_2025-11-03-18.30.15.jpeg', 0) ON CONFLICT DO NOTHING;
INSERT INTO product_images (product_id, url, position) VALUES (149, '/images/149/img_2390.jpeg', 1) ON CONFLICT DO NOTHING;
INSERT INTO products (id, title, slug, description, thumbnail, active, base_price) VALUES (150, 'Casual Cotton Cap with Simple Stitch Design Hat - Black', 'casual-cotton-cap-with-simple-stitch-design-hat-black', '', '/images/150/img_1168.jpeg', True, 1900) ON CONFLICT (id) DO UPDATE SET title = EXCLUDED.title, slug = EXCLUDED.slug, description = EXCLUDED.description, thumbnail = EXCLUDED.thumbnail, active = EXCLUDED.active, base_price = EXCLUDED.base_price;
INSERT INTO product_variants (product_id, sku, size, color, stock_quantity, price_adjustment, active, image) VALUES (150, 'SKU-66839', 'cap', NULL, 1, 0, true, NULL) ON CONFLICT (sku) DO UPDATE SET stock_quantity = EXCLUDED.stock_quantity, size = EXCLUDED.size, active = EXCLUDED.active;
INSERT INTO prices (variant_id, amount, currency) SELECT id, 1900, 'Br' FROM product_variants WHERE sku = 'SKU-66839' AND NOT EXISTS (SELECT 1 FROM prices WHERE variant_id = product_variants.id);
INSERT INTO product_images (product_id, url, position) VALUES (150, '/images/150/img_1168.jpeg', 0) ON CONFLICT DO NOTHING;
INSERT INTO products (id, title, slug, description, thumbnail, active, base_price) VALUES (151, 'NIRVANA Print Stone Washed Loose Tee', 'nirvana-print-stone-washed-loose-tee', '', '/images/151/photo_2025-11-03-18.33.17.jpeg', True, 3200) ON CONFLICT (id) DO UPDATE SET title = EXCLUDED.title, slug = EXCLUDED.slug, description = EXCLUDED.description, thumbnail = EXCLUDED.thumbnail, active = EXCLUDED.active, base_price = EXCLUDED.base_price;
INSERT INTO product_variants (product_id, sku, size, color, stock_quantity, price_adjustment, active, image) VALUES (151, 'SKU-66521', 'tee5 M', NULL, 1, 0, true, NULL) ON CONFLICT (sku) DO UPDATE SET stock_quantity = EXCLUDED.stock_quantity, size = EXCLUDED.size, active = EXCLUDED.active;
INSERT INTO prices (variant_id, amount, currency) SELECT id, 3200, 'Br' FROM product_variants WHERE sku = 'SKU-66521' AND NOT EXISTS (SELECT 1 FROM prices WHERE variant_id = product_variants.id);
INSERT INTO product_variants (product_id, sku, size, color, stock_quantity, price_adjustment, active, image) VALUES (151, 'SKU-66523', 'tee5 XL', NULL, 1, 0, true, NULL) ON CONFLICT (sku) DO UPDATE SET stock_quantity = EXCLUDED.stock_quantity, size = EXCLUDED.size, active = EXCLUDED.active;
INSERT INTO prices (variant_id, amount, currency) SELECT id, 3200, 'Br' FROM product_variants WHERE sku = 'SKU-66523' AND NOT EXISTS (SELECT 1 FROM prices WHERE variant_id = product_variants.id);
INSERT INTO product_variants (product_id, sku, size, color, stock_quantity, price_adjustment, active, image) VALUES (151, 'SKU-66522', 'tee5 L', NULL, 1, 0, true, NULL) ON CONFLICT (sku) DO UPDATE SET stock_quantity = EXCLUDED.stock_quantity, size = EXCLUDED.size, active = EXCLUDED.active;
INSERT INTO prices (variant_id, amount, currency) SELECT id, 3200, 'Br' FROM product_variants WHERE sku = 'SKU-66522' AND NOT EXISTS (SELECT 1 FROM prices WHERE variant_id = product_variants.id);
INSERT INTO product_images (product_id, url, position) VALUES (151, '/images/151/photo_2025-11-03-18.33.17.jpeg', 0) ON CONFLICT DO NOTHING;
INSERT INTO product_images (product_id, url, position) VALUES (151, '/images/151/img_2394.jpeg', 1) ON CONFLICT DO NOTHING;
INSERT INTO products (id, title, slug, description, thumbnail, active, base_price) VALUES (152, 'YSL Chevron Crossbody Wallet Bag - Red', 'ysl-chevron-crossbody-wallet-bag-red', '', '/images/152/img_1187__02.jpeg', True, 4800) ON CONFLICT (id) DO UPDATE SET title = EXCLUDED.title, slug = EXCLUDED.slug, description = EXCLUDED.description, thumbnail = EXCLUDED.thumbnail, active = EXCLUDED.active, base_price = EXCLUDED.base_price;
INSERT INTO product_variants (product_id, sku, size, color, stock_quantity, price_adjustment, active, image) VALUES (152, 'SKU-66845', 'bag', NULL, 1, 0, true, NULL) ON CONFLICT (sku) DO UPDATE SET stock_quantity = EXCLUDED.stock_quantity, size = EXCLUDED.size, active = EXCLUDED.active;
INSERT INTO prices (variant_id, amount, currency) SELECT id, 4800, 'Br' FROM product_variants WHERE sku = 'SKU-66845' AND NOT EXISTS (SELECT 1 FROM prices WHERE variant_id = product_variants.id);
INSERT INTO product_images (product_id, url, position) VALUES (152, '/images/152/img_1187__02.jpeg', 0) ON CONFLICT DO NOTHING;
INSERT INTO products (id, title, slug, description, thumbnail, active, base_price) VALUES (153, 'Abstract Portrait Print Stone Washed Loose Tee', 'abstract-portrait-print-stone-washed-loose-tee', '', '/images/153/photo_2025-11-03-18.32.28.jpeg', True, 3200) ON CONFLICT (id) DO UPDATE SET title = EXCLUDED.title, slug = EXCLUDED.slug, description = EXCLUDED.description, thumbnail = EXCLUDED.thumbnail, active = EXCLUDED.active, base_price = EXCLUDED.base_price;
INSERT INTO product_variants (product_id, sku, size, color, stock_quantity, price_adjustment, active, image) VALUES (153, 'SKU-66530', 'tee8 M', NULL, 1, 0, true, NULL) ON CONFLICT (sku) DO UPDATE SET stock_quantity = EXCLUDED.stock_quantity, size = EXCLUDED.size, active = EXCLUDED.active;
INSERT INTO prices (variant_id, amount, currency) SELECT id, 3200, 'Br' FROM product_variants WHERE sku = 'SKU-66530' AND NOT EXISTS (SELECT 1 FROM prices WHERE variant_id = product_variants.id);
INSERT INTO product_variants (product_id, sku, size, color, stock_quantity, price_adjustment, active, image) VALUES (153, 'SKU-66531', 'tee8 L', NULL, 1, 0, true, NULL) ON CONFLICT (sku) DO UPDATE SET stock_quantity = EXCLUDED.stock_quantity, size = EXCLUDED.size, active = EXCLUDED.active;
INSERT INTO prices (variant_id, amount, currency) SELECT id, 3200, 'Br' FROM product_variants WHERE sku = 'SKU-66531' AND NOT EXISTS (SELECT 1 FROM prices WHERE variant_id = product_variants.id);
INSERT INTO product_variants (product_id, sku, size, color, stock_quantity, price_adjustment, active, image) VALUES (153, 'SKU-66532', 'tee8 XL', NULL, 1, 0, true, NULL) ON CONFLICT (sku) DO UPDATE SET stock_quantity = EXCLUDED.stock_quantity, size = EXCLUDED.size, active = EXCLUDED.active;
INSERT INTO prices (variant_id, amount, currency) SELECT id, 3200, 'Br' FROM product_variants WHERE sku = 'SKU-66532' AND NOT EXISTS (SELECT 1 FROM prices WHERE variant_id = product_variants.id);
INSERT INTO product_images (product_id, url, position) VALUES (153, '/images/153/photo_2025-11-03-18.32.28.jpeg', 0) ON CONFLICT DO NOTHING;
INSERT INTO product_images (product_id, url, position) VALUES (153, '/images/153/img_2402.jpeg', 1) ON CONFLICT DO NOTHING;
INSERT INTO products (id, title, slug, description, thumbnail, active, base_price) VALUES (154, 'Blue Studded Mary Jane Flats', 'blue-studded-mary-jane-flats', '', '/images/154/img_1612.jpeg', True, 5400) ON CONFLICT (id) DO UPDATE SET title = EXCLUDED.title, slug = EXCLUDED.slug, description = EXCLUDED.description, thumbnail = EXCLUDED.thumbnail, active = EXCLUDED.active, base_price = EXCLUDED.base_price;
INSERT INTO product_variants (product_id, sku, size, color, stock_quantity, price_adjustment, active, image) VALUES (154, 'SKU-66862', 'flat sho 36', NULL, 1, 0, true, NULL) ON CONFLICT (sku) DO UPDATE SET stock_quantity = EXCLUDED.stock_quantity, size = EXCLUDED.size, active = EXCLUDED.active;
INSERT INTO prices (variant_id, amount, currency) SELECT id, 5400, 'Br' FROM product_variants WHERE sku = 'SKU-66862' AND NOT EXISTS (SELECT 1 FROM prices WHERE variant_id = product_variants.id);
INSERT INTO product_variants (product_id, sku, size, color, stock_quantity, price_adjustment, active, image) VALUES (154, 'SKU-66863', 'flat sho 39', NULL, 1, 0, true, NULL) ON CONFLICT (sku) DO UPDATE SET stock_quantity = EXCLUDED.stock_quantity, size = EXCLUDED.size, active = EXCLUDED.active;
INSERT INTO prices (variant_id, amount, currency) SELECT id, 5400, 'Br' FROM product_variants WHERE sku = 'SKU-66863' AND NOT EXISTS (SELECT 1 FROM prices WHERE variant_id = product_variants.id);
INSERT INTO product_images (product_id, url, position) VALUES (154, '/images/154/img_1612.jpeg', 0) ON CONFLICT DO NOTHING;
INSERT INTO product_images (product_id, url, position) VALUES (154, '/images/154/img_1611.jpeg', 1) ON CONFLICT DO NOTHING;
INSERT INTO product_images (product_id, url, position) VALUES (154, '/images/154/img_1610.jpeg', 2) ON CONFLICT DO NOTHING;
INSERT INTO products (id, title, slug, description, thumbnail, active, base_price) VALUES (155, 'Forever 21 Active Wear High Quality Jumpsuit - Brown', 'forever-21-active-wear-high-quality-jumpsuit-brown-1', '', '/images/155/img_1796.jpeg', True, 5900) ON CONFLICT (id) DO UPDATE SET title = EXCLUDED.title, slug = EXCLUDED.slug, description = EXCLUDED.description, thumbnail = EXCLUDED.thumbnail, active = EXCLUDED.active, base_price = EXCLUDED.base_price;
INSERT INTO product_variants (product_id, sku, size, color, stock_quantity, price_adjustment, active, image) VALUES (155, 'SKU-66892', 'Forever 21 Active Wear High Quality Jumpsuit S', NULL, 1, 0, true, NULL) ON CONFLICT (sku) DO UPDATE SET stock_quantity = EXCLUDED.stock_quantity, size = EXCLUDED.size, active = EXCLUDED.active;
INSERT INTO prices (variant_id, amount, currency) SELECT id, 5900, 'Br' FROM product_variants WHERE sku = 'SKU-66892' AND NOT EXISTS (SELECT 1 FROM prices WHERE variant_id = product_variants.id);
INSERT INTO product_variants (product_id, sku, size, color, stock_quantity, price_adjustment, active, image) VALUES (155, 'SKU-66893', 'Forever 21 Active Wear High Quality Jumpsuit XL', NULL, 1, 0, true, NULL) ON CONFLICT (sku) DO UPDATE SET stock_quantity = EXCLUDED.stock_quantity, size = EXCLUDED.size, active = EXCLUDED.active;
INSERT INTO prices (variant_id, amount, currency) SELECT id, 5900, 'Br' FROM product_variants WHERE sku = 'SKU-66893' AND NOT EXISTS (SELECT 1 FROM prices WHERE variant_id = product_variants.id);
INSERT INTO product_images (product_id, url, position) VALUES (155, '/images/155/img_1796.jpeg', 0) ON CONFLICT DO NOTHING;
INSERT INTO product_images (product_id, url, position) VALUES (155, '/images/155/img_1797.jpeg', 1) ON CONFLICT DO NOTHING;
INSERT INTO product_images (product_id, url, position) VALUES (155, '/images/155/img_1798.jpeg', 2) ON CONFLICT DO NOTHING;
INSERT INTO products (id, title, slug, description, thumbnail, active, base_price) VALUES (156, 'Loro Piana Style Beige Suede Loafers - Black', 'loro-piana-style-beige-suede-loafers-black', '', '/images/156/img_1606.jpeg', True, 5400) ON CONFLICT (id) DO UPDATE SET title = EXCLUDED.title, slug = EXCLUDED.slug, description = EXCLUDED.description, thumbnail = EXCLUDED.thumbnail, active = EXCLUDED.active, base_price = EXCLUDED.base_price;
INSERT INTO product_variants (product_id, sku, size, color, stock_quantity, price_adjustment, active, image) VALUES (156, 'SKU-66865', 'sho 36', NULL, 1, 0, true, NULL) ON CONFLICT (sku) DO UPDATE SET stock_quantity = EXCLUDED.stock_quantity, size = EXCLUDED.size, active = EXCLUDED.active;
INSERT INTO prices (variant_id, amount, currency) SELECT id, 5400, 'Br' FROM product_variants WHERE sku = 'SKU-66865' AND NOT EXISTS (SELECT 1 FROM prices WHERE variant_id = product_variants.id);
INSERT INTO product_variants (product_id, sku, size, color, stock_quantity, price_adjustment, active, image) VALUES (156, 'SKU-66866', 'sho 38', NULL, 1, 0, true, NULL) ON CONFLICT (sku) DO UPDATE SET stock_quantity = EXCLUDED.stock_quantity, size = EXCLUDED.size, active = EXCLUDED.active;
INSERT INTO prices (variant_id, amount, currency) SELECT id, 5400, 'Br' FROM product_variants WHERE sku = 'SKU-66866' AND NOT EXISTS (SELECT 1 FROM prices WHERE variant_id = product_variants.id);
INSERT INTO product_variants (product_id, sku, size, color, stock_quantity, price_adjustment, active, image) VALUES (156, 'SKU-66867', 'sho 39', NULL, 1, 0, true, NULL) ON CONFLICT (sku) DO UPDATE SET stock_quantity = EXCLUDED.stock_quantity, size = EXCLUDED.size, active = EXCLUDED.active;
INSERT INTO prices (variant_id, amount, currency) SELECT id, 5400, 'Br' FROM product_variants WHERE sku = 'SKU-66867' AND NOT EXISTS (SELECT 1 FROM prices WHERE variant_id = product_variants.id);
INSERT INTO product_variants (product_id, sku, size, color, stock_quantity, price_adjustment, active, image) VALUES (156, 'SKU-66868', 'sho 40', NULL, 1, 0, true, NULL) ON CONFLICT (sku) DO UPDATE SET stock_quantity = EXCLUDED.stock_quantity, size = EXCLUDED.size, active = EXCLUDED.active;
INSERT INTO prices (variant_id, amount, currency) SELECT id, 5400, 'Br' FROM product_variants WHERE sku = 'SKU-66868' AND NOT EXISTS (SELECT 1 FROM prices WHERE variant_id = product_variants.id);
INSERT INTO product_images (product_id, url, position) VALUES (156, '/images/156/img_1606.jpeg', 0) ON CONFLICT DO NOTHING;
INSERT INTO product_images (product_id, url, position) VALUES (156, '/images/156/img_1605.jpeg', 1) ON CONFLICT DO NOTHING;
INSERT INTO products (id, title, slug, description, thumbnail, active, base_price) VALUES (157, 'Disney The Electric Trainer Hi-Top Kids Shoes ', 'disney-the-electric-trainer-hi-top-kids-shoes', '', '/images/157/img_2868.jpeg', True, 5400) ON CONFLICT (id) DO UPDATE SET title = EXCLUDED.title, slug = EXCLUDED.slug, description = EXCLUDED.description, thumbnail = EXCLUDED.thumbnail, active = EXCLUDED.active, base_price = EXCLUDED.base_price;
INSERT INTO product_variants (product_id, sku, size, color, stock_quantity, price_adjustment, active, image) VALUES (157, 'SKU-66650', 'disney 14 37', NULL, 1, 0, true, NULL) ON CONFLICT (sku) DO UPDATE SET stock_quantity = EXCLUDED.stock_quantity, size = EXCLUDED.size, active = EXCLUDED.active;
INSERT INTO prices (variant_id, amount, currency) SELECT id, 5400, 'Br' FROM product_variants WHERE sku = 'SKU-66650' AND NOT EXISTS (SELECT 1 FROM prices WHERE variant_id = product_variants.id);
INSERT INTO product_images (product_id, url, position) VALUES (157, '/images/157/img_2868.jpeg', 0) ON CONFLICT DO NOTHING;
INSERT INTO product_images (product_id, url, position) VALUES (157, '/images/157/img_2872.jpeg', 1) ON CONFLICT DO NOTHING;
INSERT INTO product_images (product_id, url, position) VALUES (157, '/images/157/img_2871.jpeg', 2) ON CONFLICT DO NOTHING;
INSERT INTO product_images (product_id, url, position) VALUES (157, '/images/157/img_2870.jpeg', 3) ON CONFLICT DO NOTHING;
INSERT INTO products (id, title, slug, description, thumbnail, active, base_price) VALUES (158, 'Forever21 Cobalt Hourglass Tank Dress', 'forever21-cobalt-hourglass-tank-dress', '', '/images/158/photo_2025-10-11-12.37.24.jpeg', True, 3900) ON CONFLICT (id) DO UPDATE SET title = EXCLUDED.title, slug = EXCLUDED.slug, description = EXCLUDED.description, thumbnail = EXCLUDED.thumbnail, active = EXCLUDED.active, base_price = EXCLUDED.base_price;
INSERT INTO product_variants (product_id, sku, size, color, stock_quantity, price_adjustment, active, image) VALUES (158, 'SKU-66658', 'dress 1 S-M', NULL, 1, 0, true, NULL) ON CONFLICT (sku) DO UPDATE SET stock_quantity = EXCLUDED.stock_quantity, size = EXCLUDED.size, active = EXCLUDED.active;
INSERT INTO prices (variant_id, amount, currency) SELECT id, 3900, 'Br' FROM product_variants WHERE sku = 'SKU-66658' AND NOT EXISTS (SELECT 1 FROM prices WHERE variant_id = product_variants.id);
INSERT INTO product_variants (product_id, sku, size, color, stock_quantity, price_adjustment, active, image) VALUES (158, 'SKU-66659', 'dress 1 M-L', NULL, 1, 0, true, NULL) ON CONFLICT (sku) DO UPDATE SET stock_quantity = EXCLUDED.stock_quantity, size = EXCLUDED.size, active = EXCLUDED.active;
INSERT INTO prices (variant_id, amount, currency) SELECT id, 3900, 'Br' FROM product_variants WHERE sku = 'SKU-66659' AND NOT EXISTS (SELECT 1 FROM prices WHERE variant_id = product_variants.id);
INSERT INTO product_images (product_id, url, position) VALUES (158, '/images/158/photo_2025-10-11-12.37.24.jpeg', 0) ON CONFLICT DO NOTHING;
INSERT INTO products (id, title, slug, description, thumbnail, active, base_price) VALUES (159, 'Contrast Ruffle Midi Dress', 'contrast-ruffle-midi-dress', '', '/images/159/img_0370.jpeg', True, 5900) ON CONFLICT (id) DO UPDATE SET title = EXCLUDED.title, slug = EXCLUDED.slug, description = EXCLUDED.description, thumbnail = EXCLUDED.thumbnail, active = EXCLUDED.active, base_price = EXCLUDED.base_price;
INSERT INTO product_variants (product_id, sku, size, color, stock_quantity, price_adjustment, active, image) VALUES (159, 'SKU-66773', 'Contrast Ruffle Midi Dress FREE', NULL, 1, 0, true, NULL) ON CONFLICT (sku) DO UPDATE SET stock_quantity = EXCLUDED.stock_quantity, size = EXCLUDED.size, active = EXCLUDED.active;
INSERT INTO prices (variant_id, amount, currency) SELECT id, 5900, 'Br' FROM product_variants WHERE sku = 'SKU-66773' AND NOT EXISTS (SELECT 1 FROM prices WHERE variant_id = product_variants.id);
INSERT INTO product_images (product_id, url, position) VALUES (159, '/images/159/img_0370.jpeg', 0) ON CONFLICT DO NOTHING;
INSERT INTO product_images (product_id, url, position) VALUES (159, '/images/159/img_0369.jpeg', 1) ON CONFLICT DO NOTHING;
INSERT INTO products (id, title, slug, description, thumbnail, active, base_price) VALUES (160, 'Nike High Neck Jumpsuit - Pink', 'nike-high-neck-jumpsuit-pink', '', '/images/160/img_0346.jpeg', True, 3900) ON CONFLICT (id) DO UPDATE SET title = EXCLUDED.title, slug = EXCLUDED.slug, description = EXCLUDED.description, thumbnail = EXCLUDED.thumbnail, active = EXCLUDED.active, base_price = EXCLUDED.base_price;
INSERT INTO product_variants (product_id, sku, size, color, stock_quantity, price_adjustment, active, image) VALUES (160, 'SKU-66762', 'Nike High Neck Jumpsuit  M', NULL, 1, 0, true, NULL) ON CONFLICT (sku) DO UPDATE SET stock_quantity = EXCLUDED.stock_quantity, size = EXCLUDED.size, active = EXCLUDED.active;
INSERT INTO prices (variant_id, amount, currency) SELECT id, 3900, 'Br' FROM product_variants WHERE sku = 'SKU-66762' AND NOT EXISTS (SELECT 1 FROM prices WHERE variant_id = product_variants.id);
INSERT INTO product_images (product_id, url, position) VALUES (160, '/images/160/img_0346.jpeg', 0) ON CONFLICT DO NOTHING;
INSERT INTO products (id, title, slug, description, thumbnail, active, base_price) VALUES (161, 'Scribble Mesh Boned Bodice Corset Top', 'scribble-mesh-boned-bodice-corset-top', '', '/images/161/img_0047.jpeg', True, 2700) ON CONFLICT (id) DO UPDATE SET title = EXCLUDED.title, slug = EXCLUDED.slug, description = EXCLUDED.description, thumbnail = EXCLUDED.thumbnail, active = EXCLUDED.active, base_price = EXCLUDED.base_price;
INSERT INTO product_variants (product_id, sku, size, color, stock_quantity, price_adjustment, active, image) VALUES (161, 'SKU-66711', 'toop L', NULL, 1, 0, true, NULL) ON CONFLICT (sku) DO UPDATE SET stock_quantity = EXCLUDED.stock_quantity, size = EXCLUDED.size, active = EXCLUDED.active;
INSERT INTO prices (variant_id, amount, currency) SELECT id, 2700, 'Br' FROM product_variants WHERE sku = 'SKU-66711' AND NOT EXISTS (SELECT 1 FROM prices WHERE variant_id = product_variants.id);
INSERT INTO product_images (product_id, url, position) VALUES (161, '/images/161/img_0047.jpeg', 0) ON CONFLICT DO NOTHING;
INSERT INTO product_images (product_id, url, position) VALUES (161, '/images/161/img_0048.jpeg', 1) ON CONFLICT DO NOTHING;
INSERT INTO products (id, title, slug, description, thumbnail, active, base_price) VALUES (162, 'Original Fila Kids Slipper - Blue', 'original-fila-kids-slipper-blue', '', '/images/162/img_2699.jpeg', True, 3400) ON CONFLICT (id) DO UPDATE SET title = EXCLUDED.title, slug = EXCLUDED.slug, description = EXCLUDED.description, thumbnail = EXCLUDED.thumbnail, active = EXCLUDED.active, base_price = EXCLUDED.base_price;
INSERT INTO product_variants (product_id, sku, size, color, stock_quantity, price_adjustment, active, image) VALUES (162, 'SKU-66587', 'Original Fila Kids Slipper 29', NULL, 1, 0, true, NULL) ON CONFLICT (sku) DO UPDATE SET stock_quantity = EXCLUDED.stock_quantity, size = EXCLUDED.size, active = EXCLUDED.active;
INSERT INTO prices (variant_id, amount, currency) SELECT id, 3400, 'Br' FROM product_variants WHERE sku = 'SKU-66587' AND NOT EXISTS (SELECT 1 FROM prices WHERE variant_id = product_variants.id);
INSERT INTO product_variants (product_id, sku, size, color, stock_quantity, price_adjustment, active, image) VALUES (162, 'SKU-66588', 'Original Fila Kids Slipper 30', NULL, 1, 0, true, NULL) ON CONFLICT (sku) DO UPDATE SET stock_quantity = EXCLUDED.stock_quantity, size = EXCLUDED.size, active = EXCLUDED.active;
INSERT INTO prices (variant_id, amount, currency) SELECT id, 3400, 'Br' FROM product_variants WHERE sku = 'SKU-66588' AND NOT EXISTS (SELECT 1 FROM prices WHERE variant_id = product_variants.id);
INSERT INTO product_variants (product_id, sku, size, color, stock_quantity, price_adjustment, active, image) VALUES (162, 'SKU-66589', 'Original Fila Kids Slipper 31', NULL, 1, 0, true, NULL) ON CONFLICT (sku) DO UPDATE SET stock_quantity = EXCLUDED.stock_quantity, size = EXCLUDED.size, active = EXCLUDED.active;
INSERT INTO prices (variant_id, amount, currency) SELECT id, 3400, 'Br' FROM product_variants WHERE sku = 'SKU-66589' AND NOT EXISTS (SELECT 1 FROM prices WHERE variant_id = product_variants.id);
INSERT INTO product_variants (product_id, sku, size, color, stock_quantity, price_adjustment, active, image) VALUES (162, 'SKU-66591', 'Original Fila Kids Slipper 33', NULL, 1, 0, true, NULL) ON CONFLICT (sku) DO UPDATE SET stock_quantity = EXCLUDED.stock_quantity, size = EXCLUDED.size, active = EXCLUDED.active;
INSERT INTO prices (variant_id, amount, currency) SELECT id, 3400, 'Br' FROM product_variants WHERE sku = 'SKU-66591' AND NOT EXISTS (SELECT 1 FROM prices WHERE variant_id = product_variants.id);
INSERT INTO product_variants (product_id, sku, size, color, stock_quantity, price_adjustment, active, image) VALUES (162, 'SKU-66592', 'Original Fila Kids Slipper 34', NULL, 1, 0, true, NULL) ON CONFLICT (sku) DO UPDATE SET stock_quantity = EXCLUDED.stock_quantity, size = EXCLUDED.size, active = EXCLUDED.active;
INSERT INTO prices (variant_id, amount, currency) SELECT id, 3400, 'Br' FROM product_variants WHERE sku = 'SKU-66592' AND NOT EXISTS (SELECT 1 FROM prices WHERE variant_id = product_variants.id);
INSERT INTO product_variants (product_id, sku, size, color, stock_quantity, price_adjustment, active, image) VALUES (162, 'SKU-66593', 'Original Fila Kids Slipper 35', NULL, 1, 0, true, NULL) ON CONFLICT (sku) DO UPDATE SET stock_quantity = EXCLUDED.stock_quantity, size = EXCLUDED.size, active = EXCLUDED.active;
INSERT INTO prices (variant_id, amount, currency) SELECT id, 3400, 'Br' FROM product_variants WHERE sku = 'SKU-66593' AND NOT EXISTS (SELECT 1 FROM prices WHERE variant_id = product_variants.id);
INSERT INTO product_variants (product_id, sku, size, color, stock_quantity, price_adjustment, active, image) VALUES (162, 'SKU-66586', 'Original Fila Kids Slipper 28', NULL, 1, 0, true, NULL) ON CONFLICT (sku) DO UPDATE SET stock_quantity = EXCLUDED.stock_quantity, size = EXCLUDED.size, active = EXCLUDED.active;
INSERT INTO prices (variant_id, amount, currency) SELECT id, 3400, 'Br' FROM product_variants WHERE sku = 'SKU-66586' AND NOT EXISTS (SELECT 1 FROM prices WHERE variant_id = product_variants.id);
INSERT INTO product_variants (product_id, sku, size, color, stock_quantity, price_adjustment, active, image) VALUES (162, 'SKU-66590', 'Original Fila Kids Slipper 32', NULL, 1, 0, true, NULL) ON CONFLICT (sku) DO UPDATE SET stock_quantity = EXCLUDED.stock_quantity, size = EXCLUDED.size, active = EXCLUDED.active;
INSERT INTO prices (variant_id, amount, currency) SELECT id, 3400, 'Br' FROM product_variants WHERE sku = 'SKU-66590' AND NOT EXISTS (SELECT 1 FROM prices WHERE variant_id = product_variants.id);
INSERT INTO product_images (product_id, url, position) VALUES (162, '/images/162/img_2699.jpeg', 0) ON CONFLICT DO NOTHING;
INSERT INTO product_images (product_id, url, position) VALUES (162, '/images/162/img_2704.jpeg', 1) ON CONFLICT DO NOTHING;
INSERT INTO product_images (product_id, url, position) VALUES (162, '/images/162/img_2697.jpeg', 2) ON CONFLICT DO NOTHING;
INSERT INTO products (id, title, slug, description, thumbnail, active, base_price) VALUES (163, 'Latex Mesh Corset Shapewear', 'latex-mesh-corset-shapewear', '', '/images/163/img_0050.jpeg', True, 3900) ON CONFLICT (id) DO UPDATE SET title = EXCLUDED.title, slug = EXCLUDED.slug, description = EXCLUDED.description, thumbnail = EXCLUDED.thumbnail, active = EXCLUDED.active, base_price = EXCLUDED.base_price;
INSERT INTO product_variants (product_id, sku, size, color, stock_quantity, price_adjustment, active, image) VALUES (163, 'SKU-66698', 'corset XS', NULL, 1, 0, true, NULL) ON CONFLICT (sku) DO UPDATE SET stock_quantity = EXCLUDED.stock_quantity, size = EXCLUDED.size, active = EXCLUDED.active;
INSERT INTO prices (variant_id, amount, currency) SELECT id, 3900, 'Br' FROM product_variants WHERE sku = 'SKU-66698' AND NOT EXISTS (SELECT 1 FROM prices WHERE variant_id = product_variants.id);
INSERT INTO product_variants (product_id, sku, size, color, stock_quantity, price_adjustment, active, image) VALUES (163, 'SKU-66699', 'corset S', NULL, 1, 0, true, NULL) ON CONFLICT (sku) DO UPDATE SET stock_quantity = EXCLUDED.stock_quantity, size = EXCLUDED.size, active = EXCLUDED.active;
INSERT INTO prices (variant_id, amount, currency) SELECT id, 3900, 'Br' FROM product_variants WHERE sku = 'SKU-66699' AND NOT EXISTS (SELECT 1 FROM prices WHERE variant_id = product_variants.id);
INSERT INTO product_images (product_id, url, position) VALUES (163, '/images/163/img_0050.jpeg', 0) ON CONFLICT DO NOTHING;
INSERT INTO product_images (product_id, url, position) VALUES (163, '/images/163/img_0051.jpeg', 1) ON CONFLICT DO NOTHING;
INSERT INTO products (id, title, slug, description, thumbnail, active, base_price) VALUES (164, 'Original Fila Kids Slipper - Green', 'original-fila-kids-slipper-green', '', '/images/164/img_2716.jpeg', True, 3400) ON CONFLICT (id) DO UPDATE SET title = EXCLUDED.title, slug = EXCLUDED.slug, description = EXCLUDED.description, thumbnail = EXCLUDED.thumbnail, active = EXCLUDED.active, base_price = EXCLUDED.base_price;
INSERT INTO product_variants (product_id, sku, size, color, stock_quantity, price_adjustment, active, image) VALUES (164, 'SKU-66600', 'Original Fila Kids Slipper 29', NULL, 1, 0, true, NULL) ON CONFLICT (sku) DO UPDATE SET stock_quantity = EXCLUDED.stock_quantity, size = EXCLUDED.size, active = EXCLUDED.active;
INSERT INTO prices (variant_id, amount, currency) SELECT id, 3400, 'Br' FROM product_variants WHERE sku = 'SKU-66600' AND NOT EXISTS (SELECT 1 FROM prices WHERE variant_id = product_variants.id);
INSERT INTO product_variants (product_id, sku, size, color, stock_quantity, price_adjustment, active, image) VALUES (164, 'SKU-66601', 'Original Fila Kids Slipper 31', NULL, 1, 0, true, NULL) ON CONFLICT (sku) DO UPDATE SET stock_quantity = EXCLUDED.stock_quantity, size = EXCLUDED.size, active = EXCLUDED.active;
INSERT INTO prices (variant_id, amount, currency) SELECT id, 3400, 'Br' FROM product_variants WHERE sku = 'SKU-66601' AND NOT EXISTS (SELECT 1 FROM prices WHERE variant_id = product_variants.id);
INSERT INTO product_variants (product_id, sku, size, color, stock_quantity, price_adjustment, active, image) VALUES (164, 'SKU-66602', 'Original Fila Kids Slippe 33', NULL, 1, 0, true, NULL) ON CONFLICT (sku) DO UPDATE SET stock_quantity = EXCLUDED.stock_quantity, size = EXCLUDED.size, active = EXCLUDED.active;
INSERT INTO prices (variant_id, amount, currency) SELECT id, 3400, 'Br' FROM product_variants WHERE sku = 'SKU-66602' AND NOT EXISTS (SELECT 1 FROM prices WHERE variant_id = product_variants.id);
INSERT INTO product_variants (product_id, sku, size, color, stock_quantity, price_adjustment, active, image) VALUES (164, 'SKU-66603', 'Original Fila Kids Slippe 34', NULL, 1, 0, true, NULL) ON CONFLICT (sku) DO UPDATE SET stock_quantity = EXCLUDED.stock_quantity, size = EXCLUDED.size, active = EXCLUDED.active;
INSERT INTO prices (variant_id, amount, currency) SELECT id, 3400, 'Br' FROM product_variants WHERE sku = 'SKU-66603' AND NOT EXISTS (SELECT 1 FROM prices WHERE variant_id = product_variants.id);
INSERT INTO product_variants (product_id, sku, size, color, stock_quantity, price_adjustment, active, image) VALUES (164, 'SKU-66604', 'Original Fila Kids Slippe 35', NULL, 1, 0, true, NULL) ON CONFLICT (sku) DO UPDATE SET stock_quantity = EXCLUDED.stock_quantity, size = EXCLUDED.size, active = EXCLUDED.active;
INSERT INTO prices (variant_id, amount, currency) SELECT id, 3400, 'Br' FROM product_variants WHERE sku = 'SKU-66604' AND NOT EXISTS (SELECT 1 FROM prices WHERE variant_id = product_variants.id);
INSERT INTO product_variants (product_id, sku, size, color, stock_quantity, price_adjustment, active, image) VALUES (164, 'SKU-66599', 'Original Fila Kids Slipper  28', NULL, 1, 0, true, NULL) ON CONFLICT (sku) DO UPDATE SET stock_quantity = EXCLUDED.stock_quantity, size = EXCLUDED.size, active = EXCLUDED.active;
INSERT INTO prices (variant_id, amount, currency) SELECT id, 3400, 'Br' FROM product_variants WHERE sku = 'SKU-66599' AND NOT EXISTS (SELECT 1 FROM prices WHERE variant_id = product_variants.id);
INSERT INTO product_images (product_id, url, position) VALUES (164, '/images/164/img_2716.jpeg', 0) ON CONFLICT DO NOTHING;
INSERT INTO product_images (product_id, url, position) VALUES (164, '/images/164/img_2718.jpeg', 1) ON CONFLICT DO NOTHING;
INSERT INTO products (id, title, slug, description, thumbnail, active, base_price) VALUES (165, 'Distressed Denim Skirt ', 'distressed-denim-skirt', '', '/images/165/photo_2025-10-11-14.43.52.jpeg', True, 4400) ON CONFLICT (id) DO UPDATE SET title = EXCLUDED.title, slug = EXCLUDED.slug, description = EXCLUDED.description, thumbnail = EXCLUDED.thumbnail, active = EXCLUDED.active, base_price = EXCLUDED.base_price;
INSERT INTO product_variants (product_id, sku, size, color, stock_quantity, price_adjustment, active, image) VALUES (165, 'SKU-66578', 'Distressed Denim Skirt  S', NULL, 1, 0, true, NULL) ON CONFLICT (sku) DO UPDATE SET stock_quantity = EXCLUDED.stock_quantity, size = EXCLUDED.size, active = EXCLUDED.active;
INSERT INTO prices (variant_id, amount, currency) SELECT id, 4400, 'Br' FROM product_variants WHERE sku = 'SKU-66578' AND NOT EXISTS (SELECT 1 FROM prices WHERE variant_id = product_variants.id);
INSERT INTO product_variants (product_id, sku, size, color, stock_quantity, price_adjustment, active, image) VALUES (165, 'SKU-66579', 'Distressed Denim Skirt  M', NULL, 1, 0, true, NULL) ON CONFLICT (sku) DO UPDATE SET stock_quantity = EXCLUDED.stock_quantity, size = EXCLUDED.size, active = EXCLUDED.active;
INSERT INTO prices (variant_id, amount, currency) SELECT id, 4400, 'Br' FROM product_variants WHERE sku = 'SKU-66579' AND NOT EXISTS (SELECT 1 FROM prices WHERE variant_id = product_variants.id);
INSERT INTO product_images (product_id, url, position) VALUES (165, '/images/165/photo_2025-10-11-14.43.52.jpeg', 0) ON CONFLICT DO NOTHING;
INSERT INTO products (id, title, slug, description, thumbnail, active, base_price) VALUES (166, 'Mint Green Lace Crop TOP', 'mint-green-lace-crop-top', '', '/images/166/photo_2025-10-11-10.47.15.jpeg', True, 2800) ON CONFLICT (id) DO UPDATE SET title = EXCLUDED.title, slug = EXCLUDED.slug, description = EXCLUDED.description, thumbnail = EXCLUDED.thumbnail, active = EXCLUDED.active, base_price = EXCLUDED.base_price;
INSERT INTO product_variants (product_id, sku, size, color, stock_quantity, price_adjustment, active, image) VALUES (166, 'SKU-66581', 'Mint Green Lace Crop TOP 40/90', NULL, 1, 0, true, NULL) ON CONFLICT (sku) DO UPDATE SET stock_quantity = EXCLUDED.stock_quantity, size = EXCLUDED.size, active = EXCLUDED.active;
INSERT INTO prices (variant_id, amount, currency) SELECT id, 2800, 'Br' FROM product_variants WHERE sku = 'SKU-66581' AND NOT EXISTS (SELECT 1 FROM prices WHERE variant_id = product_variants.id);
INSERT INTO product_images (product_id, url, position) VALUES (166, '/images/166/photo_2025-10-11-10.47.15.jpeg', 0) ON CONFLICT DO NOTHING;
INSERT INTO products (id, title, slug, description, thumbnail, active, base_price) VALUES (167, 'Original Fila Kids Slipper - Red', 'original-fila-kids-slipper-red', '', '/images/167/img_2720.jpeg', True, 3400) ON CONFLICT (id) DO UPDATE SET title = EXCLUDED.title, slug = EXCLUDED.slug, description = EXCLUDED.description, thumbnail = EXCLUDED.thumbnail, active = EXCLUDED.active, base_price = EXCLUDED.base_price;
INSERT INTO product_variants (product_id, sku, size, color, stock_quantity, price_adjustment, active, image) VALUES (167, 'SKU-66610', 'Original Fila Kids Slipper 30', NULL, 1, 0, true, NULL) ON CONFLICT (sku) DO UPDATE SET stock_quantity = EXCLUDED.stock_quantity, size = EXCLUDED.size, active = EXCLUDED.active;
INSERT INTO prices (variant_id, amount, currency) SELECT id, 3400, 'Br' FROM product_variants WHERE sku = 'SKU-66610' AND NOT EXISTS (SELECT 1 FROM prices WHERE variant_id = product_variants.id);
INSERT INTO product_variants (product_id, sku, size, color, stock_quantity, price_adjustment, active, image) VALUES (167, 'SKU-66612', 'Original Fila Kids Slipper 32', NULL, 1, 0, true, NULL) ON CONFLICT (sku) DO UPDATE SET stock_quantity = EXCLUDED.stock_quantity, size = EXCLUDED.size, active = EXCLUDED.active;
INSERT INTO prices (variant_id, amount, currency) SELECT id, 3400, 'Br' FROM product_variants WHERE sku = 'SKU-66612' AND NOT EXISTS (SELECT 1 FROM prices WHERE variant_id = product_variants.id);
INSERT INTO product_variants (product_id, sku, size, color, stock_quantity, price_adjustment, active, image) VALUES (167, 'SKU-66613', 'Original Fila Kids Slipper 33', NULL, 1, 0, true, NULL) ON CONFLICT (sku) DO UPDATE SET stock_quantity = EXCLUDED.stock_quantity, size = EXCLUDED.size, active = EXCLUDED.active;
INSERT INTO prices (variant_id, amount, currency) SELECT id, 3400, 'Br' FROM product_variants WHERE sku = 'SKU-66613' AND NOT EXISTS (SELECT 1 FROM prices WHERE variant_id = product_variants.id);
INSERT INTO product_variants (product_id, sku, size, color, stock_quantity, price_adjustment, active, image) VALUES (167, 'SKU-66615', 'Original Fila Kids Slipper 35', NULL, 1, 0, true, NULL) ON CONFLICT (sku) DO UPDATE SET stock_quantity = EXCLUDED.stock_quantity, size = EXCLUDED.size, active = EXCLUDED.active;
INSERT INTO prices (variant_id, amount, currency) SELECT id, 3400, 'Br' FROM product_variants WHERE sku = 'SKU-66615' AND NOT EXISTS (SELECT 1 FROM prices WHERE variant_id = product_variants.id);
INSERT INTO product_variants (product_id, sku, size, color, stock_quantity, price_adjustment, active, image) VALUES (167, 'SKU-66611', 'Original Fila Kids Slipper 31', NULL, 1, 0, true, NULL) ON CONFLICT (sku) DO UPDATE SET stock_quantity = EXCLUDED.stock_quantity, size = EXCLUDED.size, active = EXCLUDED.active;
INSERT INTO prices (variant_id, amount, currency) SELECT id, 3400, 'Br' FROM product_variants WHERE sku = 'SKU-66611' AND NOT EXISTS (SELECT 1 FROM prices WHERE variant_id = product_variants.id);
INSERT INTO product_variants (product_id, sku, size, color, stock_quantity, price_adjustment, active, image) VALUES (167, 'SKU-66614', 'Original Fila Kids Slipper 34', NULL, 1, 0, true, NULL) ON CONFLICT (sku) DO UPDATE SET stock_quantity = EXCLUDED.stock_quantity, size = EXCLUDED.size, active = EXCLUDED.active;
INSERT INTO prices (variant_id, amount, currency) SELECT id, 3400, 'Br' FROM product_variants WHERE sku = 'SKU-66614' AND NOT EXISTS (SELECT 1 FROM prices WHERE variant_id = product_variants.id);
INSERT INTO product_images (product_id, url, position) VALUES (167, '/images/167/img_2720.jpeg', 0) ON CONFLICT DO NOTHING;
INSERT INTO product_images (product_id, url, position) VALUES (167, '/images/167/img_2722.jpeg', 1) ON CONFLICT DO NOTHING;
INSERT INTO product_images (product_id, url, position) VALUES (167, '/images/167/img_2724.jpeg', 2) ON CONFLICT DO NOTHING;
INSERT INTO product_images (product_id, url, position) VALUES (167, '/images/167/img_2721.jpeg', 3) ON CONFLICT DO NOTHING;
INSERT INTO product_images (product_id, url, position) VALUES (167, '/images/167/img_2723.jpeg', 4) ON CONFLICT DO NOTHING;
INSERT INTO products (id, title, slug, description, thumbnail, active, base_price) VALUES (168, 'Original Disney Super Mario Kids Shoes', 'original-disney-super-mario-kids-shoes', '', '/images/168/img_2782.jpeg', True, 5400) ON CONFLICT (id) DO UPDATE SET title = EXCLUDED.title, slug = EXCLUDED.slug, description = EXCLUDED.description, thumbnail = EXCLUDED.thumbnail, active = EXCLUDED.active, base_price = EXCLUDED.base_price;
INSERT INTO product_variants (product_id, sku, size, color, stock_quantity, price_adjustment, active, image) VALUES (168, 'SKU-66618', 'disney sho3 32', NULL, 1, 0, true, NULL) ON CONFLICT (sku) DO UPDATE SET stock_quantity = EXCLUDED.stock_quantity, size = EXCLUDED.size, active = EXCLUDED.active;
INSERT INTO prices (variant_id, amount, currency) SELECT id, 5400, 'Br' FROM product_variants WHERE sku = 'SKU-66618' AND NOT EXISTS (SELECT 1 FROM prices WHERE variant_id = product_variants.id);
INSERT INTO product_variants (product_id, sku, size, color, stock_quantity, price_adjustment, active, image) VALUES (168, 'SKU-66619', 'disney sho3 35', NULL, 1, 0, true, NULL) ON CONFLICT (sku) DO UPDATE SET stock_quantity = EXCLUDED.stock_quantity, size = EXCLUDED.size, active = EXCLUDED.active;
INSERT INTO prices (variant_id, amount, currency) SELECT id, 5400, 'Br' FROM product_variants WHERE sku = 'SKU-66619' AND NOT EXISTS (SELECT 1 FROM prices WHERE variant_id = product_variants.id);
INSERT INTO product_variants (product_id, sku, size, color, stock_quantity, price_adjustment, active, image) VALUES (168, 'SKU-66620', 'disney sho3 36', NULL, 1, 0, true, NULL) ON CONFLICT (sku) DO UPDATE SET stock_quantity = EXCLUDED.stock_quantity, size = EXCLUDED.size, active = EXCLUDED.active;
INSERT INTO prices (variant_id, amount, currency) SELECT id, 5400, 'Br' FROM product_variants WHERE sku = 'SKU-66620' AND NOT EXISTS (SELECT 1 FROM prices WHERE variant_id = product_variants.id);
INSERT INTO product_variants (product_id, sku, size, color, stock_quantity, price_adjustment, active, image) VALUES (168, 'SKU-66621', 'disney sho3 37', NULL, 1, 0, true, NULL) ON CONFLICT (sku) DO UPDATE SET stock_quantity = EXCLUDED.stock_quantity, size = EXCLUDED.size, active = EXCLUDED.active;
INSERT INTO prices (variant_id, amount, currency) SELECT id, 5400, 'Br' FROM product_variants WHERE sku = 'SKU-66621' AND NOT EXISTS (SELECT 1 FROM prices WHERE variant_id = product_variants.id);
INSERT INTO product_images (product_id, url, position) VALUES (168, '/images/168/img_2782.jpeg', 0) ON CONFLICT DO NOTHING;
INSERT INTO product_images (product_id, url, position) VALUES (168, '/images/168/img_2781.jpeg', 1) ON CONFLICT DO NOTHING;
INSERT INTO product_images (product_id, url, position) VALUES (168, '/images/168/img_2786.jpeg', 2) ON CONFLICT DO NOTHING;
INSERT INTO product_images (product_id, url, position) VALUES (168, '/images/168/img_2784.jpeg', 3) ON CONFLICT DO NOTHING;
INSERT INTO products (id, title, slug, description, thumbnail, active, base_price) VALUES (169, 'bag1', 'bag1-4', '', '/images/169/img_0829.jpeg', True, 0) ON CONFLICT (id) DO UPDATE SET title = EXCLUDED.title, slug = EXCLUDED.slug, description = EXCLUDED.description, thumbnail = EXCLUDED.thumbnail, active = EXCLUDED.active, base_price = EXCLUDED.base_price;
INSERT INTO product_images (product_id, url, position) VALUES (169, '/images/169/img_0829.jpeg', 0) ON CONFLICT DO NOTHING;
INSERT INTO products (id, title, slug, description, thumbnail, active, base_price) VALUES (170, 'Original Disney Bluey Star Court Kids Shoes', 'original-disney-bluey-star-court-kids-shoes', '', '/images/170/img_2733.jpeg', True, 5400) ON CONFLICT (id) DO UPDATE SET title = EXCLUDED.title, slug = EXCLUDED.slug, description = EXCLUDED.description, thumbnail = EXCLUDED.thumbnail, active = EXCLUDED.active, base_price = EXCLUDED.base_price;
INSERT INTO product_variants (product_id, sku, size, color, stock_quantity, price_adjustment, active, image) VALUES (170, 'SKU-66616', 'Original Disney Bluey Star Court Kids Shoes 24', NULL, 1, 0, true, NULL) ON CONFLICT (sku) DO UPDATE SET stock_quantity = EXCLUDED.stock_quantity, size = EXCLUDED.size, active = EXCLUDED.active;
INSERT INTO prices (variant_id, amount, currency) SELECT id, 5400, 'Br' FROM product_variants WHERE sku = 'SKU-66616' AND NOT EXISTS (SELECT 1 FROM prices WHERE variant_id = product_variants.id);
INSERT INTO product_images (product_id, url, position) VALUES (170, '/images/170/img_2733.jpeg', 0) ON CONFLICT DO NOTHING;
INSERT INTO product_images (product_id, url, position) VALUES (170, '/images/170/img_2734.jpeg', 1) ON CONFLICT DO NOTHING;
INSERT INTO products (id, title, slug, description, thumbnail, active, base_price) VALUES (172, 'bag1', 'bag1-5-2657', '', '/images/172/img_0829.jpeg', True, 0) ON CONFLICT (id) DO UPDATE SET title = EXCLUDED.title, slug = EXCLUDED.slug, description = EXCLUDED.description, thumbnail = EXCLUDED.thumbnail, active = EXCLUDED.active, base_price = EXCLUDED.base_price;
INSERT INTO product_images (product_id, url, position) VALUES (172, '/images/172/img_0829.jpeg', 0) ON CONFLICT DO NOTHING;
INSERT INTO products (id, title, slug, description, thumbnail, active, base_price) VALUES (173, 'Forever21 Amethyst Ribbed Racer Top', 'forever21-amethyst-ribbed-racer-top', '', '/images/173/img_0059.jpeg', True, 2400) ON CONFLICT (id) DO UPDATE SET title = EXCLUDED.title, slug = EXCLUDED.slug, description = EXCLUDED.description, thumbnail = EXCLUDED.thumbnail, active = EXCLUDED.active, base_price = EXCLUDED.base_price;
INSERT INTO product_variants (product_id, sku, size, color, stock_quantity, price_adjustment, active, image) VALUES (173, 'SKU-66708', 'topp L', NULL, 1, 0, true, NULL) ON CONFLICT (sku) DO UPDATE SET stock_quantity = EXCLUDED.stock_quantity, size = EXCLUDED.size, active = EXCLUDED.active;
INSERT INTO prices (variant_id, amount, currency) SELECT id, 2400, 'Br' FROM product_variants WHERE sku = 'SKU-66708' AND NOT EXISTS (SELECT 1 FROM prices WHERE variant_id = product_variants.id);
INSERT INTO product_images (product_id, url, position) VALUES (173, '/images/173/img_0059.jpeg', 0) ON CONFLICT DO NOTHING;
INSERT INTO products (id, title, slug, description, thumbnail, active, base_price) VALUES (175, 'bag1', 'bag1-5-2658', '', '/images/175/img_0829.jpeg', True, 0) ON CONFLICT (id) DO UPDATE SET title = EXCLUDED.title, slug = EXCLUDED.slug, description = EXCLUDED.description, thumbnail = EXCLUDED.thumbnail, active = EXCLUDED.active, base_price = EXCLUDED.base_price;
INSERT INTO product_images (product_id, url, position) VALUES (175, '/images/175/img_0829.jpeg', 0) ON CONFLICT DO NOTHING;
INSERT INTO products (id, title, slug, description, thumbnail, active, base_price) VALUES (176, 'Mandarin Crush Corset Top', 'mandarin-crush-corset-top', '', '/images/176/img_0032.jpeg', True, 2900) ON CONFLICT (id) DO UPDATE SET title = EXCLUDED.title, slug = EXCLUDED.slug, description = EXCLUDED.description, thumbnail = EXCLUDED.thumbnail, active = EXCLUDED.active, base_price = EXCLUDED.base_price;
INSERT INTO product_variants (product_id, sku, size, color, stock_quantity, price_adjustment, active, image) VALUES (176, 'SKU-66694', 'croptop S', NULL, 1, 0, true, NULL) ON CONFLICT (sku) DO UPDATE SET stock_quantity = EXCLUDED.stock_quantity, size = EXCLUDED.size, active = EXCLUDED.active;
INSERT INTO prices (variant_id, amount, currency) SELECT id, 2900, 'Br' FROM product_variants WHERE sku = 'SKU-66694' AND NOT EXISTS (SELECT 1 FROM prices WHERE variant_id = product_variants.id);
INSERT INTO product_variants (product_id, sku, size, color, stock_quantity, price_adjustment, active, image) VALUES (176, 'SKU-66695', 'croptop M', NULL, 1, 0, true, NULL) ON CONFLICT (sku) DO UPDATE SET stock_quantity = EXCLUDED.stock_quantity, size = EXCLUDED.size, active = EXCLUDED.active;
INSERT INTO prices (variant_id, amount, currency) SELECT id, 2900, 'Br' FROM product_variants WHERE sku = 'SKU-66695' AND NOT EXISTS (SELECT 1 FROM prices WHERE variant_id = product_variants.id);
INSERT INTO product_images (product_id, url, position) VALUES (176, '/images/176/img_0032.jpeg', 0) ON CONFLICT DO NOTHING;
INSERT INTO product_images (product_id, url, position) VALUES (176, '/images/176/img_0034.jpeg', 1) ON CONFLICT DO NOTHING;
INSERT INTO product_images (product_id, url, position) VALUES (176, '/images/176/img_0035.jpeg', 2) ON CONFLICT DO NOTHING;
INSERT INTO products (id, title, slug, description, thumbnail, active, base_price) VALUES (177, 'The Fairy Garden Bodice', 'the-fairy-garden-bodice', '', '/images/177/img_0023.jpeg', True, 2400) ON CONFLICT (id) DO UPDATE SET title = EXCLUDED.title, slug = EXCLUDED.slug, description = EXCLUDED.description, thumbnail = EXCLUDED.thumbnail, active = EXCLUDED.active, base_price = EXCLUDED.base_price;
INSERT INTO product_variants (product_id, sku, size, color, stock_quantity, price_adjustment, active, image) VALUES (177, 'SKU-66691', 'crop top M', NULL, 1, 0, true, NULL) ON CONFLICT (sku) DO UPDATE SET stock_quantity = EXCLUDED.stock_quantity, size = EXCLUDED.size, active = EXCLUDED.active;
INSERT INTO prices (variant_id, amount, currency) SELECT id, 2400, 'Br' FROM product_variants WHERE sku = 'SKU-66691' AND NOT EXISTS (SELECT 1 FROM prices WHERE variant_id = product_variants.id);
INSERT INTO product_variants (product_id, sku, size, color, stock_quantity, price_adjustment, active, image) VALUES (177, 'SKU-66692', 'crop top L', NULL, 1, 0, true, NULL) ON CONFLICT (sku) DO UPDATE SET stock_quantity = EXCLUDED.stock_quantity, size = EXCLUDED.size, active = EXCLUDED.active;
INSERT INTO prices (variant_id, amount, currency) SELECT id, 2400, 'Br' FROM product_variants WHERE sku = 'SKU-66692' AND NOT EXISTS (SELECT 1 FROM prices WHERE variant_id = product_variants.id);
INSERT INTO product_images (product_id, url, position) VALUES (177, '/images/177/img_0023.jpeg', 0) ON CONFLICT DO NOTHING;
INSERT INTO product_images (product_id, url, position) VALUES (177, '/images/177/img_0024.jpeg', 1) ON CONFLICT DO NOTHING;
INSERT INTO products (id, title, slug, description, thumbnail, active, base_price) VALUES (178, 'bag', 'bag-5', '', '/images/178/img_0831.jpeg', True, 0) ON CONFLICT (id) DO UPDATE SET title = EXCLUDED.title, slug = EXCLUDED.slug, description = EXCLUDED.description, thumbnail = EXCLUDED.thumbnail, active = EXCLUDED.active, base_price = EXCLUDED.base_price;
INSERT INTO product_images (product_id, url, position) VALUES (178, '/images/178/img_0831.jpeg', 0) ON CONFLICT DO NOTHING;
INSERT INTO products (id, title, slug, description, thumbnail, active, base_price) VALUES (179, 'Chocolate Flare Crop Top', 'chocolate-flare-crop-top', '', '/images/179/img_0021.jpeg', True, 3200) ON CONFLICT (id) DO UPDATE SET title = EXCLUDED.title, slug = EXCLUDED.slug, description = EXCLUDED.description, thumbnail = EXCLUDED.thumbnail, active = EXCLUDED.active, base_price = EXCLUDED.base_price;
INSERT INTO product_variants (product_id, sku, size, color, stock_quantity, price_adjustment, active, image) VALUES (179, 'SKU-66680', 'crop top XS', NULL, 1, 0, true, NULL) ON CONFLICT (sku) DO UPDATE SET stock_quantity = EXCLUDED.stock_quantity, size = EXCLUDED.size, active = EXCLUDED.active;
INSERT INTO prices (variant_id, amount, currency) SELECT id, 3200, 'Br' FROM product_variants WHERE sku = 'SKU-66680' AND NOT EXISTS (SELECT 1 FROM prices WHERE variant_id = product_variants.id);
INSERT INTO product_variants (product_id, sku, size, color, stock_quantity, price_adjustment, active, image) VALUES (179, 'SKU-66681', 'crop top S', NULL, 1, 0, true, NULL) ON CONFLICT (sku) DO UPDATE SET stock_quantity = EXCLUDED.stock_quantity, size = EXCLUDED.size, active = EXCLUDED.active;
INSERT INTO prices (variant_id, amount, currency) SELECT id, 3200, 'Br' FROM product_variants WHERE sku = 'SKU-66681' AND NOT EXISTS (SELECT 1 FROM prices WHERE variant_id = product_variants.id);
INSERT INTO product_variants (product_id, sku, size, color, stock_quantity, price_adjustment, active, image) VALUES (179, 'SKU-66682', 'crop top L', NULL, 1, 0, true, NULL) ON CONFLICT (sku) DO UPDATE SET stock_quantity = EXCLUDED.stock_quantity, size = EXCLUDED.size, active = EXCLUDED.active;
INSERT INTO prices (variant_id, amount, currency) SELECT id, 3200, 'Br' FROM product_variants WHERE sku = 'SKU-66682' AND NOT EXISTS (SELECT 1 FROM prices WHERE variant_id = product_variants.id);
INSERT INTO product_images (product_id, url, position) VALUES (179, '/images/179/img_0021.jpeg', 0) ON CONFLICT DO NOTHING;
INSERT INTO product_images (product_id, url, position) VALUES (179, '/images/179/img_0019.jpeg', 1) ON CONFLICT DO NOTHING;
INSERT INTO product_images (product_id, url, position) VALUES (179, '/images/179/img_0018.jpeg', 2) ON CONFLICT DO NOTHING;
INSERT INTO product_images (product_id, url, position) VALUES (179, '/images/179/img_0020.jpeg', 3) ON CONFLICT DO NOTHING;
INSERT INTO products (id, title, slug, description, thumbnail, active, base_price) VALUES (180, 'bag', 'bag-6', '', '/images/180/img_0831.jpeg', True, 4400) ON CONFLICT (id) DO UPDATE SET title = EXCLUDED.title, slug = EXCLUDED.slug, description = EXCLUDED.description, thumbnail = EXCLUDED.thumbnail, active = EXCLUDED.active, base_price = EXCLUDED.base_price;
INSERT INTO product_variants (product_id, sku, size, color, stock_quantity, price_adjustment, active, image) VALUES (180, 'SKU-66802', 'bag', NULL, 1, 0, true, NULL) ON CONFLICT (sku) DO UPDATE SET stock_quantity = EXCLUDED.stock_quantity, size = EXCLUDED.size, active = EXCLUDED.active;
INSERT INTO prices (variant_id, amount, currency) SELECT id, 4400, 'Br' FROM product_variants WHERE sku = 'SKU-66802' AND NOT EXISTS (SELECT 1 FROM prices WHERE variant_id = product_variants.id);
INSERT INTO product_images (product_id, url, position) VALUES (180, '/images/180/img_0831.jpeg', 0) ON CONFLICT DO NOTHING;
INSERT INTO products (id, title, slug, description, thumbnail, active, base_price) VALUES (181, 'Forever21 The Interlude Cut-Out Dress', 'forever21-the-interlude-cut-out-dress', '', '/images/181/photo_2025-10-11-18.26.20.jpeg', True, 4200) ON CONFLICT (id) DO UPDATE SET title = EXCLUDED.title, slug = EXCLUDED.slug, description = EXCLUDED.description, thumbnail = EXCLUDED.thumbnail, active = EXCLUDED.active, base_price = EXCLUDED.base_price;
INSERT INTO product_variants (product_id, sku, size, color, stock_quantity, price_adjustment, active, image) VALUES (181, 'SKU-66666', 'dress4 S-M', NULL, 1, 0, true, NULL) ON CONFLICT (sku) DO UPDATE SET stock_quantity = EXCLUDED.stock_quantity, size = EXCLUDED.size, active = EXCLUDED.active;
INSERT INTO prices (variant_id, amount, currency) SELECT id, 4200, 'Br' FROM product_variants WHERE sku = 'SKU-66666' AND NOT EXISTS (SELECT 1 FROM prices WHERE variant_id = product_variants.id);
INSERT INTO product_variants (product_id, sku, size, color, stock_quantity, price_adjustment, active, image) VALUES (181, 'SKU-66667', 'dress4 M-L', NULL, 1, 0, true, NULL) ON CONFLICT (sku) DO UPDATE SET stock_quantity = EXCLUDED.stock_quantity, size = EXCLUDED.size, active = EXCLUDED.active;
INSERT INTO prices (variant_id, amount, currency) SELECT id, 4200, 'Br' FROM product_variants WHERE sku = 'SKU-66667' AND NOT EXISTS (SELECT 1 FROM prices WHERE variant_id = product_variants.id);
INSERT INTO product_images (product_id, url, position) VALUES (181, '/images/181/photo_2025-10-11-18.26.20.jpeg', 0) ON CONFLICT DO NOTHING;
INSERT INTO products (id, title, slug, description, thumbnail, active, base_price) VALUES (182, 'Forever21 The Electric Spaghetti Strap Bodysuit', 'forever21-the-electric-spaghetti-strap-bodysuit', '', '/images/182/photo_2025-10-11-11.24.50.jpeg', True, 2800) ON CONFLICT (id) DO UPDATE SET title = EXCLUDED.title, slug = EXCLUDED.slug, description = EXCLUDED.description, thumbnail = EXCLUDED.thumbnail, active = EXCLUDED.active, base_price = EXCLUDED.base_price;
INSERT INTO product_variants (product_id, sku, size, color, stock_quantity, price_adjustment, active, image) VALUES (182, 'SKU-66661', 'bodysuit 2 S-M', NULL, 1, 0, true, NULL) ON CONFLICT (sku) DO UPDATE SET stock_quantity = EXCLUDED.stock_quantity, size = EXCLUDED.size, active = EXCLUDED.active;
INSERT INTO prices (variant_id, amount, currency) SELECT id, 2800, 'Br' FROM product_variants WHERE sku = 'SKU-66661' AND NOT EXISTS (SELECT 1 FROM prices WHERE variant_id = product_variants.id);
INSERT INTO product_images (product_id, url, position) VALUES (182, '/images/182/photo_2025-10-11-11.24.50.jpeg', 0) ON CONFLICT DO NOTHING;
INSERT INTO products (id, title, slug, description, thumbnail, active, base_price) VALUES (183, 'Disney Original The Nightmare Mid-Top Kids Sneaker', 'disney-original-the-nightmare-mid-top-kids-sneaker', '', '/images/183/img_2789.jpeg', True, 5400) ON CONFLICT (id) DO UPDATE SET title = EXCLUDED.title, slug = EXCLUDED.slug, description = EXCLUDED.description, thumbnail = EXCLUDED.thumbnail, active = EXCLUDED.active, base_price = EXCLUDED.base_price;
INSERT INTO product_variants (product_id, sku, size, color, stock_quantity, price_adjustment, active, image) VALUES (183, 'SKU-66624', 'disney sho5 29', NULL, 1, 0, true, NULL) ON CONFLICT (sku) DO UPDATE SET stock_quantity = EXCLUDED.stock_quantity, size = EXCLUDED.size, active = EXCLUDED.active;
INSERT INTO prices (variant_id, amount, currency) SELECT id, 5400, 'Br' FROM product_variants WHERE sku = 'SKU-66624' AND NOT EXISTS (SELECT 1 FROM prices WHERE variant_id = product_variants.id);
INSERT INTO product_variants (product_id, sku, size, color, stock_quantity, price_adjustment, active, image) VALUES (183, 'SKU-66625', 'disney sho5 32', NULL, 1, 0, true, NULL) ON CONFLICT (sku) DO UPDATE SET stock_quantity = EXCLUDED.stock_quantity, size = EXCLUDED.size, active = EXCLUDED.active;
INSERT INTO prices (variant_id, amount, currency) SELECT id, 5400, 'Br' FROM product_variants WHERE sku = 'SKU-66625' AND NOT EXISTS (SELECT 1 FROM prices WHERE variant_id = product_variants.id);
INSERT INTO product_variants (product_id, sku, size, color, stock_quantity, price_adjustment, active, image) VALUES (183, 'SKU-66626', 'disney sho5 33', NULL, 1, 0, true, NULL) ON CONFLICT (sku) DO UPDATE SET stock_quantity = EXCLUDED.stock_quantity, size = EXCLUDED.size, active = EXCLUDED.active;
INSERT INTO prices (variant_id, amount, currency) SELECT id, 5400, 'Br' FROM product_variants WHERE sku = 'SKU-66626' AND NOT EXISTS (SELECT 1 FROM prices WHERE variant_id = product_variants.id);
INSERT INTO product_variants (product_id, sku, size, color, stock_quantity, price_adjustment, active, image) VALUES (183, 'SKU-66627', 'disney sho5 37', NULL, 1, 0, true, NULL) ON CONFLICT (sku) DO UPDATE SET stock_quantity = EXCLUDED.stock_quantity, size = EXCLUDED.size, active = EXCLUDED.active;
INSERT INTO prices (variant_id, amount, currency) SELECT id, 5400, 'Br' FROM product_variants WHERE sku = 'SKU-66627' AND NOT EXISTS (SELECT 1 FROM prices WHERE variant_id = product_variants.id);
INSERT INTO product_images (product_id, url, position) VALUES (183, '/images/183/img_2789.jpeg', 0) ON CONFLICT DO NOTHING;
INSERT INTO product_images (product_id, url, position) VALUES (183, '/images/183/img_2794.png', 1) ON CONFLICT DO NOTHING;
INSERT INTO product_images (product_id, url, position) VALUES (183, '/images/183/img_2790.jpeg', 2) ON CONFLICT DO NOTHING;
INSERT INTO product_images (product_id, url, position) VALUES (183, '/images/183/img_2791.jpeg', 3) ON CONFLICT DO NOTHING;
INSERT INTO products (id, title, slug, description, thumbnail, active, base_price) VALUES (184, 'Disney Original Boogie''s Canvas Kids Shoes', 'disney-original-boogies-canvas-kids-shoes', '', '/images/184/img_2894.jpeg', True, 5400) ON CONFLICT (id) DO UPDATE SET title = EXCLUDED.title, slug = EXCLUDED.slug, description = EXCLUDED.description, thumbnail = EXCLUDED.thumbnail, active = EXCLUDED.active, base_price = EXCLUDED.base_price;
INSERT INTO product_variants (product_id, sku, size, color, stock_quantity, price_adjustment, active, image) VALUES (184, 'SKU-66656', 'disney sho18 38', NULL, 1, 0, true, NULL) ON CONFLICT (sku) DO UPDATE SET stock_quantity = EXCLUDED.stock_quantity, size = EXCLUDED.size, active = EXCLUDED.active;
INSERT INTO prices (variant_id, amount, currency) SELECT id, 5400, 'Br' FROM product_variants WHERE sku = 'SKU-66656' AND NOT EXISTS (SELECT 1 FROM prices WHERE variant_id = product_variants.id);
INSERT INTO product_images (product_id, url, position) VALUES (184, '/images/184/img_2894.jpeg', 0) ON CONFLICT DO NOTHING;
INSERT INTO product_images (product_id, url, position) VALUES (184, '/images/184/img_2891.jpeg', 1) ON CONFLICT DO NOTHING;
INSERT INTO product_images (product_id, url, position) VALUES (184, '/images/184/img_2892.jpeg', 2) ON CONFLICT DO NOTHING;
INSERT INTO product_images (product_id, url, position) VALUES (184, '/images/184/img_2893.jpeg', 3) ON CONFLICT DO NOTHING;
INSERT INTO products (id, title, slug, description, thumbnail, active, base_price) VALUES (185, 'Forever 21 Active Wear High Quality Jumpsuit', 'forever-21-active-wear-high-quality-jumpsuit-3', '', '/images/185/image-11.jpg', True, 5900) ON CONFLICT (id) DO UPDATE SET title = EXCLUDED.title, slug = EXCLUDED.slug, description = EXCLUDED.description, thumbnail = EXCLUDED.thumbnail, active = EXCLUDED.active, base_price = EXCLUDED.base_price;
INSERT INTO product_variants (product_id, sku, size, color, stock_quantity, price_adjustment, active, image) VALUES (185, 'SKU-66675', 'Forever 21 Active Wear High Quality Jumpsuit XS', NULL, 1, 0, true, NULL) ON CONFLICT (sku) DO UPDATE SET stock_quantity = EXCLUDED.stock_quantity, size = EXCLUDED.size, active = EXCLUDED.active;
INSERT INTO prices (variant_id, amount, currency) SELECT id, 5900, 'Br' FROM product_variants WHERE sku = 'SKU-66675' AND NOT EXISTS (SELECT 1 FROM prices WHERE variant_id = product_variants.id);
INSERT INTO product_variants (product_id, sku, size, color, stock_quantity, price_adjustment, active, image) VALUES (185, 'SKU-66676', 'Forever 21 Active Wear High Quality Jumpsuit M', NULL, 1, 0, true, NULL) ON CONFLICT (sku) DO UPDATE SET stock_quantity = EXCLUDED.stock_quantity, size = EXCLUDED.size, active = EXCLUDED.active;
INSERT INTO prices (variant_id, amount, currency) SELECT id, 5900, 'Br' FROM product_variants WHERE sku = 'SKU-66676' AND NOT EXISTS (SELECT 1 FROM prices WHERE variant_id = product_variants.id);
INSERT INTO product_variants (product_id, sku, size, color, stock_quantity, price_adjustment, active, image) VALUES (185, 'SKU-66677', 'Forever 21 Active Wear High Quality Jumpsuit L', NULL, 1, 0, true, NULL) ON CONFLICT (sku) DO UPDATE SET stock_quantity = EXCLUDED.stock_quantity, size = EXCLUDED.size, active = EXCLUDED.active;
INSERT INTO prices (variant_id, amount, currency) SELECT id, 5900, 'Br' FROM product_variants WHERE sku = 'SKU-66677' AND NOT EXISTS (SELECT 1 FROM prices WHERE variant_id = product_variants.id);
INSERT INTO product_images (product_id, url, position) VALUES (185, '/images/185/image-11.jpg', 0) ON CONFLICT DO NOTHING;
INSERT INTO product_images (product_id, url, position) VALUES (185, '/images/185/image-12.jpg', 1) ON CONFLICT DO NOTHING;
INSERT INTO products (id, title, slug, description, thumbnail, active, base_price) VALUES (186, 'Disney Mushroom Kingdom Crew Kids Sneaker ', 'disney-mushroom-kingdom-crew-kids-sneaker', '', '/images/186/img_2831.jpeg', True, 5400) ON CONFLICT (id) DO UPDATE SET title = EXCLUDED.title, slug = EXCLUDED.slug, description = EXCLUDED.description, thumbnail = EXCLUDED.thumbnail, active = EXCLUDED.active, base_price = EXCLUDED.base_price;
INSERT INTO product_variants (product_id, sku, size, color, stock_quantity, price_adjustment, active, image) VALUES (186, 'SKU-66640', 'disney 9 36', NULL, 1, 0, true, NULL) ON CONFLICT (sku) DO UPDATE SET stock_quantity = EXCLUDED.stock_quantity, size = EXCLUDED.size, active = EXCLUDED.active;
INSERT INTO prices (variant_id, amount, currency) SELECT id, 5400, 'Br' FROM product_variants WHERE sku = 'SKU-66640' AND NOT EXISTS (SELECT 1 FROM prices WHERE variant_id = product_variants.id);
INSERT INTO product_images (product_id, url, position) VALUES (186, '/images/186/img_2831.jpeg', 0) ON CONFLICT DO NOTHING;
INSERT INTO product_images (product_id, url, position) VALUES (186, '/images/186/img_2829.jpeg', 1) ON CONFLICT DO NOTHING;
INSERT INTO product_images (product_id, url, position) VALUES (186, '/images/186/img_2830.jpeg', 2) ON CONFLICT DO NOTHING;
INSERT INTO product_images (product_id, url, position) VALUES (186, '/images/186/img_2832.jpeg', 3) ON CONFLICT DO NOTHING;
INSERT INTO product_images (product_id, url, position) VALUES (186, '/images/186/img_2833.jpeg', 4) ON CONFLICT DO NOTHING;
INSERT INTO products (id, title, slug, description, thumbnail, active, base_price) VALUES (187, 'Noir Power Bodice Corset Top', 'noir-power-bodice-corset-top', '', '/images/187/img_0251.jpeg', True, 2800) ON CONFLICT (id) DO UPDATE SET title = EXCLUDED.title, slug = EXCLUDED.slug, description = EXCLUDED.description, thumbnail = EXCLUDED.thumbnail, active = EXCLUDED.active, base_price = EXCLUDED.base_price;
INSERT INTO product_variants (product_id, sku, size, color, stock_quantity, price_adjustment, active, image) VALUES (187, 'SKU-66758', 'crop top M', NULL, 1, 0, true, NULL) ON CONFLICT (sku) DO UPDATE SET stock_quantity = EXCLUDED.stock_quantity, size = EXCLUDED.size, active = EXCLUDED.active;
INSERT INTO prices (variant_id, amount, currency) SELECT id, 2800, 'Br' FROM product_variants WHERE sku = 'SKU-66758' AND NOT EXISTS (SELECT 1 FROM prices WHERE variant_id = product_variants.id);
INSERT INTO product_images (product_id, url, position) VALUES (187, '/images/187/img_0251.jpeg', 0) ON CONFLICT DO NOTHING;
INSERT INTO products (id, title, slug, description, thumbnail, active, base_price) VALUES (188, 'Ultimate Lift Corset Cami', 'ultimate-lift-corset-cami', '', '/images/188/img_0280.jpeg', True, 3000) ON CONFLICT (id) DO UPDATE SET title = EXCLUDED.title, slug = EXCLUDED.slug, description = EXCLUDED.description, thumbnail = EXCLUDED.thumbnail, active = EXCLUDED.active, base_price = EXCLUDED.base_price;
INSERT INTO product_variants (product_id, sku, size, color, stock_quantity, price_adjustment, active, image) VALUES (188, 'SKU-66755', 'crop top L', NULL, 1, 0, true, NULL) ON CONFLICT (sku) DO UPDATE SET stock_quantity = EXCLUDED.stock_quantity, size = EXCLUDED.size, active = EXCLUDED.active;
INSERT INTO prices (variant_id, amount, currency) SELECT id, 3000, 'Br' FROM product_variants WHERE sku = 'SKU-66755' AND NOT EXISTS (SELECT 1 FROM prices WHERE variant_id = product_variants.id);
INSERT INTO product_variants (product_id, sku, size, color, stock_quantity, price_adjustment, active, image) VALUES (188, 'SKU-66756', 'crop top XL', NULL, 1, 0, true, NULL) ON CONFLICT (sku) DO UPDATE SET stock_quantity = EXCLUDED.stock_quantity, size = EXCLUDED.size, active = EXCLUDED.active;
INSERT INTO prices (variant_id, amount, currency) SELECT id, 3000, 'Br' FROM product_variants WHERE sku = 'SKU-66756' AND NOT EXISTS (SELECT 1 FROM prices WHERE variant_id = product_variants.id);
INSERT INTO product_images (product_id, url, position) VALUES (188, '/images/188/img_0280.jpeg', 0) ON CONFLICT DO NOTHING;
INSERT INTO product_images (product_id, url, position) VALUES (188, '/images/188/img_0281.jpeg', 1) ON CONFLICT DO NOTHING;
INSERT INTO products (id, title, slug, description, thumbnail, active, base_price) VALUES (189, 'Lime Boned Bandeau Top', 'lime-boned-bandeau-top', '', '/images/189/img_0259.jpeg', True, 2900) ON CONFLICT (id) DO UPDATE SET title = EXCLUDED.title, slug = EXCLUDED.slug, description = EXCLUDED.description, thumbnail = EXCLUDED.thumbnail, active = EXCLUDED.active, base_price = EXCLUDED.base_price;
INSERT INTO product_variants (product_id, sku, size, color, stock_quantity, price_adjustment, active, image) VALUES (189, 'SKU-66751', 'crop top L', NULL, 1, 0, true, NULL) ON CONFLICT (sku) DO UPDATE SET stock_quantity = EXCLUDED.stock_quantity, size = EXCLUDED.size, active = EXCLUDED.active;
INSERT INTO prices (variant_id, amount, currency) SELECT id, 2900, 'Br' FROM product_variants WHERE sku = 'SKU-66751' AND NOT EXISTS (SELECT 1 FROM prices WHERE variant_id = product_variants.id);
INSERT INTO product_images (product_id, url, position) VALUES (189, '/images/189/img_0259.jpeg', 0) ON CONFLICT DO NOTHING;
INSERT INTO product_images (product_id, url, position) VALUES (189, '/images/189/img_0258.jpeg', 1) ON CONFLICT DO NOTHING;
INSERT INTO product_images (product_id, url, position) VALUES (189, '/images/189/img_0260.jpeg', 2) ON CONFLICT DO NOTHING;
INSERT INTO products (id, title, slug, description, thumbnail, active, base_price) VALUES (190, 'The White Vinyl Sweetheart Top', 'the-white-vinyl-sweetheart-top', '', '/images/190/img_0282.jpeg', True, 2800) ON CONFLICT (id) DO UPDATE SET title = EXCLUDED.title, slug = EXCLUDED.slug, description = EXCLUDED.description, thumbnail = EXCLUDED.thumbnail, active = EXCLUDED.active, base_price = EXCLUDED.base_price;
INSERT INTO product_variants (product_id, sku, size, color, stock_quantity, price_adjustment, active, image) VALUES (190, 'SKU-66753', 'crop top 37/75', NULL, 1, 0, true, NULL) ON CONFLICT (sku) DO UPDATE SET stock_quantity = EXCLUDED.stock_quantity, size = EXCLUDED.size, active = EXCLUDED.active;
INSERT INTO prices (variant_id, amount, currency) SELECT id, 2800, 'Br' FROM product_variants WHERE sku = 'SKU-66753' AND NOT EXISTS (SELECT 1 FROM prices WHERE variant_id = product_variants.id);
INSERT INTO product_images (product_id, url, position) VALUES (190, '/images/190/img_0282.jpeg', 0) ON CONFLICT DO NOTHING;
INSERT INTO products (id, title, slug, description, thumbnail, active, base_price) VALUES (191, 'Oversized Motto Stone Wash T-Shirt', 'oversized-motto-stone-wash-t-shirt', '', '/images/191/copilot_20251103_190633.png', True, 3200) ON CONFLICT (id) DO UPDATE SET title = EXCLUDED.title, slug = EXCLUDED.slug, description = EXCLUDED.description, thumbnail = EXCLUDED.thumbnail, active = EXCLUDED.active, base_price = EXCLUDED.base_price;
INSERT INTO product_variants (product_id, sku, size, color, stock_quantity, price_adjustment, active, image) VALUES (191, 'SKU-66744', 'btee 3XL', NULL, 1, 0, true, NULL) ON CONFLICT (sku) DO UPDATE SET stock_quantity = EXCLUDED.stock_quantity, size = EXCLUDED.size, active = EXCLUDED.active;
INSERT INTO prices (variant_id, amount, currency) SELECT id, 3200, 'Br' FROM product_variants WHERE sku = 'SKU-66744' AND NOT EXISTS (SELECT 1 FROM prices WHERE variant_id = product_variants.id);
INSERT INTO product_variants (product_id, sku, size, color, stock_quantity, price_adjustment, active, image) VALUES (191, 'SKU-67473', 'btee M', NULL, 1, 0, true, NULL) ON CONFLICT (sku) DO UPDATE SET stock_quantity = EXCLUDED.stock_quantity, size = EXCLUDED.size, active = EXCLUDED.active;
INSERT INTO prices (variant_id, amount, currency) SELECT id, 3200, 'Br' FROM product_variants WHERE sku = 'SKU-67473' AND NOT EXISTS (SELECT 1 FROM prices WHERE variant_id = product_variants.id);
INSERT INTO product_images (product_id, url, position) VALUES (191, '/images/191/copilot_20251103_190633.png', 0) ON CONFLICT DO NOTHING;
INSERT INTO product_images (product_id, url, position) VALUES (191, '/images/191/photo_2025-11-03-19.08.06.jpeg', 1) ON CONFLICT DO NOTHING;
INSERT INTO product_images (product_id, url, position) VALUES (191, '/images/191/img_0250.jpeg', 2) ON CONFLICT DO NOTHING;
INSERT INTO products (id, title, slug, description, thumbnail, active, base_price) VALUES (192, 'Ribbed Seamless Biker Romper - Nude', 'ribbed-seamless-biker-romper-nude', '', '/images/192/img_0219.jpeg', True, 4900) ON CONFLICT (id) DO UPDATE SET title = EXCLUDED.title, slug = EXCLUDED.slug, description = EXCLUDED.description, thumbnail = EXCLUDED.thumbnail, active = EXCLUDED.active, base_price = EXCLUDED.base_price;
INSERT INTO product_variants (product_id, sku, size, color, stock_quantity, price_adjustment, active, image) VALUES (192, 'SKU-66734', 'rom[3 M', NULL, 1, 0, true, NULL) ON CONFLICT (sku) DO UPDATE SET stock_quantity = EXCLUDED.stock_quantity, size = EXCLUDED.size, active = EXCLUDED.active;
INSERT INTO prices (variant_id, amount, currency) SELECT id, 4900, 'Br' FROM product_variants WHERE sku = 'SKU-66734' AND NOT EXISTS (SELECT 1 FROM prices WHERE variant_id = product_variants.id);
INSERT INTO product_images (product_id, url, position) VALUES (192, '/images/192/img_0219.jpeg', 0) ON CONFLICT DO NOTHING;
INSERT INTO products (id, title, slug, description, thumbnail, active, base_price) VALUES (193, 'Primark Knot Detail Lace-Up Flat - Brown', 'primark-knot-detail-lace-up-flat-brown', '', '/images/193/img_0192.jpeg', True, 4400) ON CONFLICT (id) DO UPDATE SET title = EXCLUDED.title, slug = EXCLUDED.slug, description = EXCLUDED.description, thumbnail = EXCLUDED.thumbnail, active = EXCLUDED.active, base_price = EXCLUDED.base_price;
INSERT INTO product_variants (product_id, sku, size, color, stock_quantity, price_adjustment, active, image) VALUES (193, 'SKU-66724', 'flatbrown 37', NULL, 1, 0, true, NULL) ON CONFLICT (sku) DO UPDATE SET stock_quantity = EXCLUDED.stock_quantity, size = EXCLUDED.size, active = EXCLUDED.active;
INSERT INTO prices (variant_id, amount, currency) SELECT id, 4400, 'Br' FROM product_variants WHERE sku = 'SKU-66724' AND NOT EXISTS (SELECT 1 FROM prices WHERE variant_id = product_variants.id);
INSERT INTO product_variants (product_id, sku, size, color, stock_quantity, price_adjustment, active, image) VALUES (193, 'SKU-66725', 'flatbrown 40', NULL, 1, 0, true, NULL) ON CONFLICT (sku) DO UPDATE SET stock_quantity = EXCLUDED.stock_quantity, size = EXCLUDED.size, active = EXCLUDED.active;
INSERT INTO prices (variant_id, amount, currency) SELECT id, 4400, 'Br' FROM product_variants WHERE sku = 'SKU-66725' AND NOT EXISTS (SELECT 1 FROM prices WHERE variant_id = product_variants.id);
INSERT INTO product_images (product_id, url, position) VALUES (193, '/images/193/img_0192.jpeg', 0) ON CONFLICT DO NOTHING;
INSERT INTO product_images (product_id, url, position) VALUES (193, '/images/193/img_0193.jpeg', 1) ON CONFLICT DO NOTHING;
INSERT INTO products (id, title, slug, description, thumbnail, active, base_price) VALUES (194, 'Ivory Elegance Knit Gilet Top ', 'ivory-elegance-knit-gilet-top', '', '/images/194/photo_2025-11-03-18.57.32.jpeg', True, 4400) ON CONFLICT (id) DO UPDATE SET title = EXCLUDED.title, slug = EXCLUDED.slug, description = EXCLUDED.description, thumbnail = EXCLUDED.thumbnail, active = EXCLUDED.active, base_price = EXCLUDED.base_price;
INSERT INTO product_variants (product_id, sku, size, color, stock_quantity, price_adjustment, active, image) VALUES (194, 'SKU-66727', 'cardigan  FREE', NULL, 1, 0, true, NULL) ON CONFLICT (sku) DO UPDATE SET stock_quantity = EXCLUDED.stock_quantity, size = EXCLUDED.size, active = EXCLUDED.active;
INSERT INTO prices (variant_id, amount, currency) SELECT id, 4400, 'Br' FROM product_variants WHERE sku = 'SKU-66727' AND NOT EXISTS (SELECT 1 FROM prices WHERE variant_id = product_variants.id);
INSERT INTO product_images (product_id, url, position) VALUES (194, '/images/194/photo_2025-11-03-18.57.32.jpeg', 0) ON CONFLICT DO NOTHING;
INSERT INTO product_images (product_id, url, position) VALUES (194, '/images/194/img_0202.jpeg', 1) ON CONFLICT DO NOTHING;
INSERT INTO product_images (product_id, url, position) VALUES (194, '/images/194/img_0203.jpeg', 2) ON CONFLICT DO NOTHING;
INSERT INTO products (id, title, slug, description, thumbnail, active, base_price) VALUES (195, 'Citron Neon Square-Toe Heela', 'citron-neon-square-toe-heela', '', '/images/195/img_0173.jpeg', True, 5900) ON CONFLICT (id) DO UPDATE SET title = EXCLUDED.title, slug = EXCLUDED.slug, description = EXCLUDED.description, thumbnail = EXCLUDED.thumbnail, active = EXCLUDED.active, base_price = EXCLUDED.base_price;
INSERT INTO product_variants (product_id, sku, size, color, stock_quantity, price_adjustment, active, image) VALUES (195, 'SKU-66713', 'hell3 37', NULL, 1, 0, true, NULL) ON CONFLICT (sku) DO UPDATE SET stock_quantity = EXCLUDED.stock_quantity, size = EXCLUDED.size, active = EXCLUDED.active;
INSERT INTO prices (variant_id, amount, currency) SELECT id, 5900, 'Br' FROM product_variants WHERE sku = 'SKU-66713' AND NOT EXISTS (SELECT 1 FROM prices WHERE variant_id = product_variants.id);
INSERT INTO product_images (product_id, url, position) VALUES (195, '/images/195/img_0173.jpeg', 0) ON CONFLICT DO NOTHING;
INSERT INTO product_images (product_id, url, position) VALUES (195, '/images/195/img_0174.jpeg', 1) ON CONFLICT DO NOTHING;
INSERT INTO product_images (product_id, url, position) VALUES (195, '/images/195/img_0176.jpeg', 2) ON CONFLICT DO NOTHING;
INSERT INTO product_images (product_id, url, position) VALUES (195, '/images/195/img_0175.jpeg', 3) ON CONFLICT DO NOTHING;
INSERT INTO products (id, title, slug, description, thumbnail, active, base_price) VALUES (196, 'Pink Seashell Sculpt Top', 'pink-seashell-sculpt-top', '', '/images/196/photo_2025-11-03-18.54.21.jpeg', True, 2800) ON CONFLICT (id) DO UPDATE SET title = EXCLUDED.title, slug = EXCLUDED.slug, description = EXCLUDED.description, thumbnail = EXCLUDED.thumbnail, active = EXCLUDED.active, base_price = EXCLUDED.base_price;
INSERT INTO product_variants (product_id, sku, size, color, stock_quantity, price_adjustment, active, image) VALUES (196, 'SKU-66787', 'croptop 38/85', NULL, 1, 0, true, NULL) ON CONFLICT (sku) DO UPDATE SET stock_quantity = EXCLUDED.stock_quantity, size = EXCLUDED.size, active = EXCLUDED.active;
INSERT INTO prices (variant_id, amount, currency) SELECT id, 2800, 'Br' FROM product_variants WHERE sku = 'SKU-66787' AND NOT EXISTS (SELECT 1 FROM prices WHERE variant_id = product_variants.id);
INSERT INTO product_images (product_id, url, position) VALUES (196, '/images/196/photo_2025-11-03-18.54.21.jpeg', 0) ON CONFLICT DO NOTHING;
INSERT INTO product_images (product_id, url, position) VALUES (196, '/images/196/img_0690.jpeg', 1) ON CONFLICT DO NOTHING;
INSERT INTO products (id, title, slug, description, thumbnail, active, base_price) VALUES (197, 'Espresso Floral Corset', 'espresso-floral-corset', '', '/images/197/img_0679.jpeg', True, 2800) ON CONFLICT (id) DO UPDATE SET title = EXCLUDED.title, slug = EXCLUDED.slug, description = EXCLUDED.description, thumbnail = EXCLUDED.thumbnail, active = EXCLUDED.active, base_price = EXCLUDED.base_price;
INSERT INTO product_variants (product_id, sku, size, color, stock_quantity, price_adjustment, active, image) VALUES (197, 'SKU-66781', 'crop top 2XL', NULL, 1, 0, true, NULL) ON CONFLICT (sku) DO UPDATE SET stock_quantity = EXCLUDED.stock_quantity, size = EXCLUDED.size, active = EXCLUDED.active;
INSERT INTO prices (variant_id, amount, currency) SELECT id, 2800, 'Br' FROM product_variants WHERE sku = 'SKU-66781' AND NOT EXISTS (SELECT 1 FROM prices WHERE variant_id = product_variants.id);
INSERT INTO product_images (product_id, url, position) VALUES (197, '/images/197/img_0679.jpeg', 0) ON CONFLICT DO NOTHING;
INSERT INTO product_images (product_id, url, position) VALUES (197, '/images/197/img_0678.jpeg', 1) ON CONFLICT DO NOTHING;
INSERT INTO products (id, title, slug, description, thumbnail, active, base_price) VALUES (198, 'Silver Stiletto Slingback Heels', 'silver-stiletto-slingback-heels', '', '/images/198/img_0656.jpeg', True, 5700) ON CONFLICT (id) DO UPDATE SET title = EXCLUDED.title, slug = EXCLUDED.slug, description = EXCLUDED.description, thumbnail = EXCLUDED.thumbnail, active = EXCLUDED.active, base_price = EXCLUDED.base_price;
INSERT INTO product_variants (product_id, sku, size, color, stock_quantity, price_adjustment, active, image) VALUES (198, 'SKU-66777', 'heel 37', NULL, 1, 0, true, NULL) ON CONFLICT (sku) DO UPDATE SET stock_quantity = EXCLUDED.stock_quantity, size = EXCLUDED.size, active = EXCLUDED.active;
INSERT INTO prices (variant_id, amount, currency) SELECT id, 5700, 'Br' FROM product_variants WHERE sku = 'SKU-66777' AND NOT EXISTS (SELECT 1 FROM prices WHERE variant_id = product_variants.id);
INSERT INTO product_images (product_id, url, position) VALUES (198, '/images/198/img_0656.jpeg', 0) ON CONFLICT DO NOTHING;
INSERT INTO product_images (product_id, url, position) VALUES (198, '/images/198/img_0657.jpeg', 1) ON CONFLICT DO NOTHING;
INSERT INTO product_images (product_id, url, position) VALUES (198, '/images/198/img_0655.jpeg', 2) ON CONFLICT DO NOTHING;
INSERT INTO products (id, title, slug, description, thumbnail, active, base_price) VALUES (199, 'Nike High Neck Jumpsuit - Brown', 'nike-high-neck-jumpsuit-brown', '', '/images/199/img_0349.jpeg', True, 3900) ON CONFLICT (id) DO UPDATE SET title = EXCLUDED.title, slug = EXCLUDED.slug, description = EXCLUDED.description, thumbnail = EXCLUDED.thumbnail, active = EXCLUDED.active, base_price = EXCLUDED.base_price;
INSERT INTO product_variants (product_id, sku, size, color, stock_quantity, price_adjustment, active, image) VALUES (199, 'SKU-66765', 'jumpsuit S', NULL, 1, 0, true, NULL) ON CONFLICT (sku) DO UPDATE SET stock_quantity = EXCLUDED.stock_quantity, size = EXCLUDED.size, active = EXCLUDED.active;
INSERT INTO prices (variant_id, amount, currency) SELECT id, 3900, 'Br' FROM product_variants WHERE sku = 'SKU-66765' AND NOT EXISTS (SELECT 1 FROM prices WHERE variant_id = product_variants.id);
INSERT INTO product_variants (product_id, sku, size, color, stock_quantity, price_adjustment, active, image) VALUES (199, 'SKU-66766', 'jumpsuit M', NULL, 1, 0, true, NULL) ON CONFLICT (sku) DO UPDATE SET stock_quantity = EXCLUDED.stock_quantity, size = EXCLUDED.size, active = EXCLUDED.active;
INSERT INTO prices (variant_id, amount, currency) SELECT id, 3900, 'Br' FROM product_variants WHERE sku = 'SKU-66766' AND NOT EXISTS (SELECT 1 FROM prices WHERE variant_id = product_variants.id);
INSERT INTO product_variants (product_id, sku, size, color, stock_quantity, price_adjustment, active, image) VALUES (199, 'SKU-66767', 'jumpsuit L', NULL, 1, 0, true, NULL) ON CONFLICT (sku) DO UPDATE SET stock_quantity = EXCLUDED.stock_quantity, size = EXCLUDED.size, active = EXCLUDED.active;
INSERT INTO prices (variant_id, amount, currency) SELECT id, 3900, 'Br' FROM product_variants WHERE sku = 'SKU-66767' AND NOT EXISTS (SELECT 1 FROM prices WHERE variant_id = product_variants.id);
INSERT INTO product_images (product_id, url, position) VALUES (199, '/images/199/img_0349.jpeg', 0) ON CONFLICT DO NOTHING;
INSERT INTO products (id, title, slug, description, thumbnail, active, base_price) VALUES (200, 'Sporty Zip Front Jumpsuit', 'sporty-zip-front-jumpsuit', '', '/images/200/img_2481.jpeg', True, 4900) ON CONFLICT (id) DO UPDATE SET title = EXCLUDED.title, slug = EXCLUDED.slug, description = EXCLUDED.description, thumbnail = EXCLUDED.thumbnail, active = EXCLUDED.active, base_price = EXCLUDED.base_price;
INSERT INTO product_variants (product_id, sku, size, color, stock_quantity, price_adjustment, active, image) VALUES (200, 'SKU-66729', ' Active Wear Jumpsuit S', NULL, 1, 0, true, NULL) ON CONFLICT (sku) DO UPDATE SET stock_quantity = EXCLUDED.stock_quantity, size = EXCLUDED.size, active = EXCLUDED.active;
INSERT INTO prices (variant_id, amount, currency) SELECT id, 4900, 'Br' FROM product_variants WHERE sku = 'SKU-66729' AND NOT EXISTS (SELECT 1 FROM prices WHERE variant_id = product_variants.id);
INSERT INTO product_images (product_id, url, position) VALUES (200, '/images/200/img_2481.jpeg', 0) ON CONFLICT DO NOTHING;
INSERT INTO product_images (product_id, url, position) VALUES (200, '/images/200/img_2480.jpeg', 1) ON CONFLICT DO NOTHING;
INSERT INTO products (id, title, slug, description, thumbnail, active, base_price) VALUES (201, 'Forever21 Light Blue and White Chevron Pattern Sleeveless Bodysuit', 'forever21-light-blue-and-white-chevron-pattern-sleeveless-bodysuit', '', '/images/201/photo_2025-09-22-19.02.55.jpeg', True, 2900) ON CONFLICT (id) DO UPDATE SET title = EXCLUDED.title, slug = EXCLUDED.slug, description = EXCLUDED.description, thumbnail = EXCLUDED.thumbnail, active = EXCLUDED.active, base_price = EXCLUDED.base_price;
INSERT INTO product_variants (product_id, sku, size, color, stock_quantity, price_adjustment, active, image) VALUES (201, 'SKU-67025', 'bodysuit M', NULL, 1, 0, true, NULL) ON CONFLICT (sku) DO UPDATE SET stock_quantity = EXCLUDED.stock_quantity, size = EXCLUDED.size, active = EXCLUDED.active;
INSERT INTO prices (variant_id, amount, currency) SELECT id, 2900, 'Br' FROM product_variants WHERE sku = 'SKU-67025' AND NOT EXISTS (SELECT 1 FROM prices WHERE variant_id = product_variants.id);
INSERT INTO product_images (product_id, url, position) VALUES (201, '/images/201/photo_2025-09-22-19.02.55.jpeg', 0) ON CONFLICT DO NOTHING;
INSERT INTO product_images (product_id, url, position) VALUES (201, '/images/201/forever21-light-blue-and-white-chevron-pattern-sleeveless-bodysuit.png', 1) ON CONFLICT DO NOTHING;
INSERT INTO products (id, title, slug, description, thumbnail, active, base_price) VALUES (202, 'Elegant Knit Midi Dress - Black', 'elegant-knit-midi-dress-black', '', '/images/202/img_3051.jpg', True, 5400) ON CONFLICT (id) DO UPDATE SET title = EXCLUDED.title, slug = EXCLUDED.slug, description = EXCLUDED.description, thumbnail = EXCLUDED.thumbnail, active = EXCLUDED.active, base_price = EXCLUDED.base_price;
INSERT INTO product_variants (product_id, sku, size, color, stock_quantity, price_adjustment, active, image) VALUES (202, 'SKU-67460', 'Elegant Knit Midi Dress FREE', NULL, 1, 0, true, NULL) ON CONFLICT (sku) DO UPDATE SET stock_quantity = EXCLUDED.stock_quantity, size = EXCLUDED.size, active = EXCLUDED.active;
INSERT INTO prices (variant_id, amount, currency) SELECT id, 5400, 'Br' FROM product_variants WHERE sku = 'SKU-67460' AND NOT EXISTS (SELECT 1 FROM prices WHERE variant_id = product_variants.id);
INSERT INTO product_images (product_id, url, position) VALUES (202, '/images/202/img_3051.jpg', 0) ON CONFLICT DO NOTHING;
INSERT INTO product_images (product_id, url, position) VALUES (202, '/images/202/img_3050.jpg', 1) ON CONFLICT DO NOTHING;
INSERT INTO product_images (product_id, url, position) VALUES (202, '/images/202/img_3052.webp', 2) ON CONFLICT DO NOTHING;
INSERT INTO products (id, title, slug, description, thumbnail, active, base_price) VALUES (203, 'Sexy Heart Cutout Black Jumpsuit', 'sexy-heart-cutout-black-jumpsuit', '', '/images/203/img_3105-2.jpg', True, 4900) ON CONFLICT (id) DO UPDATE SET title = EXCLUDED.title, slug = EXCLUDED.slug, description = EXCLUDED.description, thumbnail = EXCLUDED.thumbnail, active = EXCLUDED.active, base_price = EXCLUDED.base_price;
INSERT INTO product_variants (product_id, sku, size, color, stock_quantity, price_adjustment, active, image) VALUES (203, 'SKU-67481', 'Sexy Heart Cutout Black Jumpsuit S', NULL, 1, 0, true, NULL) ON CONFLICT (sku) DO UPDATE SET stock_quantity = EXCLUDED.stock_quantity, size = EXCLUDED.size, active = EXCLUDED.active;
INSERT INTO prices (variant_id, amount, currency) SELECT id, 4900, 'Br' FROM product_variants WHERE sku = 'SKU-67481' AND NOT EXISTS (SELECT 1 FROM prices WHERE variant_id = product_variants.id);
INSERT INTO product_images (product_id, url, position) VALUES (203, '/images/203/img_3105-2.jpg', 0) ON CONFLICT DO NOTHING;
INSERT INTO product_images (product_id, url, position) VALUES (203, '/images/203/img_3106-2.jpg', 1) ON CONFLICT DO NOTHING;
INSERT INTO product_images (product_id, url, position) VALUES (203, '/images/203/img_3108-2.jpg', 2) ON CONFLICT DO NOTHING;
INSERT INTO products (id, title, slug, description, thumbnail, active, base_price) VALUES (204, 'Black Collar Button-Up Vest Top', 'black-collar-button-up-vest-top', '', '/images/204/img_0805.jpeg', True, 3400) ON CONFLICT (id) DO UPDATE SET title = EXCLUDED.title, slug = EXCLUDED.slug, description = EXCLUDED.description, thumbnail = EXCLUDED.thumbnail, active = EXCLUDED.active, base_price = EXCLUDED.base_price;
INSERT INTO product_variants (product_id, sku, size, color, stock_quantity, price_adjustment, active, image) VALUES (204, 'SKU-66790', 'knit top FREE', NULL, 1, 0, true, NULL) ON CONFLICT (sku) DO UPDATE SET stock_quantity = EXCLUDED.stock_quantity, size = EXCLUDED.size, active = EXCLUDED.active;
INSERT INTO prices (variant_id, amount, currency) SELECT id, 3400, 'Br' FROM product_variants WHERE sku = 'SKU-66790' AND NOT EXISTS (SELECT 1 FROM prices WHERE variant_id = product_variants.id);
INSERT INTO product_images (product_id, url, position) VALUES (204, '/images/204/img_0805.jpeg', 0) ON CONFLICT DO NOTHING;
INSERT INTO products (id, title, slug, description, thumbnail, active, base_price) VALUES (205, 'bag', 'bag-25', '', '/images/205/img_1711.jpeg', True, 5400) ON CONFLICT (id) DO UPDATE SET title = EXCLUDED.title, slug = EXCLUDED.slug, description = EXCLUDED.description, thumbnail = EXCLUDED.thumbnail, active = EXCLUDED.active, base_price = EXCLUDED.base_price;
INSERT INTO product_variants (product_id, sku, size, color, stock_quantity, price_adjustment, active, image) VALUES (205, 'SKU-66877', 'bag', NULL, 1, 0, true, NULL) ON CONFLICT (sku) DO UPDATE SET stock_quantity = EXCLUDED.stock_quantity, size = EXCLUDED.size, active = EXCLUDED.active;
INSERT INTO prices (variant_id, amount, currency) SELECT id, 5400, 'Br' FROM product_variants WHERE sku = 'SKU-66877' AND NOT EXISTS (SELECT 1 FROM prices WHERE variant_id = product_variants.id);
INSERT INTO product_images (product_id, url, position) VALUES (205, '/images/205/img_1711.jpeg', 0) ON CONFLICT DO NOTHING;
INSERT INTO products (id, title, slug, description, thumbnail, active, base_price) VALUES (206, 'Disel Silver Bag', 'disel-silver-bag', '', '/images/206/img_9987.jpeg', True, 3900) ON CONFLICT (id) DO UPDATE SET title = EXCLUDED.title, slug = EXCLUDED.slug, description = EXCLUDED.description, thumbnail = EXCLUDED.thumbnail, active = EXCLUDED.active, base_price = EXCLUDED.base_price;
INSERT INTO product_variants (product_id, sku, size, color, stock_quantity, price_adjustment, active, image) VALUES (206, 'SKU-66922', 'bag', NULL, 1, 0, true, NULL) ON CONFLICT (sku) DO UPDATE SET stock_quantity = EXCLUDED.stock_quantity, size = EXCLUDED.size, active = EXCLUDED.active;
INSERT INTO prices (variant_id, amount, currency) SELECT id, 3900, 'Br' FROM product_variants WHERE sku = 'SKU-66922' AND NOT EXISTS (SELECT 1 FROM prices WHERE variant_id = product_variants.id);
INSERT INTO product_images (product_id, url, position) VALUES (206, '/images/206/img_9987.jpeg', 0) ON CONFLICT DO NOTHING;
INSERT INTO products (id, title, slug, description, thumbnail, active, base_price) VALUES (207, 'Black and White Contrast Trim Knit Midi Dress', 'black-and-white-contrast-trim-knit-midi-dress', '', '/images/207/img_1802.jpeg', True, 5900) ON CONFLICT (id) DO UPDATE SET title = EXCLUDED.title, slug = EXCLUDED.slug, description = EXCLUDED.description, thumbnail = EXCLUDED.thumbnail, active = EXCLUDED.active, base_price = EXCLUDED.base_price;
INSERT INTO product_variants (product_id, sku, size, color, stock_quantity, price_adjustment, active, image) VALUES (207, 'SKU-66891', 'dress', NULL, 1, 0, true, NULL) ON CONFLICT (sku) DO UPDATE SET stock_quantity = EXCLUDED.stock_quantity, size = EXCLUDED.size, active = EXCLUDED.active;
INSERT INTO prices (variant_id, amount, currency) SELECT id, 5900, 'Br' FROM product_variants WHERE sku = 'SKU-66891' AND NOT EXISTS (SELECT 1 FROM prices WHERE variant_id = product_variants.id);
INSERT INTO product_images (product_id, url, position) VALUES (207, '/images/207/img_1802.jpeg', 0) ON CONFLICT DO NOTHING;
INSERT INTO products (id, title, slug, description, thumbnail, active, base_price) VALUES (208, 'Zara Minimalist Saddle Brown Shoulder Bag', 'zara-minimalist-saddle-brown-shoulder-bag', '', '/images/208/img_1716.jpeg', True, 5600) ON CONFLICT (id) DO UPDATE SET title = EXCLUDED.title, slug = EXCLUDED.slug, description = EXCLUDED.description, thumbnail = EXCLUDED.thumbnail, active = EXCLUDED.active, base_price = EXCLUDED.base_price;
INSERT INTO product_variants (product_id, sku, size, color, stock_quantity, price_adjustment, active, image) VALUES (208, 'SKU-66883', 'bag', NULL, 1, 0, true, NULL) ON CONFLICT (sku) DO UPDATE SET stock_quantity = EXCLUDED.stock_quantity, size = EXCLUDED.size, active = EXCLUDED.active;
INSERT INTO prices (variant_id, amount, currency) SELECT id, 5600, 'Br' FROM product_variants WHERE sku = 'SKU-66883' AND NOT EXISTS (SELECT 1 FROM prices WHERE variant_id = product_variants.id);
INSERT INTO product_images (product_id, url, position) VALUES (208, '/images/208/img_1716.jpeg', 0) ON CONFLICT DO NOTHING;
INSERT INTO product_images (product_id, url, position) VALUES (208, '/images/208/img_1715.jpeg', 1) ON CONFLICT DO NOTHING;
INSERT INTO product_images (product_id, url, position) VALUES (208, '/images/208/img_1717.jpeg', 2) ON CONFLICT DO NOTHING;
INSERT INTO products (id, title, slug, description, thumbnail, active, base_price) VALUES (209, 'Elegant Structured Top-Handle Bag with Charm Accessory', 'elegant-structured-top-handle-bag-with-charm-accessory', '', '/images/209/img_1713.jpeg', True, 5400) ON CONFLICT (id) DO UPDATE SET title = EXCLUDED.title, slug = EXCLUDED.slug, description = EXCLUDED.description, thumbnail = EXCLUDED.thumbnail, active = EXCLUDED.active, base_price = EXCLUDED.base_price;
INSERT INTO product_variants (product_id, sku, size, color, stock_quantity, price_adjustment, active, image) VALUES (209, 'SKU-66881', 'bag', NULL, 1, 0, true, NULL) ON CONFLICT (sku) DO UPDATE SET stock_quantity = EXCLUDED.stock_quantity, size = EXCLUDED.size, active = EXCLUDED.active;
INSERT INTO prices (variant_id, amount, currency) SELECT id, 5400, 'Br' FROM product_variants WHERE sku = 'SKU-66881' AND NOT EXISTS (SELECT 1 FROM prices WHERE variant_id = product_variants.id);
INSERT INTO product_images (product_id, url, position) VALUES (209, '/images/209/img_1713.jpeg', 0) ON CONFLICT DO NOTHING;
INSERT INTO product_images (product_id, url, position) VALUES (209, '/images/209/img_1714.jpeg', 1) ON CONFLICT DO NOTHING;
INSERT INTO products (id, title, slug, description, thumbnail, active, base_price) VALUES (210, 'Hot Pink Scoop-Neck Bodycon Jumpsuit', 'hot-pink-scoop-neck-bodycon-jumpsuit', '', '/images/210/img_1799.jpeg', True, 5900) ON CONFLICT (id) DO UPDATE SET title = EXCLUDED.title, slug = EXCLUDED.slug, description = EXCLUDED.description, thumbnail = EXCLUDED.thumbnail, active = EXCLUDED.active, base_price = EXCLUDED.base_price;
INSERT INTO product_variants (product_id, sku, size, color, stock_quantity, price_adjustment, active, image) VALUES (210, 'SKU-66895', 'bag S', NULL, 1, 0, true, NULL) ON CONFLICT (sku) DO UPDATE SET stock_quantity = EXCLUDED.stock_quantity, size = EXCLUDED.size, active = EXCLUDED.active;
INSERT INTO prices (variant_id, amount, currency) SELECT id, 5900, 'Br' FROM product_variants WHERE sku = 'SKU-66895' AND NOT EXISTS (SELECT 1 FROM prices WHERE variant_id = product_variants.id);
INSERT INTO product_variants (product_id, sku, size, color, stock_quantity, price_adjustment, active, image) VALUES (210, 'SKU-66896', 'bag L', NULL, 1, 0, true, NULL) ON CONFLICT (sku) DO UPDATE SET stock_quantity = EXCLUDED.stock_quantity, size = EXCLUDED.size, active = EXCLUDED.active;
INSERT INTO prices (variant_id, amount, currency) SELECT id, 5900, 'Br' FROM product_variants WHERE sku = 'SKU-66896' AND NOT EXISTS (SELECT 1 FROM prices WHERE variant_id = product_variants.id);
INSERT INTO product_variants (product_id, sku, size, color, stock_quantity, price_adjustment, active, image) VALUES (210, 'SKU-66897', 'bag XL', NULL, 1, 0, true, NULL) ON CONFLICT (sku) DO UPDATE SET stock_quantity = EXCLUDED.stock_quantity, size = EXCLUDED.size, active = EXCLUDED.active;
INSERT INTO prices (variant_id, amount, currency) SELECT id, 5900, 'Br' FROM product_variants WHERE sku = 'SKU-66897' AND NOT EXISTS (SELECT 1 FROM prices WHERE variant_id = product_variants.id);
INSERT INTO product_images (product_id, url, position) VALUES (210, '/images/210/img_1799.jpeg', 0) ON CONFLICT DO NOTHING;
INSERT INTO products (id, title, slug, description, thumbnail, active, base_price) VALUES (211, 'Coach Monogram Handbag with Lip Print Design - Nude', 'coach-monogram-handbag-with-lip-print-design-nude', '', '/images/211/img_1722.jpeg', True, 4400) ON CONFLICT (id) DO UPDATE SET title = EXCLUDED.title, slug = EXCLUDED.slug, description = EXCLUDED.description, thumbnail = EXCLUDED.thumbnail, active = EXCLUDED.active, base_price = EXCLUDED.base_price;
INSERT INTO product_variants (product_id, sku, size, color, stock_quantity, price_adjustment, active, image) VALUES (211, 'SKU-66884', 'bag', NULL, 1, 0, true, NULL) ON CONFLICT (sku) DO UPDATE SET stock_quantity = EXCLUDED.stock_quantity, size = EXCLUDED.size, active = EXCLUDED.active;
INSERT INTO prices (variant_id, amount, currency) SELECT id, 4400, 'Br' FROM product_variants WHERE sku = 'SKU-66884' AND NOT EXISTS (SELECT 1 FROM prices WHERE variant_id = product_variants.id);
INSERT INTO product_images (product_id, url, position) VALUES (211, '/images/211/img_1722.jpeg', 0) ON CONFLICT DO NOTHING;
INSERT INTO products (id, title, slug, description, thumbnail, active, base_price) VALUES (212, 'Elegant Brown Two-Piece Maxi Set with Flowy Skirt Dress', 'elegant-brown-two-piece-maxi-set-with-flowy-skirt-dress', '', '/images/212/img_1824.jpeg', True, 5800) ON CONFLICT (id) DO UPDATE SET title = EXCLUDED.title, slug = EXCLUDED.slug, description = EXCLUDED.description, thumbnail = EXCLUDED.thumbnail, active = EXCLUDED.active, base_price = EXCLUDED.base_price;
INSERT INTO product_variants (product_id, sku, size, color, stock_quantity, price_adjustment, active, image) VALUES (212, 'SKU-66904', 'two XL', NULL, 1, 0, true, NULL) ON CONFLICT (sku) DO UPDATE SET stock_quantity = EXCLUDED.stock_quantity, size = EXCLUDED.size, active = EXCLUDED.active;
INSERT INTO prices (variant_id, amount, currency) SELECT id, 5800, 'Br' FROM product_variants WHERE sku = 'SKU-66904' AND NOT EXISTS (SELECT 1 FROM prices WHERE variant_id = product_variants.id);
INSERT INTO product_images (product_id, url, position) VALUES (212, '/images/212/img_1824.jpeg', 0) ON CONFLICT DO NOTHING;
INSERT INTO product_images (product_id, url, position) VALUES (212, '/images/212/img_1825.jpeg', 1) ON CONFLICT DO NOTHING;
INSERT INTO product_images (product_id, url, position) VALUES (212, '/images/212/img_1826.jpeg', 2) ON CONFLICT DO NOTHING;
INSERT INTO products (id, title, slug, description, thumbnail, active, base_price) VALUES (213, 'Vintage Ripped Jean Skirt with Frayed Details and Tie Accent', 'vintage-ripped-jean-skirt-with-frayed-details-and-tie-accent', '', '/images/213/img_1820.jpeg', True, 4800) ON CONFLICT (id) DO UPDATE SET title = EXCLUDED.title, slug = EXCLUDED.slug, description = EXCLUDED.description, thumbnail = EXCLUDED.thumbnail, active = EXCLUDED.active, base_price = EXCLUDED.base_price;
INSERT INTO product_variants (product_id, sku, size, color, stock_quantity, price_adjustment, active, image) VALUES (213, 'SKU-66902', 'jeans S', NULL, 1, 0, true, NULL) ON CONFLICT (sku) DO UPDATE SET stock_quantity = EXCLUDED.stock_quantity, size = EXCLUDED.size, active = EXCLUDED.active;
INSERT INTO prices (variant_id, amount, currency) SELECT id, 4800, 'Br' FROM product_variants WHERE sku = 'SKU-66902' AND NOT EXISTS (SELECT 1 FROM prices WHERE variant_id = product_variants.id);
INSERT INTO product_variants (product_id, sku, size, color, stock_quantity, price_adjustment, active, image) VALUES (213, 'SKU-66903', 'jeans M', NULL, 1, 0, true, NULL) ON CONFLICT (sku) DO UPDATE SET stock_quantity = EXCLUDED.stock_quantity, size = EXCLUDED.size, active = EXCLUDED.active;
INSERT INTO prices (variant_id, amount, currency) SELECT id, 4800, 'Br' FROM product_variants WHERE sku = 'SKU-66903' AND NOT EXISTS (SELECT 1 FROM prices WHERE variant_id = product_variants.id);
INSERT INTO product_images (product_id, url, position) VALUES (213, '/images/213/img_1820.jpeg', 0) ON CONFLICT DO NOTHING;
INSERT INTO product_images (product_id, url, position) VALUES (213, '/images/213/img_1819.jpeg', 1) ON CONFLICT DO NOTHING;
INSERT INTO products (id, title, slug, description, thumbnail, active, base_price) VALUES (214, 'Chanel Paris Denim Top Handle Bag - Light Grey', 'chanel-paris-denim-top-handle-bag-light-grey', '', '/images/214/img_1723.jpeg', True, 4800) ON CONFLICT (id) DO UPDATE SET title = EXCLUDED.title, slug = EXCLUDED.slug, description = EXCLUDED.description, thumbnail = EXCLUDED.thumbnail, active = EXCLUDED.active, base_price = EXCLUDED.base_price;
INSERT INTO product_variants (product_id, sku, size, color, stock_quantity, price_adjustment, active, image) VALUES (214, 'SKU-66885', 'bag', NULL, 1, 0, true, NULL) ON CONFLICT (sku) DO UPDATE SET stock_quantity = EXCLUDED.stock_quantity, size = EXCLUDED.size, active = EXCLUDED.active;
INSERT INTO prices (variant_id, amount, currency) SELECT id, 4800, 'Br' FROM product_variants WHERE sku = 'SKU-66885' AND NOT EXISTS (SELECT 1 FROM prices WHERE variant_id = product_variants.id);
INSERT INTO product_images (product_id, url, position) VALUES (214, '/images/214/img_1723.jpeg', 0) ON CONFLICT DO NOTHING;
INSERT INTO products (id, title, slug, description, thumbnail, active, base_price) VALUES (215, 'Zara Classic Black Leather Shoulder Bag with Gold Clasp', 'zara-classic-black-leather-shoulder-bag-with-gold-clasp', '', '/images/215/img_9911.jpeg', True, 4500) ON CONFLICT (id) DO UPDATE SET title = EXCLUDED.title, slug = EXCLUDED.slug, description = EXCLUDED.description, thumbnail = EXCLUDED.thumbnail, active = EXCLUDED.active, base_price = EXCLUDED.base_price;
INSERT INTO product_variants (product_id, sku, size, color, stock_quantity, price_adjustment, active, image) VALUES (215, 'SKU-66907', 'bag', NULL, 1, 0, true, NULL) ON CONFLICT (sku) DO UPDATE SET stock_quantity = EXCLUDED.stock_quantity, size = EXCLUDED.size, active = EXCLUDED.active;
INSERT INTO prices (variant_id, amount, currency) SELECT id, 4500, 'Br' FROM product_variants WHERE sku = 'SKU-66907' AND NOT EXISTS (SELECT 1 FROM prices WHERE variant_id = product_variants.id);
INSERT INTO product_images (product_id, url, position) VALUES (215, '/images/215/img_9911.jpeg', 0) ON CONFLICT DO NOTHING;
INSERT INTO products (id, title, slug, description, thumbnail, active, base_price) VALUES (216, 'Black Floral Embroidered Corset Crop Top', 'black-floral-embroidered-corset-crop-top', '', '/images/216/croptop.png', True, 2800) ON CONFLICT (id) DO UPDATE SET title = EXCLUDED.title, slug = EXCLUDED.slug, description = EXCLUDED.description, thumbnail = EXCLUDED.thumbnail, active = EXCLUDED.active, base_price = EXCLUDED.base_price;
INSERT INTO product_variants (product_id, sku, size, color, stock_quantity, price_adjustment, active, image) VALUES (216, 'SKU-66935', 'corset S', NULL, 1, 0, true, NULL) ON CONFLICT (sku) DO UPDATE SET stock_quantity = EXCLUDED.stock_quantity, size = EXCLUDED.size, active = EXCLUDED.active;
INSERT INTO prices (variant_id, amount, currency) SELECT id, 2800, 'Br' FROM product_variants WHERE sku = 'SKU-66935' AND NOT EXISTS (SELECT 1 FROM prices WHERE variant_id = product_variants.id);
INSERT INTO product_variants (product_id, sku, size, color, stock_quantity, price_adjustment, active, image) VALUES (216, 'SKU-66936', 'corset M', NULL, 1, 0, true, NULL) ON CONFLICT (sku) DO UPDATE SET stock_quantity = EXCLUDED.stock_quantity, size = EXCLUDED.size, active = EXCLUDED.active;
INSERT INTO prices (variant_id, amount, currency) SELECT id, 2800, 'Br' FROM product_variants WHERE sku = 'SKU-66936' AND NOT EXISTS (SELECT 1 FROM prices WHERE variant_id = product_variants.id);
INSERT INTO product_images (product_id, url, position) VALUES (216, '/images/216/croptop.png', 0) ON CONFLICT DO NOTHING;
INSERT INTO products (id, title, slug, description, thumbnail, active, base_price) VALUES (217, 'Mint Mesh Bustier Top', 'mint-mesh-bustier-top', '', '/images/217/crop3__06.png', True, 2800) ON CONFLICT (id) DO UPDATE SET title = EXCLUDED.title, slug = EXCLUDED.slug, description = EXCLUDED.description, thumbnail = EXCLUDED.thumbnail, active = EXCLUDED.active, base_price = EXCLUDED.base_price;
INSERT INTO product_variants (product_id, sku, size, color, stock_quantity, price_adjustment, active, image) VALUES (217, 'SKU-66930', 'corset 36/80', NULL, 1, 0, true, NULL) ON CONFLICT (sku) DO UPDATE SET stock_quantity = EXCLUDED.stock_quantity, size = EXCLUDED.size, active = EXCLUDED.active;
INSERT INTO prices (variant_id, amount, currency) SELECT id, 2800, 'Br' FROM product_variants WHERE sku = 'SKU-66930' AND NOT EXISTS (SELECT 1 FROM prices WHERE variant_id = product_variants.id);
INSERT INTO product_variants (product_id, sku, size, color, stock_quantity, price_adjustment, active, image) VALUES (217, 'SKU-66931', 'corset 40/90', NULL, 1, 0, true, NULL) ON CONFLICT (sku) DO UPDATE SET stock_quantity = EXCLUDED.stock_quantity, size = EXCLUDED.size, active = EXCLUDED.active;
INSERT INTO prices (variant_id, amount, currency) SELECT id, 2800, 'Br' FROM product_variants WHERE sku = 'SKU-66931' AND NOT EXISTS (SELECT 1 FROM prices WHERE variant_id = product_variants.id);
INSERT INTO product_images (product_id, url, position) VALUES (217, '/images/217/crop3__06.png', 0) ON CONFLICT DO NOTHING;
INSERT INTO product_images (product_id, url, position) VALUES (217, '/images/217/img_9990__02.jpeg', 1) ON CONFLICT DO NOTHING;
INSERT INTO products (id, title, slug, description, thumbnail, active, base_price) VALUES (218, 'Black Floral Bustier Corset Toip', 'black-floral-bustier-corset-toip', '', '/images/218/img_9996.jpeg', True, 2800) ON CONFLICT (id) DO UPDATE SET title = EXCLUDED.title, slug = EXCLUDED.slug, description = EXCLUDED.description, thumbnail = EXCLUDED.thumbnail, active = EXCLUDED.active, base_price = EXCLUDED.base_price;
INSERT INTO product_variants (product_id, sku, size, color, stock_quantity, price_adjustment, active, image) VALUES (218, 'SKU-66932', 'corset 70', NULL, 1, 0, true, NULL) ON CONFLICT (sku) DO UPDATE SET stock_quantity = EXCLUDED.stock_quantity, size = EXCLUDED.size, active = EXCLUDED.active;
INSERT INTO prices (variant_id, amount, currency) SELECT id, 2800, 'Br' FROM product_variants WHERE sku = 'SKU-66932' AND NOT EXISTS (SELECT 1 FROM prices WHERE variant_id = product_variants.id);
INSERT INTO product_variants (product_id, sku, size, color, stock_quantity, price_adjustment, active, image) VALUES (218, 'SKU-66933', 'corset 80', NULL, 1, 0, true, NULL) ON CONFLICT (sku) DO UPDATE SET stock_quantity = EXCLUDED.stock_quantity, size = EXCLUDED.size, active = EXCLUDED.active;
INSERT INTO prices (variant_id, amount, currency) SELECT id, 2800, 'Br' FROM product_variants WHERE sku = 'SKU-66933' AND NOT EXISTS (SELECT 1 FROM prices WHERE variant_id = product_variants.id);
INSERT INTO product_variants (product_id, sku, size, color, stock_quantity, price_adjustment, active, image) VALUES (218, 'SKU-66934', 'corset 85', NULL, 1, 0, true, NULL) ON CONFLICT (sku) DO UPDATE SET stock_quantity = EXCLUDED.stock_quantity, size = EXCLUDED.size, active = EXCLUDED.active;
INSERT INTO prices (variant_id, amount, currency) SELECT id, 2800, 'Br' FROM product_variants WHERE sku = 'SKU-66934' AND NOT EXISTS (SELECT 1 FROM prices WHERE variant_id = product_variants.id);
INSERT INTO product_images (product_id, url, position) VALUES (218, '/images/218/img_9996.jpeg', 0) ON CONFLICT DO NOTHING;
INSERT INTO product_images (product_id, url, position) VALUES (218, '/images/218/img_9997.jpeg', 1) ON CONFLICT DO NOTHING;
INSERT INTO products (id, title, slug, description, thumbnail, active, base_price) VALUES (219, 'CloudFlex Ribbed Crop Top', 'cloudflex-ribbed-crop-tee', '', '/images/219/img_9957-1.jpeg', True, 1900) ON CONFLICT (id) DO UPDATE SET title = EXCLUDED.title, slug = EXCLUDED.slug, description = EXCLUDED.description, thumbnail = EXCLUDED.thumbnail, active = EXCLUDED.active, base_price = EXCLUDED.base_price;
INSERT INTO product_variants (product_id, sku, size, color, stock_quantity, price_adjustment, active, image) VALUES (219, 'SKU-66926', 'tee S', NULL, 1, 0, true, NULL) ON CONFLICT (sku) DO UPDATE SET stock_quantity = EXCLUDED.stock_quantity, size = EXCLUDED.size, active = EXCLUDED.active;
INSERT INTO prices (variant_id, amount, currency) SELECT id, 1900, 'Br' FROM product_variants WHERE sku = 'SKU-66926' AND NOT EXISTS (SELECT 1 FROM prices WHERE variant_id = product_variants.id);
INSERT INTO product_variants (product_id, sku, size, color, stock_quantity, price_adjustment, active, image) VALUES (219, 'SKU-66927', 'tee L', NULL, 1, 0, true, NULL) ON CONFLICT (sku) DO UPDATE SET stock_quantity = EXCLUDED.stock_quantity, size = EXCLUDED.size, active = EXCLUDED.active;
INSERT INTO prices (variant_id, amount, currency) SELECT id, 1900, 'Br' FROM product_variants WHERE sku = 'SKU-66927' AND NOT EXISTS (SELECT 1 FROM prices WHERE variant_id = product_variants.id);
INSERT INTO product_variants (product_id, sku, size, color, stock_quantity, price_adjustment, active, image) VALUES (219, 'SKU-66928', 'tee XL', NULL, 1, 0, true, NULL) ON CONFLICT (sku) DO UPDATE SET stock_quantity = EXCLUDED.stock_quantity, size = EXCLUDED.size, active = EXCLUDED.active;
INSERT INTO prices (variant_id, amount, currency) SELECT id, 1900, 'Br' FROM product_variants WHERE sku = 'SKU-66928' AND NOT EXISTS (SELECT 1 FROM prices WHERE variant_id = product_variants.id);
INSERT INTO product_images (product_id, url, position) VALUES (219, '/images/219/img_9957-1.jpeg', 0) ON CONFLICT DO NOTHING;
INSERT INTO product_images (product_id, url, position) VALUES (219, '/images/219/img_9958.jpeg', 1) ON CONFLICT DO NOTHING;
INSERT INTO products (id, title, slug, description, thumbnail, active, base_price) VALUES (220, 'Creamy White Textured Faux Leather Top-Handle Bag', 'creamy-white-textured-faux-leather-top-handle-bag', '', '/images/220/img_9986.jpeg', True, 4800) ON CONFLICT (id) DO UPDATE SET title = EXCLUDED.title, slug = EXCLUDED.slug, description = EXCLUDED.description, thumbnail = EXCLUDED.thumbnail, active = EXCLUDED.active, base_price = EXCLUDED.base_price;
INSERT INTO product_variants (product_id, sku, size, color, stock_quantity, price_adjustment, active, image) VALUES (220, 'SKU-66920', 'bag', NULL, 1, 0, true, NULL) ON CONFLICT (sku) DO UPDATE SET stock_quantity = EXCLUDED.stock_quantity, size = EXCLUDED.size, active = EXCLUDED.active;
INSERT INTO prices (variant_id, amount, currency) SELECT id, 4800, 'Br' FROM product_variants WHERE sku = 'SKU-66920' AND NOT EXISTS (SELECT 1 FROM prices WHERE variant_id = product_variants.id);
INSERT INTO product_images (product_id, url, position) VALUES (220, '/images/220/img_9986.jpeg', 0) ON CONFLICT DO NOTHING;
INSERT INTO products (id, title, slug, description, thumbnail, active, base_price) VALUES (221, 'Disel Black Bag', 'disel-black-bag', '', '/images/221/img_9917.jpeg', True, 3900) ON CONFLICT (id) DO UPDATE SET title = EXCLUDED.title, slug = EXCLUDED.slug, description = EXCLUDED.description, thumbnail = EXCLUDED.thumbnail, active = EXCLUDED.active, base_price = EXCLUDED.base_price;
INSERT INTO product_variants (product_id, sku, size, color, stock_quantity, price_adjustment, active, image) VALUES (221, 'SKU-66914', 'bag', NULL, 1, 0, true, NULL) ON CONFLICT (sku) DO UPDATE SET stock_quantity = EXCLUDED.stock_quantity, size = EXCLUDED.size, active = EXCLUDED.active;
INSERT INTO prices (variant_id, amount, currency) SELECT id, 3900, 'Br' FROM product_variants WHERE sku = 'SKU-66914' AND NOT EXISTS (SELECT 1 FROM prices WHERE variant_id = product_variants.id);
INSERT INTO product_images (product_id, url, position) VALUES (221, '/images/221/img_9917.jpeg', 0) ON CONFLICT DO NOTHING;
INSERT INTO products (id, title, slug, description, thumbnail, active, base_price) VALUES (222, 'Pink Textured Faux Leather Top-Handle Bag', 'pink-textured-faux-leather-top-handle-bag', '', '/images/222/img_9918.jpeg', True, 4900) ON CONFLICT (id) DO UPDATE SET title = EXCLUDED.title, slug = EXCLUDED.slug, description = EXCLUDED.description, thumbnail = EXCLUDED.thumbnail, active = EXCLUDED.active, base_price = EXCLUDED.base_price;
INSERT INTO product_variants (product_id, sku, size, color, stock_quantity, price_adjustment, active, image) VALUES (222, 'SKU-66913', 'bag', NULL, 1, 0, true, NULL) ON CONFLICT (sku) DO UPDATE SET stock_quantity = EXCLUDED.stock_quantity, size = EXCLUDED.size, active = EXCLUDED.active;
INSERT INTO prices (variant_id, amount, currency) SELECT id, 4900, 'Br' FROM product_variants WHERE sku = 'SKU-66913' AND NOT EXISTS (SELECT 1 FROM prices WHERE variant_id = product_variants.id);
INSERT INTO product_images (product_id, url, position) VALUES (222, '/images/222/img_9918.jpeg', 0) ON CONFLICT DO NOTHING;
INSERT INTO products (id, title, slug, description, thumbnail, active, base_price) VALUES (223, 'Cherry Red Patent Shine Shoulder Bag with Gold D-Ring', 'cherry-red-patent-shine-shoulder-bag-with-gold-d-ring', '', '/images/223/img_9922.jpeg', True, 4800) ON CONFLICT (id) DO UPDATE SET title = EXCLUDED.title, slug = EXCLUDED.slug, description = EXCLUDED.description, thumbnail = EXCLUDED.thumbnail, active = EXCLUDED.active, base_price = EXCLUDED.base_price;
INSERT INTO product_variants (product_id, sku, size, color, stock_quantity, price_adjustment, active, image) VALUES (223, 'SKU-66915', 'bag', NULL, 1, 0, true, NULL) ON CONFLICT (sku) DO UPDATE SET stock_quantity = EXCLUDED.stock_quantity, size = EXCLUDED.size, active = EXCLUDED.active;
INSERT INTO prices (variant_id, amount, currency) SELECT id, 4800, 'Br' FROM product_variants WHERE sku = 'SKU-66915' AND NOT EXISTS (SELECT 1 FROM prices WHERE variant_id = product_variants.id);
INSERT INTO product_images (product_id, url, position) VALUES (223, '/images/223/img_9922.jpeg', 0) ON CONFLICT DO NOTHING;
INSERT INTO product_images (product_id, url, position) VALUES (223, '/images/223/img_9923.jpeg', 1) ON CONFLICT DO NOTHING;
INSERT INTO products (id, title, slug, description, thumbnail, active, base_price) VALUES (224, 'Zara Midnight Gleam Stiletto Sandals Heel', 'zara-midnight-gleam-stiletto-sandals-heel', '', '/images/224/img_9939-1.jpeg', True, 4800) ON CONFLICT (id) DO UPDATE SET title = EXCLUDED.title, slug = EXCLUDED.slug, description = EXCLUDED.description, thumbnail = EXCLUDED.thumbnail, active = EXCLUDED.active, base_price = EXCLUDED.base_price;
INSERT INTO product_variants (product_id, sku, size, color, stock_quantity, price_adjustment, active, image) VALUES (224, 'SKU-66918', 'sho 39', NULL, 1, 0, true, NULL) ON CONFLICT (sku) DO UPDATE SET stock_quantity = EXCLUDED.stock_quantity, size = EXCLUDED.size, active = EXCLUDED.active;
INSERT INTO prices (variant_id, amount, currency) SELECT id, 4800, 'Br' FROM product_variants WHERE sku = 'SKU-66918' AND NOT EXISTS (SELECT 1 FROM prices WHERE variant_id = product_variants.id);
INSERT INTO product_images (product_id, url, position) VALUES (224, '/images/224/img_9939-1.jpeg', 0) ON CONFLICT DO NOTHING;
INSERT INTO product_images (product_id, url, position) VALUES (224, '/images/224/img_9938.jpeg', 1) ON CONFLICT DO NOTHING;
INSERT INTO products (id, title, slug, description, thumbnail, active, base_price) VALUES (225, 'Forever21 Deep Red and Black Contrast V-Neck Sleeveless Bodysuit', 'forever21-deep-red-and-black-contrast-v-neck-sleeveless-bodysuit', '', '/images/225/photo_2025-09-20-13.01.11.jpeg', True, 2900) ON CONFLICT (id) DO UPDATE SET title = EXCLUDED.title, slug = EXCLUDED.slug, description = EXCLUDED.description, thumbnail = EXCLUDED.thumbnail, active = EXCLUDED.active, base_price = EXCLUDED.base_price;
INSERT INTO product_variants (product_id, sku, size, color, stock_quantity, price_adjustment, active, image) VALUES (225, 'SKU-66939', 'bodysuit S/M', NULL, 1, 0, true, NULL) ON CONFLICT (sku) DO UPDATE SET stock_quantity = EXCLUDED.stock_quantity, size = EXCLUDED.size, active = EXCLUDED.active;
INSERT INTO prices (variant_id, amount, currency) SELECT id, 2900, 'Br' FROM product_variants WHERE sku = 'SKU-66939' AND NOT EXISTS (SELECT 1 FROM prices WHERE variant_id = product_variants.id);
INSERT INTO product_variants (product_id, sku, size, color, stock_quantity, price_adjustment, active, image) VALUES (225, 'SKU-66940', 'bodysuit M/L', NULL, 1, 0, true, NULL) ON CONFLICT (sku) DO UPDATE SET stock_quantity = EXCLUDED.stock_quantity, size = EXCLUDED.size, active = EXCLUDED.active;
INSERT INTO prices (variant_id, amount, currency) SELECT id, 2900, 'Br' FROM product_variants WHERE sku = 'SKU-66940' AND NOT EXISTS (SELECT 1 FROM prices WHERE variant_id = product_variants.id);
INSERT INTO product_variants (product_id, sku, size, color, stock_quantity, price_adjustment, active, image) VALUES (225, 'SKU-66941', 'bodysuit XL', NULL, 1, 0, true, NULL) ON CONFLICT (sku) DO UPDATE SET stock_quantity = EXCLUDED.stock_quantity, size = EXCLUDED.size, active = EXCLUDED.active;
INSERT INTO prices (variant_id, amount, currency) SELECT id, 2900, 'Br' FROM product_variants WHERE sku = 'SKU-66941' AND NOT EXISTS (SELECT 1 FROM prices WHERE variant_id = product_variants.id);
INSERT INTO product_images (product_id, url, position) VALUES (225, '/images/225/photo_2025-09-20-13.01.11.jpeg', 0) ON CONFLICT DO NOTHING;
INSERT INTO product_images (product_id, url, position) VALUES (225, '/images/225/forever21-deep-red-and-black-contrast-v-neck-sleeveless-bodysuit.jpeg', 1) ON CONFLICT DO NOTHING;
INSERT INTO products (id, title, slug, description, thumbnail, active, base_price) VALUES (226, 'Forever21 Dark Teal Short-Sleeve V-Neck Slim-Fit Bodysuit', 'forever21-dark-teal-short-sleeve-v-neck-slim-fit-bodysuit', '', '/images/226/img_2506__02.jpeg', True, 2900) ON CONFLICT (id) DO UPDATE SET title = EXCLUDED.title, slug = EXCLUDED.slug, description = EXCLUDED.description, thumbnail = EXCLUDED.thumbnail, active = EXCLUDED.active, base_price = EXCLUDED.base_price;
INSERT INTO product_variants (product_id, sku, size, color, stock_quantity, price_adjustment, active, image) VALUES (226, 'SKU-66949', 'bodysuit 1 L', NULL, 1, 0, true, NULL) ON CONFLICT (sku) DO UPDATE SET stock_quantity = EXCLUDED.stock_quantity, size = EXCLUDED.size, active = EXCLUDED.active;
INSERT INTO prices (variant_id, amount, currency) SELECT id, 2900, 'Br' FROM product_variants WHERE sku = 'SKU-66949' AND NOT EXISTS (SELECT 1 FROM prices WHERE variant_id = product_variants.id);
INSERT INTO product_images (product_id, url, position) VALUES (226, '/images/226/img_2506__02.jpeg', 0) ON CONFLICT DO NOTHING;
INSERT INTO products (id, title, slug, description, thumbnail, active, base_price) VALUES (227, 'Forever21 White Long-Sleeve Off-the-Shoulder Thong Bodysuit', 'forever21-white-long-sleeve-off-the-shoulder-thong-bodysuit', '', '/images/227/photo_2025-09-20-13.01.19.jpeg', True, 2900) ON CONFLICT (id) DO UPDATE SET title = EXCLUDED.title, slug = EXCLUDED.slug, description = EXCLUDED.description, thumbnail = EXCLUDED.thumbnail, active = EXCLUDED.active, base_price = EXCLUDED.base_price;
INSERT INTO product_variants (product_id, sku, size, color, stock_quantity, price_adjustment, active, image) VALUES (227, 'SKU-66944', 'corset 2XL', NULL, 1, 0, true, NULL) ON CONFLICT (sku) DO UPDATE SET stock_quantity = EXCLUDED.stock_quantity, size = EXCLUDED.size, active = EXCLUDED.active;
INSERT INTO prices (variant_id, amount, currency) SELECT id, 2900, 'Br' FROM product_variants WHERE sku = 'SKU-66944' AND NOT EXISTS (SELECT 1 FROM prices WHERE variant_id = product_variants.id);
INSERT INTO product_images (product_id, url, position) VALUES (227, '/images/227/photo_2025-09-20-13.01.19.jpeg', 0) ON CONFLICT DO NOTHING;
INSERT INTO product_images (product_id, url, position) VALUES (227, '/images/227/forever21-white-long-sleeve-off-the-shoulder-thong-bodysuit.png', 1) ON CONFLICT DO NOTHING;
INSERT INTO products (id, title, slug, description, thumbnail, active, base_price) VALUES (228, 'Forever21 Flowy White Elastic Neckline Summer Peasant Shirt', 'forever21-flowy-white-elastic-neckline-summer-peasant-shirt', '', '/images/228/photo_2025-09-20-13.01.20-1__02.jpeg', True, 2900) ON CONFLICT (id) DO UPDATE SET title = EXCLUDED.title, slug = EXCLUDED.slug, description = EXCLUDED.description, thumbnail = EXCLUDED.thumbnail, active = EXCLUDED.active, base_price = EXCLUDED.base_price;
INSERT INTO product_variants (product_id, sku, size, color, stock_quantity, price_adjustment, active, image) VALUES (228, 'SKU-66952', 'bodysuit 1 S/M', NULL, 1, 0, true, NULL) ON CONFLICT (sku) DO UPDATE SET stock_quantity = EXCLUDED.stock_quantity, size = EXCLUDED.size, active = EXCLUDED.active;
INSERT INTO prices (variant_id, amount, currency) SELECT id, 2900, 'Br' FROM product_variants WHERE sku = 'SKU-66952' AND NOT EXISTS (SELECT 1 FROM prices WHERE variant_id = product_variants.id);
INSERT INTO product_variants (product_id, sku, size, color, stock_quantity, price_adjustment, active, image) VALUES (228, 'SKU-66953', 'bodysuit 1 M/L', NULL, 1, 0, true, NULL) ON CONFLICT (sku) DO UPDATE SET stock_quantity = EXCLUDED.stock_quantity, size = EXCLUDED.size, active = EXCLUDED.active;
INSERT INTO prices (variant_id, amount, currency) SELECT id, 2900, 'Br' FROM product_variants WHERE sku = 'SKU-66953' AND NOT EXISTS (SELECT 1 FROM prices WHERE variant_id = product_variants.id);
INSERT INTO product_images (product_id, url, position) VALUES (228, '/images/228/photo_2025-09-20-13.01.20-1__02.jpeg', 0) ON CONFLICT DO NOTHING;
INSERT INTO product_images (product_id, url, position) VALUES (228, '/images/228/forever21-bright-grey-ribbed-knit-tank-top-style-basic-bodysuit1.jpeg', 1) ON CONFLICT DO NOTHING;
INSERT INTO product_images (product_id, url, position) VALUES (228, '/images/228/forever21-bright-grey-ribbed-knit-tank-top-style-basic-bodysuit2.jpeg', 2) ON CONFLICT DO NOTHING;
INSERT INTO products (id, title, slug, description, thumbnail, active, base_price) VALUES (229, 'Forever21 Vibrant Yellow Thin Strap High-Cut Basic Bodysuit', 'forever21-vibrant-yellow-thin-strap-high-cut-basic-bodysuit', '', '/images/229/photo_2025-09-20-13.01.27.jpeg', True, 2900) ON CONFLICT (id) DO UPDATE SET title = EXCLUDED.title, slug = EXCLUDED.slug, description = EXCLUDED.description, thumbnail = EXCLUDED.thumbnail, active = EXCLUDED.active, base_price = EXCLUDED.base_price;
INSERT INTO product_variants (product_id, sku, size, color, stock_quantity, price_adjustment, active, image) VALUES (229, 'SKU-66956', 'bodysuit 1 M', NULL, 1, 0, true, NULL) ON CONFLICT (sku) DO UPDATE SET stock_quantity = EXCLUDED.stock_quantity, size = EXCLUDED.size, active = EXCLUDED.active;
INSERT INTO prices (variant_id, amount, currency) SELECT id, 2900, 'Br' FROM product_variants WHERE sku = 'SKU-66956' AND NOT EXISTS (SELECT 1 FROM prices WHERE variant_id = product_variants.id);
INSERT INTO product_variants (product_id, sku, size, color, stock_quantity, price_adjustment, active, image) VALUES (229, 'SKU-66957', 'bodysuit 1 L', NULL, 1, 0, true, NULL) ON CONFLICT (sku) DO UPDATE SET stock_quantity = EXCLUDED.stock_quantity, size = EXCLUDED.size, active = EXCLUDED.active;
INSERT INTO prices (variant_id, amount, currency) SELECT id, 2900, 'Br' FROM product_variants WHERE sku = 'SKU-66957' AND NOT EXISTS (SELECT 1 FROM prices WHERE variant_id = product_variants.id);
INSERT INTO product_images (product_id, url, position) VALUES (229, '/images/229/photo_2025-09-20-13.01.27.jpeg', 0) ON CONFLICT DO NOTHING;
INSERT INTO product_images (product_id, url, position) VALUES (229, '/images/229/photo_2025-11-03-17.55.09.jpg', 1) ON CONFLICT DO NOTHING;
INSERT INTO products (id, title, slug, description, thumbnail, active, base_price) VALUES (230, 'Forever21 Pastel Lavender Solid Color Smooth Fabric Thong Bodysuit', 'forever21-pastel-lavender-solid-color-smooth-fabric-thong-bodysuit', '', '/images/230/photo_2025-09-20-13.01.34.jpeg', True, 2900) ON CONFLICT (id) DO UPDATE SET title = EXCLUDED.title, slug = EXCLUDED.slug, description = EXCLUDED.description, thumbnail = EXCLUDED.thumbnail, active = EXCLUDED.active, base_price = EXCLUDED.base_price;
INSERT INTO product_variants (product_id, sku, size, color, stock_quantity, price_adjustment, active, image) VALUES (230, 'SKU-66959', 'bodysuit 1 M/L', NULL, 1, 0, true, NULL) ON CONFLICT (sku) DO UPDATE SET stock_quantity = EXCLUDED.stock_quantity, size = EXCLUDED.size, active = EXCLUDED.active;
INSERT INTO prices (variant_id, amount, currency) SELECT id, 2900, 'Br' FROM product_variants WHERE sku = 'SKU-66959' AND NOT EXISTS (SELECT 1 FROM prices WHERE variant_id = product_variants.id);
INSERT INTO product_images (product_id, url, position) VALUES (230, '/images/230/photo_2025-09-20-13.01.34.jpeg', 0) ON CONFLICT DO NOTHING;
INSERT INTO product_images (product_id, url, position) VALUES (230, '/images/230/forever21-pastel-lavender-solid-color-smooth-fabric-thong-bodysuit.jpeg', 1) ON CONFLICT DO NOTHING;
INSERT INTO products (id, title, slug, description, thumbnail, active, base_price) VALUES (231, 'Forever21 Charcoal Black Sleeveless Basic Tank Bodysuit', 'forever21-charcoal-black-sleeveless-basic-tank-bodysuit-1', '', '/images/231/photo_2025-11-03-18.04.48.jpeg', True, 2900) ON CONFLICT (id) DO UPDATE SET title = EXCLUDED.title, slug = EXCLUDED.slug, description = EXCLUDED.description, thumbnail = EXCLUDED.thumbnail, active = EXCLUDED.active, base_price = EXCLUDED.base_price;
INSERT INTO product_variants (product_id, sku, size, color, stock_quantity, price_adjustment, active, image) VALUES (231, 'SKU-66961', 'bodysuit 1 S', NULL, 1, 0, true, NULL) ON CONFLICT (sku) DO UPDATE SET stock_quantity = EXCLUDED.stock_quantity, size = EXCLUDED.size, active = EXCLUDED.active;
INSERT INTO prices (variant_id, amount, currency) SELECT id, 2900, 'Br' FROM product_variants WHERE sku = 'SKU-66961' AND NOT EXISTS (SELECT 1 FROM prices WHERE variant_id = product_variants.id);
INSERT INTO product_images (product_id, url, position) VALUES (231, '/images/231/photo_2025-11-03-18.04.48.jpeg', 0) ON CONFLICT DO NOTHING;
INSERT INTO product_images (product_id, url, position) VALUES (231, '/images/231/photo_2025-09-20-13.01.36.jpeg', 1) ON CONFLICT DO NOTHING;
INSERT INTO products (id, title, slug, description, thumbnail, active, base_price) VALUES (232, 'Shimmering Light Silver Open-Toe Ankle Strap Stiletto Heels', 'shimmering-light-silver-open-toe-ankle-strap-stiletto-heels', '', '/images/232/img_9948.jpeg', True, 4800) ON CONFLICT (id) DO UPDATE SET title = EXCLUDED.title, slug = EXCLUDED.slug, description = EXCLUDED.description, thumbnail = EXCLUDED.thumbnail, active = EXCLUDED.active, base_price = EXCLUDED.base_price;
INSERT INTO product_variants (product_id, sku, size, color, stock_quantity, price_adjustment, active, image) VALUES (232, 'SKU-66963', 'heel 37', NULL, 1, 0, true, NULL) ON CONFLICT (sku) DO UPDATE SET stock_quantity = EXCLUDED.stock_quantity, size = EXCLUDED.size, active = EXCLUDED.active;
INSERT INTO prices (variant_id, amount, currency) SELECT id, 4800, 'Br' FROM product_variants WHERE sku = 'SKU-66963' AND NOT EXISTS (SELECT 1 FROM prices WHERE variant_id = product_variants.id);
INSERT INTO product_variants (product_id, sku, size, color, stock_quantity, price_adjustment, active, image) VALUES (232, 'SKU-66964', 'heel 39', NULL, 1, 0, true, NULL) ON CONFLICT (sku) DO UPDATE SET stock_quantity = EXCLUDED.stock_quantity, size = EXCLUDED.size, active = EXCLUDED.active;
INSERT INTO prices (variant_id, amount, currency) SELECT id, 4800, 'Br' FROM product_variants WHERE sku = 'SKU-66964' AND NOT EXISTS (SELECT 1 FROM prices WHERE variant_id = product_variants.id);
INSERT INTO product_images (product_id, url, position) VALUES (232, '/images/232/img_9948.jpeg', 0) ON CONFLICT DO NOTHING;
INSERT INTO products (id, title, slug, description, thumbnail, active, base_price) VALUES (233, 'Bright Tangerine Orange Solid Color Stretchy Crop Top', 'bright-tangerine-orange-solid-color-stretchy-crop-top', '', '/images/233/photo_2025-09-20-13.01.44.jpeg', True, 2500) ON CONFLICT (id) DO UPDATE SET title = EXCLUDED.title, slug = EXCLUDED.slug, description = EXCLUDED.description, thumbnail = EXCLUDED.thumbnail, active = EXCLUDED.active, base_price = EXCLUDED.base_price;
INSERT INTO product_variants (product_id, sku, size, color, stock_quantity, price_adjustment, active, image) VALUES (233, 'SKU-66970', 'top S', NULL, 1, 0, true, NULL) ON CONFLICT (sku) DO UPDATE SET stock_quantity = EXCLUDED.stock_quantity, size = EXCLUDED.size, active = EXCLUDED.active;
INSERT INTO prices (variant_id, amount, currency) SELECT id, 2500, 'Br' FROM product_variants WHERE sku = 'SKU-66970' AND NOT EXISTS (SELECT 1 FROM prices WHERE variant_id = product_variants.id);
INSERT INTO product_variants (product_id, sku, size, color, stock_quantity, price_adjustment, active, image) VALUES (233, 'SKU-66971', 'top M', NULL, 1, 0, true, NULL) ON CONFLICT (sku) DO UPDATE SET stock_quantity = EXCLUDED.stock_quantity, size = EXCLUDED.size, active = EXCLUDED.active;
INSERT INTO prices (variant_id, amount, currency) SELECT id, 2500, 'Br' FROM product_variants WHERE sku = 'SKU-66971' AND NOT EXISTS (SELECT 1 FROM prices WHERE variant_id = product_variants.id);
INSERT INTO product_images (product_id, url, position) VALUES (233, '/images/233/photo_2025-09-20-13.01.44.jpeg', 0) ON CONFLICT DO NOTHING;
INSERT INTO products (id, title, slug, description, thumbnail, active, base_price) VALUES (234, 'Forever21 Patterned Color Basic High-Cut Square Neck Bodysuit', 'forever21-patterned-color-basic-high-cut-square-neck-bodysuit', '', '/images/234/photo_2025-09-20-13.24.29.jpeg', True, 2900) ON CONFLICT (id) DO UPDATE SET title = EXCLUDED.title, slug = EXCLUDED.slug, description = EXCLUDED.description, thumbnail = EXCLUDED.thumbnail, active = EXCLUDED.active, base_price = EXCLUDED.base_price;
INSERT INTO product_variants (product_id, sku, size, color, stock_quantity, price_adjustment, active, image) VALUES (234, 'SKU-66975', 'bodysuit 1 S', NULL, 1, 0, true, NULL) ON CONFLICT (sku) DO UPDATE SET stock_quantity = EXCLUDED.stock_quantity, size = EXCLUDED.size, active = EXCLUDED.active;
INSERT INTO prices (variant_id, amount, currency) SELECT id, 2900, 'Br' FROM product_variants WHERE sku = 'SKU-66975' AND NOT EXISTS (SELECT 1 FROM prices WHERE variant_id = product_variants.id);
INSERT INTO product_variants (product_id, sku, size, color, stock_quantity, price_adjustment, active, image) VALUES (234, 'SKU-66976', 'bodysuit 1 M', NULL, 1, 0, true, NULL) ON CONFLICT (sku) DO UPDATE SET stock_quantity = EXCLUDED.stock_quantity, size = EXCLUDED.size, active = EXCLUDED.active;
INSERT INTO prices (variant_id, amount, currency) SELECT id, 2900, 'Br' FROM product_variants WHERE sku = 'SKU-66976' AND NOT EXISTS (SELECT 1 FROM prices WHERE variant_id = product_variants.id);
INSERT INTO product_images (product_id, url, position) VALUES (234, '/images/234/photo_2025-09-20-13.24.29.jpeg', 0) ON CONFLICT DO NOTHING;
INSERT INTO product_images (product_id, url, position) VALUES (234, '/images/234/forever21-patterned-color-basic-high-cut-square-neck-bodysuit.png', 1) ON CONFLICT DO NOTHING;
INSERT INTO products (id, title, slug, description, thumbnail, active, base_price) VALUES (235, 'Forever21 Colorful Abstract Pattern Sleeveless Bodysuit', 'forever21-colorful-abstract-pattern-sleeveless-bodysuit', '', '/images/235/photo_2025-09-20-13.24.21.jpeg', True, 2900) ON CONFLICT (id) DO UPDATE SET title = EXCLUDED.title, slug = EXCLUDED.slug, description = EXCLUDED.description, thumbnail = EXCLUDED.thumbnail, active = EXCLUDED.active, base_price = EXCLUDED.base_price;
INSERT INTO product_variants (product_id, sku, size, color, stock_quantity, price_adjustment, active, image) VALUES (235, 'SKU-66980', 'bodysuit 1 M', NULL, 1, 0, true, NULL) ON CONFLICT (sku) DO UPDATE SET stock_quantity = EXCLUDED.stock_quantity, size = EXCLUDED.size, active = EXCLUDED.active;
INSERT INTO prices (variant_id, amount, currency) SELECT id, 2900, 'Br' FROM product_variants WHERE sku = 'SKU-66980' AND NOT EXISTS (SELECT 1 FROM prices WHERE variant_id = product_variants.id);
INSERT INTO product_images (product_id, url, position) VALUES (235, '/images/235/photo_2025-09-20-13.24.21.jpeg', 0) ON CONFLICT DO NOTHING;
INSERT INTO product_images (product_id, url, position) VALUES (235, '/images/235/forever21-colorful-abstract-pattern-sleeveless-bodysuit.png', 1) ON CONFLICT DO NOTHING;
INSERT INTO products (id, title, slug, description, thumbnail, active, base_price) VALUES (236, 'Forever21 White Solid Color Stretchy Crop Top', 'forever21-white-solid-color-stretchy-crop-top', '', '/images/236/photo_2025-09-24-17.20.27.jpeg', True, 2900) ON CONFLICT (id) DO UPDATE SET title = EXCLUDED.title, slug = EXCLUDED.slug, description = EXCLUDED.description, thumbnail = EXCLUDED.thumbnail, active = EXCLUDED.active, base_price = EXCLUDED.base_price;
INSERT INTO product_variants (product_id, sku, size, color, stock_quantity, price_adjustment, active, image) VALUES (236, 'SKU-66982', 'top S', NULL, 1, 0, true, NULL) ON CONFLICT (sku) DO UPDATE SET stock_quantity = EXCLUDED.stock_quantity, size = EXCLUDED.size, active = EXCLUDED.active;
INSERT INTO prices (variant_id, amount, currency) SELECT id, 2900, 'Br' FROM product_variants WHERE sku = 'SKU-66982' AND NOT EXISTS (SELECT 1 FROM prices WHERE variant_id = product_variants.id);
INSERT INTO product_variants (product_id, sku, size, color, stock_quantity, price_adjustment, active, image) VALUES (236, 'SKU-66983', 'top M', NULL, 1, 0, true, NULL) ON CONFLICT (sku) DO UPDATE SET stock_quantity = EXCLUDED.stock_quantity, size = EXCLUDED.size, active = EXCLUDED.active;
INSERT INTO prices (variant_id, amount, currency) SELECT id, 2900, 'Br' FROM product_variants WHERE sku = 'SKU-66983' AND NOT EXISTS (SELECT 1 FROM prices WHERE variant_id = product_variants.id);
INSERT INTO product_variants (product_id, sku, size, color, stock_quantity, price_adjustment, active, image) VALUES (236, 'SKU-66984', 'top L', NULL, 1, 0, true, NULL) ON CONFLICT (sku) DO UPDATE SET stock_quantity = EXCLUDED.stock_quantity, size = EXCLUDED.size, active = EXCLUDED.active;
INSERT INTO prices (variant_id, amount, currency) SELECT id, 2900, 'Br' FROM product_variants WHERE sku = 'SKU-66984' AND NOT EXISTS (SELECT 1 FROM prices WHERE variant_id = product_variants.id);
INSERT INTO product_images (product_id, url, position) VALUES (236, '/images/236/photo_2025-09-24-17.20.27.jpeg', 0) ON CONFLICT DO NOTHING;
INSERT INTO products (id, title, slug, description, thumbnail, active, base_price) VALUES (237, 'Bright Yellow Platform Heeled Sandals with Floral Detail', 'bright-yellow-platform-heeled-sandals-with-floral-detail', '', '/images/237/photo_2025-09-24-14.31.39.jpeg', True, 5400) ON CONFLICT (id) DO UPDATE SET title = EXCLUDED.title, slug = EXCLUDED.slug, description = EXCLUDED.description, thumbnail = EXCLUDED.thumbnail, active = EXCLUDED.active, base_price = EXCLUDED.base_price;
INSERT INTO product_variants (product_id, sku, size, color, stock_quantity, price_adjustment, active, image) VALUES (237, 'SKU-66986', 'sho 38', NULL, 1, 0, true, NULL) ON CONFLICT (sku) DO UPDATE SET stock_quantity = EXCLUDED.stock_quantity, size = EXCLUDED.size, active = EXCLUDED.active;
INSERT INTO prices (variant_id, amount, currency) SELECT id, 5400, 'Br' FROM product_variants WHERE sku = 'SKU-66986' AND NOT EXISTS (SELECT 1 FROM prices WHERE variant_id = product_variants.id);
INSERT INTO product_images (product_id, url, position) VALUES (237, '/images/237/photo_2025-09-24-14.31.39.jpeg', 0) ON CONFLICT DO NOTHING;
INSERT INTO product_images (product_id, url, position) VALUES (237, '/images/237/photo_2025-09-24-14.31.38.jpeg', 1) ON CONFLICT DO NOTHING;
INSERT INTO products (id, title, slug, description, thumbnail, active, base_price) VALUES (238, 'Nude Beige Faux Leather Clear Wide Strap Block Heels', 'nude-beige-faux-leather-clear-wide-strap-block-heels', '', '/images/238/photo_2025-09-23-19.48.23.jpeg', True, 4800) ON CONFLICT (id) DO UPDATE SET title = EXCLUDED.title, slug = EXCLUDED.slug, description = EXCLUDED.description, thumbnail = EXCLUDED.thumbnail, active = EXCLUDED.active, base_price = EXCLUDED.base_price;
INSERT INTO product_variants (product_id, sku, size, color, stock_quantity, price_adjustment, active, image) VALUES (238, 'SKU-66989', 'heel 36', NULL, 1, 0, true, NULL) ON CONFLICT (sku) DO UPDATE SET stock_quantity = EXCLUDED.stock_quantity, size = EXCLUDED.size, active = EXCLUDED.active;
INSERT INTO prices (variant_id, amount, currency) SELECT id, 4800, 'Br' FROM product_variants WHERE sku = 'SKU-66989' AND NOT EXISTS (SELECT 1 FROM prices WHERE variant_id = product_variants.id);
INSERT INTO product_variants (product_id, sku, size, color, stock_quantity, price_adjustment, active, image) VALUES (238, '0', 'heel 35', NULL, 1, 0, true, NULL) ON CONFLICT (sku) DO UPDATE SET stock_quantity = EXCLUDED.stock_quantity, size = EXCLUDED.size, active = EXCLUDED.active;
INSERT INTO prices (variant_id, amount, currency) SELECT id, 4800, 'Br' FROM product_variants WHERE sku = '0' AND NOT EXISTS (SELECT 1 FROM prices WHERE variant_id = product_variants.id);
INSERT INTO product_images (product_id, url, position) VALUES (238, '/images/238/photo_2025-09-23-19.48.23.jpeg', 0) ON CONFLICT DO NOTHING;
INSERT INTO product_images (product_id, url, position) VALUES (238, '/images/238/photo_2025-09-23-19.48.24.jpeg', 1) ON CONFLICT DO NOTHING;
INSERT INTO products (id, title, slug, description, thumbnail, active, base_price) VALUES (239, 'Forever21 Pale Blue Scoop Neck Basic Sleeveless High-Cut Bodysuit', 'forever21-pale-blue-scoop-neck-basic-sleeveless-high-cut-bodysuit', '', '/images/239/photo_2025-09-22-19.07.34.jpeg', True, 2900) ON CONFLICT (id) DO UPDATE SET title = EXCLUDED.title, slug = EXCLUDED.slug, description = EXCLUDED.description, thumbnail = EXCLUDED.thumbnail, active = EXCLUDED.active, base_price = EXCLUDED.base_price;
INSERT INTO product_variants (product_id, sku, size, color, stock_quantity, price_adjustment, active, image) VALUES (239, 'SKU-66992', 'bodysuit 1 M', NULL, 1, 0, true, NULL) ON CONFLICT (sku) DO UPDATE SET stock_quantity = EXCLUDED.stock_quantity, size = EXCLUDED.size, active = EXCLUDED.active;
INSERT INTO prices (variant_id, amount, currency) SELECT id, 2900, 'Br' FROM product_variants WHERE sku = 'SKU-66992' AND NOT EXISTS (SELECT 1 FROM prices WHERE variant_id = product_variants.id);
INSERT INTO product_images (product_id, url, position) VALUES (239, '/images/239/photo_2025-09-22-19.07.34.jpeg', 0) ON CONFLICT DO NOTHING;
INSERT INTO product_images (product_id, url, position) VALUES (239, '/images/239/forever21-pale-blue-scoop-neck-basic-sleeveless-high-cut-bodysuit.png', 1) ON CONFLICT DO NOTHING;
INSERT INTO products (id, title, slug, description, thumbnail, active, base_price) VALUES (240, 'Light Pastel Pink Scoop Neck Wide Strap Basic Tank Top', 'light-pastel-pink-scoop-neck-wide-strap-basic-tank-top', '', '/images/240/photo_2025-09-22-19.06.23.jpeg', True, 2500) ON CONFLICT (id) DO UPDATE SET title = EXCLUDED.title, slug = EXCLUDED.slug, description = EXCLUDED.description, thumbnail = EXCLUDED.thumbnail, active = EXCLUDED.active, base_price = EXCLUDED.base_price;
INSERT INTO product_variants (product_id, sku, size, color, stock_quantity, price_adjustment, active, image) VALUES (240, 'SKU-66994', 'top S/M', NULL, 1, 0, true, NULL) ON CONFLICT (sku) DO UPDATE SET stock_quantity = EXCLUDED.stock_quantity, size = EXCLUDED.size, active = EXCLUDED.active;
INSERT INTO prices (variant_id, amount, currency) SELECT id, 2500, 'Br' FROM product_variants WHERE sku = 'SKU-66994' AND NOT EXISTS (SELECT 1 FROM prices WHERE variant_id = product_variants.id);
INSERT INTO product_images (product_id, url, position) VALUES (240, '/images/240/photo_2025-09-22-19.06.23.jpeg', 0) ON CONFLICT DO NOTHING;
INSERT INTO products (id, title, slug, description, thumbnail, active, base_price) VALUES (241, 'Sheer Black Mesh Long-Sleeve Deep V-Neck Lace Detail Top', 'sheer-black-mesh-long-sleeve-deep-v-neck-lace-detail-top', '', '/images/241/photo_2025-09-22-19.07.21.jpeg', True, 2900) ON CONFLICT (id) DO UPDATE SET title = EXCLUDED.title, slug = EXCLUDED.slug, description = EXCLUDED.description, thumbnail = EXCLUDED.thumbnail, active = EXCLUDED.active, base_price = EXCLUDED.base_price;
INSERT INTO product_variants (product_id, sku, size, color, stock_quantity, price_adjustment, active, image) VALUES (241, 'SKU-66998', 'body S', NULL, 1, 0, true, NULL) ON CONFLICT (sku) DO UPDATE SET stock_quantity = EXCLUDED.stock_quantity, size = EXCLUDED.size, active = EXCLUDED.active;
INSERT INTO prices (variant_id, amount, currency) SELECT id, 2900, 'Br' FROM product_variants WHERE sku = 'SKU-66998' AND NOT EXISTS (SELECT 1 FROM prices WHERE variant_id = product_variants.id);
INSERT INTO product_variants (product_id, sku, size, color, stock_quantity, price_adjustment, active, image) VALUES (241, 'SKU-66999', 'body M', NULL, 1, 0, true, NULL) ON CONFLICT (sku) DO UPDATE SET stock_quantity = EXCLUDED.stock_quantity, size = EXCLUDED.size, active = EXCLUDED.active;
INSERT INTO prices (variant_id, amount, currency) SELECT id, 2900, 'Br' FROM product_variants WHERE sku = 'SKU-66999' AND NOT EXISTS (SELECT 1 FROM prices WHERE variant_id = product_variants.id);
INSERT INTO product_images (product_id, url, position) VALUES (241, '/images/241/photo_2025-09-22-19.07.21.jpeg', 0) ON CONFLICT DO NOTHING;
INSERT INTO product_images (product_id, url, position) VALUES (241, '/images/241/photo_2025-09-22-19.07.23.jpeg', 1) ON CONFLICT DO NOTHING;
INSERT INTO product_images (product_id, url, position) VALUES (241, '/images/241/photo_2025-09-22-19.07.22.jpeg', 2) ON CONFLICT DO NOTHING;
INSERT INTO products (id, title, slug, description, thumbnail, active, base_price) VALUES (242, 'Forever21 Warm Tan Nude Color High-Cut V-Neck Thong Bodysuit', 'forever21-warm-tan-nude-color-high-cut-v-neck-thong-bodysuit', '', '/images/242/photo_2025-09-22-19.06.54.jpeg', True, 2900) ON CONFLICT (id) DO UPDATE SET title = EXCLUDED.title, slug = EXCLUDED.slug, description = EXCLUDED.description, thumbnail = EXCLUDED.thumbnail, active = EXCLUDED.active, base_price = EXCLUDED.base_price;
INSERT INTO product_variants (product_id, sku, size, color, stock_quantity, price_adjustment, active, image) VALUES (242, 'SKU-67001', 'bodysuit 1 S', NULL, 1, 0, true, NULL) ON CONFLICT (sku) DO UPDATE SET stock_quantity = EXCLUDED.stock_quantity, size = EXCLUDED.size, active = EXCLUDED.active;
INSERT INTO prices (variant_id, amount, currency) SELECT id, 2900, 'Br' FROM product_variants WHERE sku = 'SKU-67001' AND NOT EXISTS (SELECT 1 FROM prices WHERE variant_id = product_variants.id);
INSERT INTO product_variants (product_id, sku, size, color, stock_quantity, price_adjustment, active, image) VALUES (242, 'SKU-67002', 'bodysuit 1 M', NULL, 1, 0, true, NULL) ON CONFLICT (sku) DO UPDATE SET stock_quantity = EXCLUDED.stock_quantity, size = EXCLUDED.size, active = EXCLUDED.active;
INSERT INTO prices (variant_id, amount, currency) SELECT id, 2900, 'Br' FROM product_variants WHERE sku = 'SKU-67002' AND NOT EXISTS (SELECT 1 FROM prices WHERE variant_id = product_variants.id);
INSERT INTO product_images (product_id, url, position) VALUES (242, '/images/242/photo_2025-09-22-19.06.54.jpeg', 0) ON CONFLICT DO NOTHING;
INSERT INTO products (id, title, slug, description, thumbnail, active, base_price) VALUES (243, 'Forever21 Shimmering Charcoal Print Stretchy Sleeveless Bodysuit', 'forever21-shimmering-charcoal-print-stretchy-sleeveless-bodysuit', '', '/images/243/photo_2025-09-22-19.07.42.jpeg', True, 2900) ON CONFLICT (id) DO UPDATE SET title = EXCLUDED.title, slug = EXCLUDED.slug, description = EXCLUDED.description, thumbnail = EXCLUDED.thumbnail, active = EXCLUDED.active, base_price = EXCLUDED.base_price;
INSERT INTO product_variants (product_id, sku, size, color, stock_quantity, price_adjustment, active, image) VALUES (243, 'SKU-67005', 'bodysuit 1 M', NULL, 1, 0, true, NULL) ON CONFLICT (sku) DO UPDATE SET stock_quantity = EXCLUDED.stock_quantity, size = EXCLUDED.size, active = EXCLUDED.active;
INSERT INTO prices (variant_id, amount, currency) SELECT id, 2900, 'Br' FROM product_variants WHERE sku = 'SKU-67005' AND NOT EXISTS (SELECT 1 FROM prices WHERE variant_id = product_variants.id);
INSERT INTO product_images (product_id, url, position) VALUES (243, '/images/243/photo_2025-09-22-19.07.42.jpeg', 0) ON CONFLICT DO NOTHING;
INSERT INTO product_images (product_id, url, position) VALUES (243, '/images/243/photo_2025-11-03-17.50.45.jpeg', 1) ON CONFLICT DO NOTHING;
INSERT INTO products (id, title, slug, description, thumbnail, active, base_price) VALUES (244, 'Forever21 Bright Burnt Orange Stretchy High-Waist High-Cut Bodysuit', 'forever21-bright-burnt-orange-stretchy-high-waist-high-cut-bodysuit', '', '/images/244/photo_2025-09-22-19.06.16.jpeg', True, 2900) ON CONFLICT (id) DO UPDATE SET title = EXCLUDED.title, slug = EXCLUDED.slug, description = EXCLUDED.description, thumbnail = EXCLUDED.thumbnail, active = EXCLUDED.active, base_price = EXCLUDED.base_price;
INSERT INTO product_variants (product_id, sku, size, color, stock_quantity, price_adjustment, active, image) VALUES (244, 'SKU-67008', 'bodysuit M', NULL, 1, 0, true, NULL) ON CONFLICT (sku) DO UPDATE SET stock_quantity = EXCLUDED.stock_quantity, size = EXCLUDED.size, active = EXCLUDED.active;
INSERT INTO prices (variant_id, amount, currency) SELECT id, 2900, 'Br' FROM product_variants WHERE sku = 'SKU-67008' AND NOT EXISTS (SELECT 1 FROM prices WHERE variant_id = product_variants.id);
INSERT INTO product_images (product_id, url, position) VALUES (244, '/images/244/photo_2025-09-22-19.06.16.jpeg', 0) ON CONFLICT DO NOTHING;
INSERT INTO product_images (product_id, url, position) VALUES (244, '/images/244/forever21-bright-burnt-orange-stretchy-high-waist-high-cut-bodysuit.png', 1) ON CONFLICT DO NOTHING;
INSERT INTO products (id, title, slug, description, thumbnail, active, base_price) VALUES (245, 'Forevere21 Vibrant Lemon Yellow High-Cut Athletic Swimwear Bottoms', 'forevere21-vibrant-lemon-yellow-high-cut-athletic-swimwear-bottoms', '', '/images/245/photo_2025-09-22-19.04.44.jpeg', True, 2900) ON CONFLICT (id) DO UPDATE SET title = EXCLUDED.title, slug = EXCLUDED.slug, description = EXCLUDED.description, thumbnail = EXCLUDED.thumbnail, active = EXCLUDED.active, base_price = EXCLUDED.base_price;
INSERT INTO product_variants (product_id, sku, size, color, stock_quantity, price_adjustment, active, image) VALUES (245, 'SKU-67016', 'bodysuit S', NULL, 1, 0, true, NULL) ON CONFLICT (sku) DO UPDATE SET stock_quantity = EXCLUDED.stock_quantity, size = EXCLUDED.size, active = EXCLUDED.active;
INSERT INTO prices (variant_id, amount, currency) SELECT id, 2900, 'Br' FROM product_variants WHERE sku = 'SKU-67016' AND NOT EXISTS (SELECT 1 FROM prices WHERE variant_id = product_variants.id);
INSERT INTO product_variants (product_id, sku, size, color, stock_quantity, price_adjustment, active, image) VALUES (245, 'SKU-67017', 'bodysuit M', NULL, 1, 0, true, NULL) ON CONFLICT (sku) DO UPDATE SET stock_quantity = EXCLUDED.stock_quantity, size = EXCLUDED.size, active = EXCLUDED.active;
INSERT INTO prices (variant_id, amount, currency) SELECT id, 2900, 'Br' FROM product_variants WHERE sku = 'SKU-67017' AND NOT EXISTS (SELECT 1 FROM prices WHERE variant_id = product_variants.id);
INSERT INTO product_images (product_id, url, position) VALUES (245, '/images/245/photo_2025-09-22-19.04.44.jpeg', 0) ON CONFLICT DO NOTHING;
INSERT INTO product_images (product_id, url, position) VALUES (245, '/images/245/photo_2025-09-22-19.04.47.jpeg', 1) ON CONFLICT DO NOTHING;
INSERT INTO product_images (product_id, url, position) VALUES (245, '/images/245/forevere21-vibrant-lemon-yellow-high-cut-athletic-swimwear-bottoms__02.png', 2) ON CONFLICT DO NOTHING;
INSERT INTO products (id, title, slug, description, thumbnail, active, base_price) VALUES (246, 'Forever21 Dusty Mauve Long-Sleeve Crew Neck Snap Crotch Bodysuit', 'forever21-dusty-mauve-long-sleeve-crew-neck-snap-crotch-bodysuit', '', '/images/246/photo_2025-11-03-18.15.29.jpeg', True, 3500) ON CONFLICT (id) DO UPDATE SET title = EXCLUDED.title, slug = EXCLUDED.slug, description = EXCLUDED.description, thumbnail = EXCLUDED.thumbnail, active = EXCLUDED.active, base_price = EXCLUDED.base_price;
INSERT INTO product_variants (product_id, sku, size, color, stock_quantity, price_adjustment, active, image) VALUES (246, 'SKU-67013', 'bodysuit S/M', NULL, 1, 0, true, NULL) ON CONFLICT (sku) DO UPDATE SET stock_quantity = EXCLUDED.stock_quantity, size = EXCLUDED.size, active = EXCLUDED.active;
INSERT INTO prices (variant_id, amount, currency) SELECT id, 3500, 'Br' FROM product_variants WHERE sku = 'SKU-67013' AND NOT EXISTS (SELECT 1 FROM prices WHERE variant_id = product_variants.id);
INSERT INTO product_variants (product_id, sku, size, color, stock_quantity, price_adjustment, active, image) VALUES (246, 'SKU-67014', 'bodysuit M/L', NULL, 1, 0, true, NULL) ON CONFLICT (sku) DO UPDATE SET stock_quantity = EXCLUDED.stock_quantity, size = EXCLUDED.size, active = EXCLUDED.active;
INSERT INTO prices (variant_id, amount, currency) SELECT id, 3500, 'Br' FROM product_variants WHERE sku = 'SKU-67014' AND NOT EXISTS (SELECT 1 FROM prices WHERE variant_id = product_variants.id);
INSERT INTO product_images (product_id, url, position) VALUES (246, '/images/246/photo_2025-11-03-18.15.29.jpeg', 0) ON CONFLICT DO NOTHING;
INSERT INTO product_images (product_id, url, position) VALUES (246, '/images/246/photo_2025-11-03-18.15.27.jpeg', 1) ON CONFLICT DO NOTHING;
INSERT INTO product_images (product_id, url, position) VALUES (246, '/images/246/photo_2025-11-03-18.15.28.jpeg', 2) ON CONFLICT DO NOTHING;
INSERT INTO product_images (product_id, url, position) VALUES (246, '/images/246/photo_2025-09-22-19.03.29.jpeg', 3) ON CONFLICT DO NOTHING;
INSERT INTO products (id, title, slug, description, thumbnail, active, base_price) VALUES (247, 'heel', 'heel-7', '', '/images/247/photo_2025-09-23-19.44.10.jpeg', True, 0) ON CONFLICT (id) DO UPDATE SET title = EXCLUDED.title, slug = EXCLUDED.slug, description = EXCLUDED.description, thumbnail = EXCLUDED.thumbnail, active = EXCLUDED.active, base_price = EXCLUDED.base_price;
INSERT INTO product_images (product_id, url, position) VALUES (247, '/images/247/photo_2025-09-23-19.44.10.jpeg', 0) ON CONFLICT DO NOTHING;
INSERT INTO product_images (product_id, url, position) VALUES (247, '/images/247/photo_2025-09-23-19.44.08.jpeg', 1) ON CONFLICT DO NOTHING;
INSERT INTO products (id, title, slug, description, thumbnail, active, base_price) VALUES (249, 'heel', 'heel-7-2792', '', '/images/249/photo_2025-09-23-19.44.10.jpeg', True, 0) ON CONFLICT (id) DO UPDATE SET title = EXCLUDED.title, slug = EXCLUDED.slug, description = EXCLUDED.description, thumbnail = EXCLUDED.thumbnail, active = EXCLUDED.active, base_price = EXCLUDED.base_price;
INSERT INTO product_images (product_id, url, position) VALUES (249, '/images/249/photo_2025-09-23-19.44.10.jpeg', 0) ON CONFLICT DO NOTHING;
INSERT INTO product_images (product_id, url, position) VALUES (249, '/images/249/photo_2025-09-23-19.44.08.jpeg', 1) ON CONFLICT DO NOTHING;
INSERT INTO products (id, title, slug, description, thumbnail, active, base_price) VALUES (251, 'heel', 'heel-7-2793', '', '/images/251/photo_2025-09-23-19.44.10.jpeg', True, 0) ON CONFLICT (id) DO UPDATE SET title = EXCLUDED.title, slug = EXCLUDED.slug, description = EXCLUDED.description, thumbnail = EXCLUDED.thumbnail, active = EXCLUDED.active, base_price = EXCLUDED.base_price;
INSERT INTO product_images (product_id, url, position) VALUES (251, '/images/251/photo_2025-09-23-19.44.10.jpeg', 0) ON CONFLICT DO NOTHING;
INSERT INTO product_images (product_id, url, position) VALUES (251, '/images/251/photo_2025-09-23-19.44.08.jpeg', 1) ON CONFLICT DO NOTHING;
INSERT INTO products (id, title, slug, description, thumbnail, active, base_price) VALUES (253, 'heel', 'heel-7-2794', '', '/images/253/photo_2025-09-23-19.44.10.jpeg', True, 0) ON CONFLICT (id) DO UPDATE SET title = EXCLUDED.title, slug = EXCLUDED.slug, description = EXCLUDED.description, thumbnail = EXCLUDED.thumbnail, active = EXCLUDED.active, base_price = EXCLUDED.base_price;
INSERT INTO product_images (product_id, url, position) VALUES (253, '/images/253/photo_2025-09-23-19.44.10.jpeg', 0) ON CONFLICT DO NOTHING;
INSERT INTO product_images (product_id, url, position) VALUES (253, '/images/253/photo_2025-09-23-19.44.08.jpeg', 1) ON CONFLICT DO NOTHING;
INSERT INTO products (id, title, slug, description, thumbnail, active, base_price) VALUES (255, 'heel', 'heel-7-2795', '', '/images/255/photo_2025-09-23-19.44.10.jpeg', True, 0) ON CONFLICT (id) DO UPDATE SET title = EXCLUDED.title, slug = EXCLUDED.slug, description = EXCLUDED.description, thumbnail = EXCLUDED.thumbnail, active = EXCLUDED.active, base_price = EXCLUDED.base_price;
INSERT INTO product_images (product_id, url, position) VALUES (255, '/images/255/photo_2025-09-23-19.44.10.jpeg', 0) ON CONFLICT DO NOTHING;
INSERT INTO product_images (product_id, url, position) VALUES (255, '/images/255/photo_2025-09-23-19.44.08.jpeg', 1) ON CONFLICT DO NOTHING;
INSERT INTO products (id, title, slug, description, thumbnail, active, base_price) VALUES (256, 'Forever21 Fitted High Neck Sleeveless Tank Top', 'forever21-fitted-high-neck-sleeveless-tank-top', '', '/images/256/photo_2025-09-20-14.39.07.jpeg', True, 2200) ON CONFLICT (id) DO UPDATE SET title = EXCLUDED.title, slug = EXCLUDED.slug, description = EXCLUDED.description, thumbnail = EXCLUDED.thumbnail, active = EXCLUDED.active, base_price = EXCLUDED.base_price;
INSERT INTO product_variants (product_id, sku, size, color, stock_quantity, price_adjustment, active, image) VALUES (256, 'SKU-67022', 'bodysuit S', NULL, 1, 0, true, NULL) ON CONFLICT (sku) DO UPDATE SET stock_quantity = EXCLUDED.stock_quantity, size = EXCLUDED.size, active = EXCLUDED.active;
INSERT INTO prices (variant_id, amount, currency) SELECT id, 2200, 'Br' FROM product_variants WHERE sku = 'SKU-67022' AND NOT EXISTS (SELECT 1 FROM prices WHERE variant_id = product_variants.id);
INSERT INTO product_variants (product_id, sku, size, color, stock_quantity, price_adjustment, active, image) VALUES (256, 'SKU-67023', 'bodysuit M', NULL, 1, 0, true, NULL) ON CONFLICT (sku) DO UPDATE SET stock_quantity = EXCLUDED.stock_quantity, size = EXCLUDED.size, active = EXCLUDED.active;
INSERT INTO prices (variant_id, amount, currency) SELECT id, 2200, 'Br' FROM product_variants WHERE sku = 'SKU-67023' AND NOT EXISTS (SELECT 1 FROM prices WHERE variant_id = product_variants.id);
INSERT INTO product_variants (product_id, sku, size, color, stock_quantity, price_adjustment, active, image) VALUES (256, 'SKU-67024', 'bodysuit L', NULL, 1, 0, true, NULL) ON CONFLICT (sku) DO UPDATE SET stock_quantity = EXCLUDED.stock_quantity, size = EXCLUDED.size, active = EXCLUDED.active;
INSERT INTO prices (variant_id, amount, currency) SELECT id, 2200, 'Br' FROM product_variants WHERE sku = 'SKU-67024' AND NOT EXISTS (SELECT 1 FROM prices WHERE variant_id = product_variants.id);
INSERT INTO product_images (product_id, url, position) VALUES (256, '/images/256/photo_2025-09-20-14.39.07.jpeg', 0) ON CONFLICT DO NOTHING;
INSERT INTO products (id, title, slug, description, thumbnail, active, base_price) VALUES (257, 'Forever21 Dusty Blue Short-Sleeve Crew Neck Basic Fitted Bodysuit', 'forever21-dusty-blue-short-sleeve-crew-neck-basic-fitted-bodysuit', '', '/images/257/photo_2025-09-22-19.02.57.jpeg', True, 3400) ON CONFLICT (id) DO UPDATE SET title = EXCLUDED.title, slug = EXCLUDED.slug, description = EXCLUDED.description, thumbnail = EXCLUDED.thumbnail, active = EXCLUDED.active, base_price = EXCLUDED.base_price;
INSERT INTO product_variants (product_id, sku, size, color, stock_quantity, price_adjustment, active, image) VALUES (257, 'SKU-67026', 'bodysuit M/L', NULL, 1, 0, true, NULL) ON CONFLICT (sku) DO UPDATE SET stock_quantity = EXCLUDED.stock_quantity, size = EXCLUDED.size, active = EXCLUDED.active;
INSERT INTO prices (variant_id, amount, currency) SELECT id, 3400, 'Br' FROM product_variants WHERE sku = 'SKU-67026' AND NOT EXISTS (SELECT 1 FROM prices WHERE variant_id = product_variants.id);
INSERT INTO product_images (product_id, url, position) VALUES (257, '/images/257/photo_2025-09-22-19.02.57.jpeg', 0) ON CONFLICT DO NOTHING;
INSERT INTO product_images (product_id, url, position) VALUES (257, '/images/257/photo_2025-11-03-17.52.08.jpeg', 1) ON CONFLICT DO NOTHING;
INSERT INTO products (id, title, slug, description, thumbnail, active, base_price) VALUES (258, 'Light Cream Flowy Straight Leg Summer Dress', 'light-cream-flowy-straight-leg-summer-dress', '', '/images/258/img_9544-1.jpeg', True, 0) ON CONFLICT (id) DO UPDATE SET title = EXCLUDED.title, slug = EXCLUDED.slug, description = EXCLUDED.description, thumbnail = EXCLUDED.thumbnail, active = EXCLUDED.active, base_price = EXCLUDED.base_price;
INSERT INTO product_images (product_id, url, position) VALUES (258, '/images/258/img_9544-1.jpeg', 0) ON CONFLICT DO NOTHING;
INSERT INTO product_images (product_id, url, position) VALUES (258, '/images/258/img_9545-1.jpeg', 1) ON CONFLICT DO NOTHING;
INSERT INTO products (id, title, slug, description, thumbnail, active, base_price) VALUES (259, 'Cream Fur Corduroy Baseball Hat', 'cream-fur-corduroy-baseball-hat', '', '/images/259/img_0410.jpeg', True, 2200) ON CONFLICT (id) DO UPDATE SET title = EXCLUDED.title, slug = EXCLUDED.slug, description = EXCLUDED.description, thumbnail = EXCLUDED.thumbnail, active = EXCLUDED.active, base_price = EXCLUDED.base_price;
INSERT INTO product_variants (product_id, sku, size, color, stock_quantity, price_adjustment, active, image) VALUES (259, 'SKU-67220', 'CAP', NULL, 1, 0, true, NULL) ON CONFLICT (sku) DO UPDATE SET stock_quantity = EXCLUDED.stock_quantity, size = EXCLUDED.size, active = EXCLUDED.active;
INSERT INTO prices (variant_id, amount, currency) SELECT id, 2200, 'Br' FROM product_variants WHERE sku = 'SKU-67220' AND NOT EXISTS (SELECT 1 FROM prices WHERE variant_id = product_variants.id);
INSERT INTO product_images (product_id, url, position) VALUES (259, '/images/259/img_0410.jpeg', 0) ON CONFLICT DO NOTHING;
INSERT INTO product_images (product_id, url, position) VALUES (259, '/images/259/img_0412.jpeg', 1) ON CONFLICT DO NOTHING;
INSERT INTO product_images (product_id, url, position) VALUES (259, '/images/259/img_0413.jpeg', 2) ON CONFLICT DO NOTHING;
INSERT INTO product_images (product_id, url, position) VALUES (259, '/images/259/img_0414.jpeg', 3) ON CONFLICT DO NOTHING;
INSERT INTO products (id, title, slug, description, thumbnail, active, base_price) VALUES (260, 'Beige Fur Corduroy Baseball Hat', 'beige-fur-corduroy-baseball-hat', '', '/images/260/img_0411.jpeg', True, 2200) ON CONFLICT (id) DO UPDATE SET title = EXCLUDED.title, slug = EXCLUDED.slug, description = EXCLUDED.description, thumbnail = EXCLUDED.thumbnail, active = EXCLUDED.active, base_price = EXCLUDED.base_price;
INSERT INTO product_variants (product_id, sku, size, color, stock_quantity, price_adjustment, active, image) VALUES (260, 'SKU-67219', 'CAP', NULL, 1, 0, true, NULL) ON CONFLICT (sku) DO UPDATE SET stock_quantity = EXCLUDED.stock_quantity, size = EXCLUDED.size, active = EXCLUDED.active;
INSERT INTO prices (variant_id, amount, currency) SELECT id, 2200, 'Br' FROM product_variants WHERE sku = 'SKU-67219' AND NOT EXISTS (SELECT 1 FROM prices WHERE variant_id = product_variants.id);
INSERT INTO product_images (product_id, url, position) VALUES (260, '/images/260/img_0411.jpeg', 0) ON CONFLICT DO NOTHING;
INSERT INTO products (id, title, slug, description, thumbnail, active, base_price) VALUES (261, 'Faded Blue High-Rise Straight Jeans', 'faded-blue-high-rise-straight-jeans', '', '/images/261/img_0808__02.jpeg', True, 5400) ON CONFLICT (id) DO UPDATE SET title = EXCLUDED.title, slug = EXCLUDED.slug, description = EXCLUDED.description, thumbnail = EXCLUDED.thumbnail, active = EXCLUDED.active, base_price = EXCLUDED.base_price;
INSERT INTO product_variants (product_id, sku, size, color, stock_quantity, price_adjustment, active, image) VALUES (261, 'SKU-67216', 'JESNS L', NULL, 1, 0, true, NULL) ON CONFLICT (sku) DO UPDATE SET stock_quantity = EXCLUDED.stock_quantity, size = EXCLUDED.size, active = EXCLUDED.active;
INSERT INTO prices (variant_id, amount, currency) SELECT id, 5400, 'Br' FROM product_variants WHERE sku = 'SKU-67216' AND NOT EXISTS (SELECT 1 FROM prices WHERE variant_id = product_variants.id);
INSERT INTO product_variants (product_id, sku, size, color, stock_quantity, price_adjustment, active, image) VALUES (261, 'SKU-67217', 'JESNS XL', NULL, 1, 0, true, NULL) ON CONFLICT (sku) DO UPDATE SET stock_quantity = EXCLUDED.stock_quantity, size = EXCLUDED.size, active = EXCLUDED.active;
INSERT INTO prices (variant_id, amount, currency) SELECT id, 5400, 'Br' FROM product_variants WHERE sku = 'SKU-67217' AND NOT EXISTS (SELECT 1 FROM prices WHERE variant_id = product_variants.id);
INSERT INTO product_variants (product_id, sku, size, color, stock_quantity, price_adjustment, active, image) VALUES (261, 'SKU-67218', 'JESNS 3XL', NULL, 1, 0, true, NULL) ON CONFLICT (sku) DO UPDATE SET stock_quantity = EXCLUDED.stock_quantity, size = EXCLUDED.size, active = EXCLUDED.active;
INSERT INTO prices (variant_id, amount, currency) SELECT id, 5400, 'Br' FROM product_variants WHERE sku = 'SKU-67218' AND NOT EXISTS (SELECT 1 FROM prices WHERE variant_id = product_variants.id);
INSERT INTO product_images (product_id, url, position) VALUES (261, '/images/261/img_0808__02.jpeg', 0) ON CONFLICT DO NOTHING;
INSERT INTO product_images (product_id, url, position) VALUES (261, '/images/261/img_0810__02.jpeg', 1) ON CONFLICT DO NOTHING;
INSERT INTO products (id, title, slug, description, thumbnail, active, base_price) VALUES (262, 'Loewe Tank Top - White', 'loewe-tank-top-white', '', '/images/262/img_7527.jpeg', True, 1900) ON CONFLICT (id) DO UPDATE SET title = EXCLUDED.title, slug = EXCLUDED.slug, description = EXCLUDED.description, thumbnail = EXCLUDED.thumbnail, active = EXCLUDED.active, base_price = EXCLUDED.base_price;
INSERT INTO product_variants (product_id, sku, size, color, stock_quantity, price_adjustment, active, image) VALUES (262, 'SKU-67183', 'TOP M', NULL, 1, 0, true, NULL) ON CONFLICT (sku) DO UPDATE SET stock_quantity = EXCLUDED.stock_quantity, size = EXCLUDED.size, active = EXCLUDED.active;
INSERT INTO prices (variant_id, amount, currency) SELECT id, 1900, 'Br' FROM product_variants WHERE sku = 'SKU-67183' AND NOT EXISTS (SELECT 1 FROM prices WHERE variant_id = product_variants.id);
INSERT INTO product_variants (product_id, sku, size, color, stock_quantity, price_adjustment, active, image) VALUES (262, 'SKU-67184', 'TOP XL', NULL, 1, 0, true, NULL) ON CONFLICT (sku) DO UPDATE SET stock_quantity = EXCLUDED.stock_quantity, size = EXCLUDED.size, active = EXCLUDED.active;
INSERT INTO prices (variant_id, amount, currency) SELECT id, 1900, 'Br' FROM product_variants WHERE sku = 'SKU-67184' AND NOT EXISTS (SELECT 1 FROM prices WHERE variant_id = product_variants.id);
INSERT INTO product_images (product_id, url, position) VALUES (262, '/images/262/img_7527.jpeg', 0) ON CONFLICT DO NOTHING;
INSERT INTO products (id, title, slug, description, thumbnail, active, base_price) VALUES (263, 'Silver Transparent Strap Block Heels', 'silver-transparent-strap-block-heels', '', '/images/263/img_7812.jpeg', True, 5600) ON CONFLICT (id) DO UPDATE SET title = EXCLUDED.title, slug = EXCLUDED.slug, description = EXCLUDED.description, thumbnail = EXCLUDED.thumbnail, active = EXCLUDED.active, base_price = EXCLUDED.base_price;
INSERT INTO product_variants (product_id, sku, size, color, stock_quantity, price_adjustment, active, image) VALUES (263, 'SKU-67204', 'HEEL 38', NULL, 1, 0, true, NULL) ON CONFLICT (sku) DO UPDATE SET stock_quantity = EXCLUDED.stock_quantity, size = EXCLUDED.size, active = EXCLUDED.active;
INSERT INTO prices (variant_id, amount, currency) SELECT id, 5600, 'Br' FROM product_variants WHERE sku = 'SKU-67204' AND NOT EXISTS (SELECT 1 FROM prices WHERE variant_id = product_variants.id);
INSERT INTO product_variants (product_id, sku, size, color, stock_quantity, price_adjustment, active, image) VALUES (263, 'SKU-67205', 'HEEL 39', NULL, 1, 0, true, NULL) ON CONFLICT (sku) DO UPDATE SET stock_quantity = EXCLUDED.stock_quantity, size = EXCLUDED.size, active = EXCLUDED.active;
INSERT INTO prices (variant_id, amount, currency) SELECT id, 5600, 'Br' FROM product_variants WHERE sku = 'SKU-67205' AND NOT EXISTS (SELECT 1 FROM prices WHERE variant_id = product_variants.id);
INSERT INTO product_images (product_id, url, position) VALUES (263, '/images/263/img_7812.jpeg', 0) ON CONFLICT DO NOTHING;
INSERT INTO product_images (product_id, url, position) VALUES (263, '/images/263/img_7810.jpeg', 1) ON CONFLICT DO NOTHING;
INSERT INTO product_images (product_id, url, position) VALUES (263, '/images/263/img_7811.jpeg', 2) ON CONFLICT DO NOTHING;
INSERT INTO products (id, title, slug, description, thumbnail, active, base_price) VALUES (264, 'Forever21 Bright Grey Ribbed Knit Tank Top Style Basic Bodysuit', 'forever21-bright-grey-ribbed-knit-tank-top-style-basic-bodysuit', '', '/images/264/forever21-bright-grey-ribbed-knit-tank-top-style-basic-bodysuit1.jpeg', True, 2900) ON CONFLICT (id) DO UPDATE SET title = EXCLUDED.title, slug = EXCLUDED.slug, description = EXCLUDED.description, thumbnail = EXCLUDED.thumbnail, active = EXCLUDED.active, base_price = EXCLUDED.base_price;
INSERT INTO product_variants (product_id, sku, size, color, stock_quantity, price_adjustment, active, image) VALUES (264, 'SKU-67021', 'bodysuit L', NULL, 1, 0, true, NULL) ON CONFLICT (sku) DO UPDATE SET stock_quantity = EXCLUDED.stock_quantity, size = EXCLUDED.size, active = EXCLUDED.active;
INSERT INTO prices (variant_id, amount, currency) SELECT id, 2900, 'Br' FROM product_variants WHERE sku = 'SKU-67021' AND NOT EXISTS (SELECT 1 FROM prices WHERE variant_id = product_variants.id);
INSERT INTO product_images (product_id, url, position) VALUES (264, '/images/264/forever21-bright-grey-ribbed-knit-tank-top-style-basic-bodysuit1.jpeg', 0) ON CONFLICT DO NOTHING;
INSERT INTO product_images (product_id, url, position) VALUES (264, '/images/264/forever21-bright-grey-ribbed-knit-tank-top-style-basic-bodysuit2.jpeg', 1) ON CONFLICT DO NOTHING;
INSERT INTO product_images (product_id, url, position) VALUES (264, '/images/264/photo_2025-09-20-14.39.08.jpeg', 2) ON CONFLICT DO NOTHING;
INSERT INTO products (id, title, slug, description, thumbnail, active, base_price) VALUES (265, 'Red Strappy Stiletto Heels', 'red-strappy-stiletto-heels', '', '/images/265/img_7824.jpeg', True, 5700) ON CONFLICT (id) DO UPDATE SET title = EXCLUDED.title, slug = EXCLUDED.slug, description = EXCLUDED.description, thumbnail = EXCLUDED.thumbnail, active = EXCLUDED.active, base_price = EXCLUDED.base_price;
INSERT INTO product_variants (product_id, sku, size, color, stock_quantity, price_adjustment, active, image) VALUES (265, 'SKU-67190', 'HEEL 39', NULL, 1, 0, true, NULL) ON CONFLICT (sku) DO UPDATE SET stock_quantity = EXCLUDED.stock_quantity, size = EXCLUDED.size, active = EXCLUDED.active;
INSERT INTO prices (variant_id, amount, currency) SELECT id, 5700, 'Br' FROM product_variants WHERE sku = 'SKU-67190' AND NOT EXISTS (SELECT 1 FROM prices WHERE variant_id = product_variants.id);
INSERT INTO product_images (product_id, url, position) VALUES (265, '/images/265/img_7824.jpeg', 0) ON CONFLICT DO NOTHING;
INSERT INTO product_images (product_id, url, position) VALUES (265, '/images/265/img_7823.jpeg', 1) ON CONFLICT DO NOTHING;
INSERT INTO products (id, title, slug, description, thumbnail, active, base_price) VALUES (266, 'dress', 'dress-12', '', '/images/266/img_9544-1.jpeg', True, 0) ON CONFLICT (id) DO UPDATE SET title = EXCLUDED.title, slug = EXCLUDED.slug, description = EXCLUDED.description, thumbnail = EXCLUDED.thumbnail, active = EXCLUDED.active, base_price = EXCLUDED.base_price;
INSERT INTO product_images (product_id, url, position) VALUES (266, '/images/266/img_9544-1.jpeg', 0) ON CONFLICT DO NOTHING;
INSERT INTO product_images (product_id, url, position) VALUES (266, '/images/266/img_9545-1.jpeg', 1) ON CONFLICT DO NOTHING;
INSERT INTO products (id, title, slug, description, thumbnail, active, base_price) VALUES (267, 'Basic Tank Top - White', 'basic-tank-top-white', '', '/images/267/06-13-23studio2_kj_rl_13-42-53_28_rk48545_white_36151_dq.jpg', True, 1900) ON CONFLICT (id) DO UPDATE SET title = EXCLUDED.title, slug = EXCLUDED.slug, description = EXCLUDED.description, thumbnail = EXCLUDED.thumbnail, active = EXCLUDED.active, base_price = EXCLUDED.base_price;
INSERT INTO product_variants (product_id, sku, size, color, stock_quantity, price_adjustment, active, image) VALUES (267, 'SKU-67185', 'TOP S', NULL, 1, 0, true, NULL) ON CONFLICT (sku) DO UPDATE SET stock_quantity = EXCLUDED.stock_quantity, size = EXCLUDED.size, active = EXCLUDED.active;
INSERT INTO prices (variant_id, amount, currency) SELECT id, 1900, 'Br' FROM product_variants WHERE sku = 'SKU-67185' AND NOT EXISTS (SELECT 1 FROM prices WHERE variant_id = product_variants.id);
INSERT INTO product_variants (product_id, sku, size, color, stock_quantity, price_adjustment, active, image) VALUES (267, 'SKU-67186', 'TOP M', NULL, 1, 0, true, NULL) ON CONFLICT (sku) DO UPDATE SET stock_quantity = EXCLUDED.stock_quantity, size = EXCLUDED.size, active = EXCLUDED.active;
INSERT INTO prices (variant_id, amount, currency) SELECT id, 1900, 'Br' FROM product_variants WHERE sku = 'SKU-67186' AND NOT EXISTS (SELECT 1 FROM prices WHERE variant_id = product_variants.id);
INSERT INTO product_variants (product_id, sku, size, color, stock_quantity, price_adjustment, active, image) VALUES (267, 'SKU-67187', 'TOP L', NULL, 1, 0, true, NULL) ON CONFLICT (sku) DO UPDATE SET stock_quantity = EXCLUDED.stock_quantity, size = EXCLUDED.size, active = EXCLUDED.active;
INSERT INTO prices (variant_id, amount, currency) SELECT id, 1900, 'Br' FROM product_variants WHERE sku = 'SKU-67187' AND NOT EXISTS (SELECT 1 FROM prices WHERE variant_id = product_variants.id);
INSERT INTO product_variants (product_id, sku, size, color, stock_quantity, price_adjustment, active, image) VALUES (267, 'SKU-67188', 'TOP XL', NULL, 1, 0, true, NULL) ON CONFLICT (sku) DO UPDATE SET stock_quantity = EXCLUDED.stock_quantity, size = EXCLUDED.size, active = EXCLUDED.active;
INSERT INTO prices (variant_id, amount, currency) SELECT id, 1900, 'Br' FROM product_variants WHERE sku = 'SKU-67188' AND NOT EXISTS (SELECT 1 FROM prices WHERE variant_id = product_variants.id);
INSERT INTO product_images (product_id, url, position) VALUES (267, '/images/267/06-13-23studio2_kj_rl_13-42-53_28_rk48545_white_36151_dq.jpg', 0) ON CONFLICT DO NOTHING;
INSERT INTO product_images (product_id, url, position) VALUES (267, '/images/267/06-13-23studio2_kj_rl_13-43-00_28_rk48545_white_36156_dq.jpg', 1) ON CONFLICT DO NOTHING;
INSERT INTO product_images (product_id, url, position) VALUES (267, '/images/267/06-13-23studio2_kj_rl_13-44-09_28_rk48545_white_36162_dq.jpg', 2) ON CONFLICT DO NOTHING;
INSERT INTO products (id, title, slug, description, thumbnail, active, base_price) VALUES (268, 'Light Blue Wide-Leg Denim Jeans', 'light-blue-wide-leg-denim-jeans', '', '/images/268/img_7570.jpeg', True, 5200) ON CONFLICT (id) DO UPDATE SET title = EXCLUDED.title, slug = EXCLUDED.slug, description = EXCLUDED.description, thumbnail = EXCLUDED.thumbnail, active = EXCLUDED.active, base_price = EXCLUDED.base_price;
INSERT INTO product_variants (product_id, sku, size, color, stock_quantity, price_adjustment, active, image) VALUES (268, 'SKU-67180', 'JEANS 2XL', NULL, 1, 0, true, NULL) ON CONFLICT (sku) DO UPDATE SET stock_quantity = EXCLUDED.stock_quantity, size = EXCLUDED.size, active = EXCLUDED.active;
INSERT INTO prices (variant_id, amount, currency) SELECT id, 5200, 'Br' FROM product_variants WHERE sku = 'SKU-67180' AND NOT EXISTS (SELECT 1 FROM prices WHERE variant_id = product_variants.id);
INSERT INTO product_images (product_id, url, position) VALUES (268, '/images/268/img_7570.jpeg', 0) ON CONFLICT DO NOTHING;
INSERT INTO product_images (product_id, url, position) VALUES (268, '/images/268/img_7568.jpeg', 1) ON CONFLICT DO NOTHING;
INSERT INTO products (id, title, slug, description, thumbnail, active, base_price) VALUES (269, 'COCO Sweater Pant Set - Black', 'coco-sweater-pant-set-black', '', '/images/269/img_9660.jpeg', True, 6800) ON CONFLICT (id) DO UPDATE SET title = EXCLUDED.title, slug = EXCLUDED.slug, description = EXCLUDED.description, thumbnail = EXCLUDED.thumbnail, active = EXCLUDED.active, base_price = EXCLUDED.base_price;
INSERT INTO product_variants (product_id, sku, size, color, stock_quantity, price_adjustment, active, image) VALUES (269, 'SKU-67161', 'SET L', NULL, 1, 0, true, NULL) ON CONFLICT (sku) DO UPDATE SET stock_quantity = EXCLUDED.stock_quantity, size = EXCLUDED.size, active = EXCLUDED.active;
INSERT INTO prices (variant_id, amount, currency) SELECT id, 6800, 'Br' FROM product_variants WHERE sku = 'SKU-67161' AND NOT EXISTS (SELECT 1 FROM prices WHERE variant_id = product_variants.id);
INSERT INTO product_images (product_id, url, position) VALUES (269, '/images/269/img_9660.jpeg', 0) ON CONFLICT DO NOTHING;
INSERT INTO product_images (product_id, url, position) VALUES (269, '/images/269/img_9656.jpeg', 1) ON CONFLICT DO NOTHING;
INSERT INTO product_images (product_id, url, position) VALUES (269, '/images/269/img_9655.jpeg', 2) ON CONFLICT DO NOTHING;
INSERT INTO product_images (product_id, url, position) VALUES (269, '/images/269/img_9658.jpeg', 3) ON CONFLICT DO NOTHING;
INSERT INTO products (id, title, slug, description, thumbnail, active, base_price) VALUES (270, 'Forever21 Soft Nude Beige Ribbed Knit Tank Top Style Basic Bodysuit', 'forever21-soft-nude-beige-ribbed-knit-tank-top-style-basic-bodysuit', '', '/images/270/photo_2025-09-22-19.03.16.jpeg', True, 2900) ON CONFLICT (id) DO UPDATE SET title = EXCLUDED.title, slug = EXCLUDED.slug, description = EXCLUDED.description, thumbnail = EXCLUDED.thumbnail, active = EXCLUDED.active, base_price = EXCLUDED.base_price;
INSERT INTO product_variants (product_id, sku, size, color, stock_quantity, price_adjustment, active, image) VALUES (270, 'SKU-67030', 'bodysuit M/L', NULL, 1, 0, true, NULL) ON CONFLICT (sku) DO UPDATE SET stock_quantity = EXCLUDED.stock_quantity, size = EXCLUDED.size, active = EXCLUDED.active;
INSERT INTO prices (variant_id, amount, currency) SELECT id, 2900, 'Br' FROM product_variants WHERE sku = 'SKU-67030' AND NOT EXISTS (SELECT 1 FROM prices WHERE variant_id = product_variants.id);
INSERT INTO product_images (product_id, url, position) VALUES (270, '/images/270/photo_2025-09-22-19.03.16.jpeg', 0) ON CONFLICT DO NOTHING;
INSERT INTO product_images (product_id, url, position) VALUES (270, '/images/270/forever21-soft-nude-beige-ribbed-knit-tank-top-style-basic-bodysuit.png', 1) ON CONFLICT DO NOTHING;
INSERT INTO products (id, title, slug, description, thumbnail, active, base_price) VALUES (271, 'Ruffled Off-Shoulder Mini Dress', 'ruffled-off-shoulder-mini-dress', '', '/images/271/img_1012.jpeg', True, 3900) ON CONFLICT (id) DO UPDATE SET title = EXCLUDED.title, slug = EXCLUDED.slug, description = EXCLUDED.description, thumbnail = EXCLUDED.thumbnail, active = EXCLUDED.active, base_price = EXCLUDED.base_price;
INSERT INTO product_variants (product_id, sku, size, color, stock_quantity, price_adjustment, active, image) VALUES (271, 'SKU-67157', 'DRESS S', NULL, 1, 0, true, NULL) ON CONFLICT (sku) DO UPDATE SET stock_quantity = EXCLUDED.stock_quantity, size = EXCLUDED.size, active = EXCLUDED.active;
INSERT INTO prices (variant_id, amount, currency) SELECT id, 3900, 'Br' FROM product_variants WHERE sku = 'SKU-67157' AND NOT EXISTS (SELECT 1 FROM prices WHERE variant_id = product_variants.id);
INSERT INTO product_variants (product_id, sku, size, color, stock_quantity, price_adjustment, active, image) VALUES (271, 'SKU-67158', 'DRESS M', NULL, 1, 0, true, NULL) ON CONFLICT (sku) DO UPDATE SET stock_quantity = EXCLUDED.stock_quantity, size = EXCLUDED.size, active = EXCLUDED.active;
INSERT INTO prices (variant_id, amount, currency) SELECT id, 3900, 'Br' FROM product_variants WHERE sku = 'SKU-67158' AND NOT EXISTS (SELECT 1 FROM prices WHERE variant_id = product_variants.id);
INSERT INTO product_variants (product_id, sku, size, color, stock_quantity, price_adjustment, active, image) VALUES (271, 'SKU-67159', 'DRESS L', NULL, 1, 0, true, NULL) ON CONFLICT (sku) DO UPDATE SET stock_quantity = EXCLUDED.stock_quantity, size = EXCLUDED.size, active = EXCLUDED.active;
INSERT INTO prices (variant_id, amount, currency) SELECT id, 3900, 'Br' FROM product_variants WHERE sku = 'SKU-67159' AND NOT EXISTS (SELECT 1 FROM prices WHERE variant_id = product_variants.id);
INSERT INTO product_variants (product_id, sku, size, color, stock_quantity, price_adjustment, active, image) VALUES (271, 'SKU-67160', 'DRESS XL', NULL, 1, 0, true, NULL) ON CONFLICT (sku) DO UPDATE SET stock_quantity = EXCLUDED.stock_quantity, size = EXCLUDED.size, active = EXCLUDED.active;
INSERT INTO prices (variant_id, amount, currency) SELECT id, 3900, 'Br' FROM product_variants WHERE sku = 'SKU-67160' AND NOT EXISTS (SELECT 1 FROM prices WHERE variant_id = product_variants.id);
INSERT INTO product_images (product_id, url, position) VALUES (271, '/images/271/img_1012.jpeg', 0) ON CONFLICT DO NOTHING;
INSERT INTO products (id, title, slug, description, thumbnail, active, base_price) VALUES (273, 'dress', 'dress-12-2860', '', '/images/273/img_9544-1.jpeg', True, 0) ON CONFLICT (id) DO UPDATE SET title = EXCLUDED.title, slug = EXCLUDED.slug, description = EXCLUDED.description, thumbnail = EXCLUDED.thumbnail, active = EXCLUDED.active, base_price = EXCLUDED.base_price;
INSERT INTO product_images (product_id, url, position) VALUES (273, '/images/273/img_9544-1.jpeg', 0) ON CONFLICT DO NOTHING;
INSERT INTO product_images (product_id, url, position) VALUES (273, '/images/273/img_9545-1.jpeg', 1) ON CONFLICT DO NOTHING;
INSERT INTO products (id, title, slug, description, thumbnail, active, base_price) VALUES (274, 'Forever21 Ribbed Knit Wide Strap Open Front Crop Top', 'forever21-ribbed-knit-wide-strap-open-front-crop-top', '', '/images/274/photo_2025-09-20-14.39.02.jpeg', True, 2500) ON CONFLICT (id) DO UPDATE SET title = EXCLUDED.title, slug = EXCLUDED.slug, description = EXCLUDED.description, thumbnail = EXCLUDED.thumbnail, active = EXCLUDED.active, base_price = EXCLUDED.base_price;
INSERT INTO product_variants (product_id, sku, size, color, stock_quantity, price_adjustment, active, image) VALUES (274, 'SKU-67034', 'TOP S', NULL, 1, 0, true, NULL) ON CONFLICT (sku) DO UPDATE SET stock_quantity = EXCLUDED.stock_quantity, size = EXCLUDED.size, active = EXCLUDED.active;
INSERT INTO prices (variant_id, amount, currency) SELECT id, 2500, 'Br' FROM product_variants WHERE sku = 'SKU-67034' AND NOT EXISTS (SELECT 1 FROM prices WHERE variant_id = product_variants.id);
INSERT INTO product_variants (product_id, sku, size, color, stock_quantity, price_adjustment, active, image) VALUES (274, 'SKU-67035', 'TOP M', NULL, 1, 0, true, NULL) ON CONFLICT (sku) DO UPDATE SET stock_quantity = EXCLUDED.stock_quantity, size = EXCLUDED.size, active = EXCLUDED.active;
INSERT INTO prices (variant_id, amount, currency) SELECT id, 2500, 'Br' FROM product_variants WHERE sku = 'SKU-67035' AND NOT EXISTS (SELECT 1 FROM prices WHERE variant_id = product_variants.id);
INSERT INTO product_variants (product_id, sku, size, color, stock_quantity, price_adjustment, active, image) VALUES (274, 'SKU-67036', 'TOP L', NULL, 1, 0, true, NULL) ON CONFLICT (sku) DO UPDATE SET stock_quantity = EXCLUDED.stock_quantity, size = EXCLUDED.size, active = EXCLUDED.active;
INSERT INTO prices (variant_id, amount, currency) SELECT id, 2500, 'Br' FROM product_variants WHERE sku = 'SKU-67036' AND NOT EXISTS (SELECT 1 FROM prices WHERE variant_id = product_variants.id);
INSERT INTO product_images (product_id, url, position) VALUES (274, '/images/274/photo_2025-09-20-14.39.02.jpeg', 0) ON CONFLICT DO NOTHING;
INSERT INTO products (id, title, slug, description, thumbnail, active, base_price) VALUES (275, 'Black Cutout Bodycon Evening Dress', 'black-cutout-bodycon-evening-dress', '', '/images/275/img_8468-1.jpeg', True, 4400) ON CONFLICT (id) DO UPDATE SET title = EXCLUDED.title, slug = EXCLUDED.slug, description = EXCLUDED.description, thumbnail = EXCLUDED.thumbnail, active = EXCLUDED.active, base_price = EXCLUDED.base_price;
INSERT INTO product_variants (product_id, sku, size, color, stock_quantity, price_adjustment, active, image) VALUES (275, 'SKU-67166', 'DRESS S', NULL, 1, 0, true, NULL) ON CONFLICT (sku) DO UPDATE SET stock_quantity = EXCLUDED.stock_quantity, size = EXCLUDED.size, active = EXCLUDED.active;
INSERT INTO prices (variant_id, amount, currency) SELECT id, 4400, 'Br' FROM product_variants WHERE sku = 'SKU-67166' AND NOT EXISTS (SELECT 1 FROM prices WHERE variant_id = product_variants.id);
INSERT INTO product_variants (product_id, sku, size, color, stock_quantity, price_adjustment, active, image) VALUES (275, 'SKU-67167', 'DRESS M', NULL, 1, 0, true, NULL) ON CONFLICT (sku) DO UPDATE SET stock_quantity = EXCLUDED.stock_quantity, size = EXCLUDED.size, active = EXCLUDED.active;
INSERT INTO prices (variant_id, amount, currency) SELECT id, 4400, 'Br' FROM product_variants WHERE sku = 'SKU-67167' AND NOT EXISTS (SELECT 1 FROM prices WHERE variant_id = product_variants.id);
INSERT INTO product_variants (product_id, sku, size, color, stock_quantity, price_adjustment, active, image) VALUES (275, 'SKU-67168', 'DRESS L', NULL, 1, 0, true, NULL) ON CONFLICT (sku) DO UPDATE SET stock_quantity = EXCLUDED.stock_quantity, size = EXCLUDED.size, active = EXCLUDED.active;
INSERT INTO prices (variant_id, amount, currency) SELECT id, 4400, 'Br' FROM product_variants WHERE sku = 'SKU-67168' AND NOT EXISTS (SELECT 1 FROM prices WHERE variant_id = product_variants.id);
INSERT INTO product_images (product_id, url, position) VALUES (275, '/images/275/img_8468-1.jpeg', 0) ON CONFLICT DO NOTHING;
INSERT INTO products (id, title, slug, description, thumbnail, active, base_price) VALUES (276, 'dress', 'dress-13', '', '/images/276/img_9544-1.jpeg', True, 0) ON CONFLICT (id) DO UPDATE SET title = EXCLUDED.title, slug = EXCLUDED.slug, description = EXCLUDED.description, thumbnail = EXCLUDED.thumbnail, active = EXCLUDED.active, base_price = EXCLUDED.base_price;
INSERT INTO product_images (product_id, url, position) VALUES (276, '/images/276/img_9544-1.jpeg', 0) ON CONFLICT DO NOTHING;
INSERT INTO product_images (product_id, url, position) VALUES (276, '/images/276/img_9545-1.jpeg', 1) ON CONFLICT DO NOTHING;
INSERT INTO products (id, title, slug, description, thumbnail, active, base_price) VALUES (277, 'Beige Layered Puff-Sleeve Top', 'beige-layered-puff-sleeve-top', '', '/images/277/img_7639.jpeg', True, 2900) ON CONFLICT (id) DO UPDATE SET title = EXCLUDED.title, slug = EXCLUDED.slug, description = EXCLUDED.description, thumbnail = EXCLUDED.thumbnail, active = EXCLUDED.active, base_price = EXCLUDED.base_price;
INSERT INTO product_variants (product_id, sku, size, color, stock_quantity, price_adjustment, active, image) VALUES (277, 'SKU-67102', 'TOP S', NULL, 1, 0, true, NULL) ON CONFLICT (sku) DO UPDATE SET stock_quantity = EXCLUDED.stock_quantity, size = EXCLUDED.size, active = EXCLUDED.active;
INSERT INTO prices (variant_id, amount, currency) SELECT id, 2900, 'Br' FROM product_variants WHERE sku = 'SKU-67102' AND NOT EXISTS (SELECT 1 FROM prices WHERE variant_id = product_variants.id);
INSERT INTO product_variants (product_id, sku, size, color, stock_quantity, price_adjustment, active, image) VALUES (277, 'SKU-67103', 'TOP M', NULL, 1, 0, true, NULL) ON CONFLICT (sku) DO UPDATE SET stock_quantity = EXCLUDED.stock_quantity, size = EXCLUDED.size, active = EXCLUDED.active;
INSERT INTO prices (variant_id, amount, currency) SELECT id, 2900, 'Br' FROM product_variants WHERE sku = 'SKU-67103' AND NOT EXISTS (SELECT 1 FROM prices WHERE variant_id = product_variants.id);
INSERT INTO product_variants (product_id, sku, size, color, stock_quantity, price_adjustment, active, image) VALUES (277, 'SKU-67104', 'TOP L', NULL, 1, 0, true, NULL) ON CONFLICT (sku) DO UPDATE SET stock_quantity = EXCLUDED.stock_quantity, size = EXCLUDED.size, active = EXCLUDED.active;
INSERT INTO prices (variant_id, amount, currency) SELECT id, 2900, 'Br' FROM product_variants WHERE sku = 'SKU-67104' AND NOT EXISTS (SELECT 1 FROM prices WHERE variant_id = product_variants.id);
INSERT INTO product_variants (product_id, sku, size, color, stock_quantity, price_adjustment, active, image) VALUES (277, 'SKU-67105', 'TOP XL', NULL, 1, 0, true, NULL) ON CONFLICT (sku) DO UPDATE SET stock_quantity = EXCLUDED.stock_quantity, size = EXCLUDED.size, active = EXCLUDED.active;
INSERT INTO prices (variant_id, amount, currency) SELECT id, 2900, 'Br' FROM product_variants WHERE sku = 'SKU-67105' AND NOT EXISTS (SELECT 1 FROM prices WHERE variant_id = product_variants.id);
INSERT INTO product_variants (product_id, sku, size, color, stock_quantity, price_adjustment, active, image) VALUES (277, 'SKU-67106', 'TOP 2XL', NULL, 1, 0, true, NULL) ON CONFLICT (sku) DO UPDATE SET stock_quantity = EXCLUDED.stock_quantity, size = EXCLUDED.size, active = EXCLUDED.active;
INSERT INTO prices (variant_id, amount, currency) SELECT id, 2900, 'Br' FROM product_variants WHERE sku = 'SKU-67106' AND NOT EXISTS (SELECT 1 FROM prices WHERE variant_id = product_variants.id);
INSERT INTO product_images (product_id, url, position) VALUES (277, '/images/277/img_7639.jpeg', 0) ON CONFLICT DO NOTHING;
INSERT INTO product_images (product_id, url, position) VALUES (277, '/images/277/img_7640.jpeg', 1) ON CONFLICT DO NOTHING;
INSERT INTO product_images (product_id, url, position) VALUES (277, '/images/277/img_7641.jpeg', 2) ON CONFLICT DO NOTHING;
INSERT INTO products (id, title, slug, description, thumbnail, active, base_price) VALUES (278, 'Classic Tan Beige Double-Breasted Long Trench Coat', 'classic-tan-beige-double-breasted-long-trench-coat', '', '/images/278/img_0091.jpeg', True, 7900) ON CONFLICT (id) DO UPDATE SET title = EXCLUDED.title, slug = EXCLUDED.slug, description = EXCLUDED.description, thumbnail = EXCLUDED.thumbnail, active = EXCLUDED.active, base_price = EXCLUDED.base_price;
INSERT INTO product_variants (product_id, sku, size, color, stock_quantity, price_adjustment, active, image) VALUES (278, 'SKU-67038', 'JACK M', NULL, 1, 0, true, NULL) ON CONFLICT (sku) DO UPDATE SET stock_quantity = EXCLUDED.stock_quantity, size = EXCLUDED.size, active = EXCLUDED.active;
INSERT INTO prices (variant_id, amount, currency) SELECT id, 7900, 'Br' FROM product_variants WHERE sku = 'SKU-67038' AND NOT EXISTS (SELECT 1 FROM prices WHERE variant_id = product_variants.id);
INSERT INTO product_variants (product_id, sku, size, color, stock_quantity, price_adjustment, active, image) VALUES (278, 'SKU-67039', 'JACK L', NULL, 1, 0, true, NULL) ON CONFLICT (sku) DO UPDATE SET stock_quantity = EXCLUDED.stock_quantity, size = EXCLUDED.size, active = EXCLUDED.active;
INSERT INTO prices (variant_id, amount, currency) SELECT id, 7900, 'Br' FROM product_variants WHERE sku = 'SKU-67039' AND NOT EXISTS (SELECT 1 FROM prices WHERE variant_id = product_variants.id);
INSERT INTO product_variants (product_id, sku, size, color, stock_quantity, price_adjustment, active, image) VALUES (278, 'SKU-67040', 'JACK XL', NULL, 1, 0, true, NULL) ON CONFLICT (sku) DO UPDATE SET stock_quantity = EXCLUDED.stock_quantity, size = EXCLUDED.size, active = EXCLUDED.active;
INSERT INTO prices (variant_id, amount, currency) SELECT id, 7900, 'Br' FROM product_variants WHERE sku = 'SKU-67040' AND NOT EXISTS (SELECT 1 FROM prices WHERE variant_id = product_variants.id);
INSERT INTO product_variants (product_id, sku, size, color, stock_quantity, price_adjustment, active, image) VALUES (278, 'SKU-67041', 'JACK XXL', NULL, 1, 0, true, NULL) ON CONFLICT (sku) DO UPDATE SET stock_quantity = EXCLUDED.stock_quantity, size = EXCLUDED.size, active = EXCLUDED.active;
INSERT INTO prices (variant_id, amount, currency) SELECT id, 7900, 'Br' FROM product_variants WHERE sku = 'SKU-67041' AND NOT EXISTS (SELECT 1 FROM prices WHERE variant_id = product_variants.id);
INSERT INTO product_images (product_id, url, position) VALUES (278, '/images/278/img_0091.jpeg', 0) ON CONFLICT DO NOTHING;
INSERT INTO product_images (product_id, url, position) VALUES (278, '/images/278/img_0088.jpeg', 1) ON CONFLICT DO NOTHING;
INSERT INTO product_images (product_id, url, position) VALUES (278, '/images/278/img_0090.jpeg', 2) ON CONFLICT DO NOTHING;
INSERT INTO products (id, title, slug, description, thumbnail, active, base_price) VALUES (279, 'White Short Sleeve Bodycon Maxi Dress', 'white-short-sleeve-bodycon-maxi-dress', '', '/images/279/img_9259.jpeg', True, 3900) ON CONFLICT (id) DO UPDATE SET title = EXCLUDED.title, slug = EXCLUDED.slug, description = EXCLUDED.description, thumbnail = EXCLUDED.thumbnail, active = EXCLUDED.active, base_price = EXCLUDED.base_price;
INSERT INTO product_variants (product_id, sku, size, color, stock_quantity, price_adjustment, active, image) VALUES (279, 'SKU-67114', 'DRESS L', NULL, 1, 0, true, NULL) ON CONFLICT (sku) DO UPDATE SET stock_quantity = EXCLUDED.stock_quantity, size = EXCLUDED.size, active = EXCLUDED.active;
INSERT INTO prices (variant_id, amount, currency) SELECT id, 3900, 'Br' FROM product_variants WHERE sku = 'SKU-67114' AND NOT EXISTS (SELECT 1 FROM prices WHERE variant_id = product_variants.id);
INSERT INTO product_images (product_id, url, position) VALUES (279, '/images/279/img_9259.jpeg', 0) ON CONFLICT DO NOTHING;
INSERT INTO product_images (product_id, url, position) VALUES (279, '/images/279/img_9263.jpeg', 1) ON CONFLICT DO NOTHING;
INSERT INTO products (id, title, slug, description, thumbnail, active, base_price) VALUES (280, ' In Love With Bows Tiered Maxi Skirt', 'in-love-with-bows-tiered-maxi-skirt', '', '/images/280/img_0110.jpeg', True, 4400) ON CONFLICT (id) DO UPDATE SET title = EXCLUDED.title, slug = EXCLUDED.slug, description = EXCLUDED.description, thumbnail = EXCLUDED.thumbnail, active = EXCLUDED.active, base_price = EXCLUDED.base_price;
INSERT INTO product_variants (product_id, sku, size, color, stock_quantity, price_adjustment, active, image) VALUES (280, 'SKU-67043', 'DRESS S', NULL, 1, 0, true, NULL) ON CONFLICT (sku) DO UPDATE SET stock_quantity = EXCLUDED.stock_quantity, size = EXCLUDED.size, active = EXCLUDED.active;
INSERT INTO prices (variant_id, amount, currency) SELECT id, 4400, 'Br' FROM product_variants WHERE sku = 'SKU-67043' AND NOT EXISTS (SELECT 1 FROM prices WHERE variant_id = product_variants.id);
INSERT INTO product_images (product_id, url, position) VALUES (280, '/images/280/img_0110.jpeg', 0) ON CONFLICT DO NOTHING;
INSERT INTO products (id, title, slug, description, thumbnail, active, base_price) VALUES (281, 'Mocha Short Sleeves Midi Dress', 'mocha-short-sleeves-midi-dress', '', '/images/281/img_9264.jpeg', True, 3900) ON CONFLICT (id) DO UPDATE SET title = EXCLUDED.title, slug = EXCLUDED.slug, description = EXCLUDED.description, thumbnail = EXCLUDED.thumbnail, active = EXCLUDED.active, base_price = EXCLUDED.base_price;
INSERT INTO product_variants (product_id, sku, size, color, stock_quantity, price_adjustment, active, image) VALUES (281, 'SKU-67118', 'DRESS S', NULL, 1, 0, true, NULL) ON CONFLICT (sku) DO UPDATE SET stock_quantity = EXCLUDED.stock_quantity, size = EXCLUDED.size, active = EXCLUDED.active;
INSERT INTO prices (variant_id, amount, currency) SELECT id, 3900, 'Br' FROM product_variants WHERE sku = 'SKU-67118' AND NOT EXISTS (SELECT 1 FROM prices WHERE variant_id = product_variants.id);
INSERT INTO product_variants (product_id, sku, size, color, stock_quantity, price_adjustment, active, image) VALUES (281, 'SKU-67119', 'DRESS M', NULL, 1, 0, true, NULL) ON CONFLICT (sku) DO UPDATE SET stock_quantity = EXCLUDED.stock_quantity, size = EXCLUDED.size, active = EXCLUDED.active;
INSERT INTO prices (variant_id, amount, currency) SELECT id, 3900, 'Br' FROM product_variants WHERE sku = 'SKU-67119' AND NOT EXISTS (SELECT 1 FROM prices WHERE variant_id = product_variants.id);
INSERT INTO product_variants (product_id, sku, size, color, stock_quantity, price_adjustment, active, image) VALUES (281, 'SKU-67120', 'DRESS L', NULL, 1, 0, true, NULL) ON CONFLICT (sku) DO UPDATE SET stock_quantity = EXCLUDED.stock_quantity, size = EXCLUDED.size, active = EXCLUDED.active;
INSERT INTO prices (variant_id, amount, currency) SELECT id, 3900, 'Br' FROM product_variants WHERE sku = 'SKU-67120' AND NOT EXISTS (SELECT 1 FROM prices WHERE variant_id = product_variants.id);
INSERT INTO product_variants (product_id, sku, size, color, stock_quantity, price_adjustment, active, image) VALUES (281, 'SKU-67121', 'DRESS XL', NULL, 1, 0, true, NULL) ON CONFLICT (sku) DO UPDATE SET stock_quantity = EXCLUDED.stock_quantity, size = EXCLUDED.size, active = EXCLUDED.active;
INSERT INTO prices (variant_id, amount, currency) SELECT id, 3900, 'Br' FROM product_variants WHERE sku = 'SKU-67121' AND NOT EXISTS (SELECT 1 FROM prices WHERE variant_id = product_variants.id);
INSERT INTO product_images (product_id, url, position) VALUES (281, '/images/281/img_9264.jpeg', 0) ON CONFLICT DO NOTHING;
INSERT INTO product_images (product_id, url, position) VALUES (281, '/images/281/img_9269.jpeg', 1) ON CONFLICT DO NOTHING;
INSERT INTO products (id, title, slug, description, thumbnail, active, base_price) VALUES (283, 'dress', 'dress-13-2862', '', '/images/283/img_9544-1.jpeg', True, 0) ON CONFLICT (id) DO UPDATE SET title = EXCLUDED.title, slug = EXCLUDED.slug, description = EXCLUDED.description, thumbnail = EXCLUDED.thumbnail, active = EXCLUDED.active, base_price = EXCLUDED.base_price;
INSERT INTO product_images (product_id, url, position) VALUES (283, '/images/283/img_9544-1.jpeg', 0) ON CONFLICT DO NOTHING;
INSERT INTO product_images (product_id, url, position) VALUES (283, '/images/283/img_9545-1.jpeg', 1) ON CONFLICT DO NOTHING;
INSERT INTO products (id, title, slug, description, thumbnail, active, base_price) VALUES (284, 'Short Sleeve Grey Maxi Dress', 'short-sleeve-grey-maxi-dress', '', '/images/284/img_9270.jpeg', True, 3900) ON CONFLICT (id) DO UPDATE SET title = EXCLUDED.title, slug = EXCLUDED.slug, description = EXCLUDED.description, thumbnail = EXCLUDED.thumbnail, active = EXCLUDED.active, base_price = EXCLUDED.base_price;
INSERT INTO product_variants (product_id, sku, size, color, stock_quantity, price_adjustment, active, image) VALUES (284, 'SKU-67110', 'dress S', NULL, 1, 0, true, NULL) ON CONFLICT (sku) DO UPDATE SET stock_quantity = EXCLUDED.stock_quantity, size = EXCLUDED.size, active = EXCLUDED.active;
INSERT INTO prices (variant_id, amount, currency) SELECT id, 3900, 'Br' FROM product_variants WHERE sku = 'SKU-67110' AND NOT EXISTS (SELECT 1 FROM prices WHERE variant_id = product_variants.id);
INSERT INTO product_variants (product_id, sku, size, color, stock_quantity, price_adjustment, active, image) VALUES (284, 'SKU-67111', 'dress M', NULL, 1, 0, true, NULL) ON CONFLICT (sku) DO UPDATE SET stock_quantity = EXCLUDED.stock_quantity, size = EXCLUDED.size, active = EXCLUDED.active;
INSERT INTO prices (variant_id, amount, currency) SELECT id, 3900, 'Br' FROM product_variants WHERE sku = 'SKU-67111' AND NOT EXISTS (SELECT 1 FROM prices WHERE variant_id = product_variants.id);
INSERT INTO product_variants (product_id, sku, size, color, stock_quantity, price_adjustment, active, image) VALUES (284, 'SKU-67112', 'dress L', NULL, 1, 0, true, NULL) ON CONFLICT (sku) DO UPDATE SET stock_quantity = EXCLUDED.stock_quantity, size = EXCLUDED.size, active = EXCLUDED.active;
INSERT INTO prices (variant_id, amount, currency) SELECT id, 3900, 'Br' FROM product_variants WHERE sku = 'SKU-67112' AND NOT EXISTS (SELECT 1 FROM prices WHERE variant_id = product_variants.id);
INSERT INTO product_variants (product_id, sku, size, color, stock_quantity, price_adjustment, active, image) VALUES (284, 'SKU-67113', 'dress XL', NULL, 1, 0, true, NULL) ON CONFLICT (sku) DO UPDATE SET stock_quantity = EXCLUDED.stock_quantity, size = EXCLUDED.size, active = EXCLUDED.active;
INSERT INTO prices (variant_id, amount, currency) SELECT id, 3900, 'Br' FROM product_variants WHERE sku = 'SKU-67113' AND NOT EXISTS (SELECT 1 FROM prices WHERE variant_id = product_variants.id);
INSERT INTO product_images (product_id, url, position) VALUES (284, '/images/284/img_9270.jpeg', 0) ON CONFLICT DO NOTHING;
INSERT INTO product_images (product_id, url, position) VALUES (284, '/images/284/img_9271.jpeg', 1) ON CONFLICT DO NOTHING;
INSERT INTO products (id, title, slug, description, thumbnail, active, base_price) VALUES (285, 'Celine Tank Top - White', 'celine-tank-top-white', '', '/images/285/image-8.jpg', True, 1900) ON CONFLICT (id) DO UPDATE SET title = EXCLUDED.title, slug = EXCLUDED.slug, description = EXCLUDED.description, thumbnail = EXCLUDED.thumbnail, active = EXCLUDED.active, base_price = EXCLUDED.base_price;
INSERT INTO product_variants (product_id, sku, size, color, stock_quantity, price_adjustment, active, image) VALUES (285, 'SKU-67098', 'TOP S', NULL, 1, 0, true, NULL) ON CONFLICT (sku) DO UPDATE SET stock_quantity = EXCLUDED.stock_quantity, size = EXCLUDED.size, active = EXCLUDED.active;
INSERT INTO prices (variant_id, amount, currency) SELECT id, 1900, 'Br' FROM product_variants WHERE sku = 'SKU-67098' AND NOT EXISTS (SELECT 1 FROM prices WHERE variant_id = product_variants.id);
INSERT INTO product_variants (product_id, sku, size, color, stock_quantity, price_adjustment, active, image) VALUES (285, 'SKU-67099', 'TOP M', NULL, 1, 0, true, NULL) ON CONFLICT (sku) DO UPDATE SET stock_quantity = EXCLUDED.stock_quantity, size = EXCLUDED.size, active = EXCLUDED.active;
INSERT INTO prices (variant_id, amount, currency) SELECT id, 1900, 'Br' FROM product_variants WHERE sku = 'SKU-67099' AND NOT EXISTS (SELECT 1 FROM prices WHERE variant_id = product_variants.id);
INSERT INTO product_variants (product_id, sku, size, color, stock_quantity, price_adjustment, active, image) VALUES (285, 'SKU-67100', 'TOP L', NULL, 1, 0, true, NULL) ON CONFLICT (sku) DO UPDATE SET stock_quantity = EXCLUDED.stock_quantity, size = EXCLUDED.size, active = EXCLUDED.active;
INSERT INTO prices (variant_id, amount, currency) SELECT id, 1900, 'Br' FROM product_variants WHERE sku = 'SKU-67100' AND NOT EXISTS (SELECT 1 FROM prices WHERE variant_id = product_variants.id);
INSERT INTO product_variants (product_id, sku, size, color, stock_quantity, price_adjustment, active, image) VALUES (285, 'SKU-67101', 'TOP XL', NULL, 1, 0, true, NULL) ON CONFLICT (sku) DO UPDATE SET stock_quantity = EXCLUDED.stock_quantity, size = EXCLUDED.size, active = EXCLUDED.active;
INSERT INTO prices (variant_id, amount, currency) SELECT id, 1900, 'Br' FROM product_variants WHERE sku = 'SKU-67101' AND NOT EXISTS (SELECT 1 FROM prices WHERE variant_id = product_variants.id);
INSERT INTO product_images (product_id, url, position) VALUES (285, '/images/285/image-8.jpg', 0) ON CONFLICT DO NOTHING;
INSERT INTO products (id, title, slug, description, thumbnail, active, base_price) VALUES (286, 'Side Slit Tank Rib Dress - Blue', 'side-slit-tank-rib-dress-blue', '', '/images/286/img_0498-1.jpeg', True, 3800) ON CONFLICT (id) DO UPDATE SET title = EXCLUDED.title, slug = EXCLUDED.slug, description = EXCLUDED.description, thumbnail = EXCLUDED.thumbnail, active = EXCLUDED.active, base_price = EXCLUDED.base_price;
INSERT INTO product_variants (product_id, sku, size, color, stock_quantity, price_adjustment, active, image) VALUES (286, 'SKU-67135', 'DRESS M', NULL, 1, 0, true, NULL) ON CONFLICT (sku) DO UPDATE SET stock_quantity = EXCLUDED.stock_quantity, size = EXCLUDED.size, active = EXCLUDED.active;
INSERT INTO prices (variant_id, amount, currency) SELECT id, 3800, 'Br' FROM product_variants WHERE sku = 'SKU-67135' AND NOT EXISTS (SELECT 1 FROM prices WHERE variant_id = product_variants.id);
INSERT INTO product_variants (product_id, sku, size, color, stock_quantity, price_adjustment, active, image) VALUES (286, 'SKU-67136', 'DRESS L', NULL, 1, 0, true, NULL) ON CONFLICT (sku) DO UPDATE SET stock_quantity = EXCLUDED.stock_quantity, size = EXCLUDED.size, active = EXCLUDED.active;
INSERT INTO prices (variant_id, amount, currency) SELECT id, 3800, 'Br' FROM product_variants WHERE sku = 'SKU-67136' AND NOT EXISTS (SELECT 1 FROM prices WHERE variant_id = product_variants.id);
INSERT INTO product_images (product_id, url, position) VALUES (286, '/images/286/img_0498-1.jpeg', 0) ON CONFLICT DO NOTHING;
INSERT INTO product_images (product_id, url, position) VALUES (286, '/images/286/img_0499-1-1-600x1123.jpeg', 1) ON CONFLICT DO NOTHING;
INSERT INTO products (id, title, slug, description, thumbnail, active, base_price) VALUES (287, 'Elegant Pale Nude Fitted Midi Dress', 'elegant-pale-nude-fitted-midi-dress', '', '/images/287/img_0331-1.jpeg', True, 3900) ON CONFLICT (id) DO UPDATE SET title = EXCLUDED.title, slug = EXCLUDED.slug, description = EXCLUDED.description, thumbnail = EXCLUDED.thumbnail, active = EXCLUDED.active, base_price = EXCLUDED.base_price;
INSERT INTO product_variants (product_id, sku, size, color, stock_quantity, price_adjustment, active, image) VALUES (287, 'SKU-67044', 'dress M', NULL, 1, 0, true, NULL) ON CONFLICT (sku) DO UPDATE SET stock_quantity = EXCLUDED.stock_quantity, size = EXCLUDED.size, active = EXCLUDED.active;
INSERT INTO prices (variant_id, amount, currency) SELECT id, 3900, 'Br' FROM product_variants WHERE sku = 'SKU-67044' AND NOT EXISTS (SELECT 1 FROM prices WHERE variant_id = product_variants.id);
INSERT INTO product_variants (product_id, sku, size, color, stock_quantity, price_adjustment, active, image) VALUES (287, 'SKU-67045', 'dress L', NULL, 1, 0, true, NULL) ON CONFLICT (sku) DO UPDATE SET stock_quantity = EXCLUDED.stock_quantity, size = EXCLUDED.size, active = EXCLUDED.active;
INSERT INTO prices (variant_id, amount, currency) SELECT id, 3900, 'Br' FROM product_variants WHERE sku = 'SKU-67045' AND NOT EXISTS (SELECT 1 FROM prices WHERE variant_id = product_variants.id);
INSERT INTO product_images (product_id, url, position) VALUES (287, '/images/287/img_0331-1.jpeg', 0) ON CONFLICT DO NOTHING;
INSERT INTO products (id, title, slug, description, thumbnail, active, base_price) VALUES (288, 'Golden Leafs Pointed Toe Stiletto Heels', 'golden-leafs-pointed-toe-stiletto-heels', '', '/images/288/img_0666-1.jpeg', True, 6400) ON CONFLICT (id) DO UPDATE SET title = EXCLUDED.title, slug = EXCLUDED.slug, description = EXCLUDED.description, thumbnail = EXCLUDED.thumbnail, active = EXCLUDED.active, base_price = EXCLUDED.base_price;
INSERT INTO product_variants (product_id, sku, size, color, stock_quantity, price_adjustment, active, image) VALUES (288, 'SKU-67048', 'SHO 39', NULL, 1, 0, true, NULL) ON CONFLICT (sku) DO UPDATE SET stock_quantity = EXCLUDED.stock_quantity, size = EXCLUDED.size, active = EXCLUDED.active;
INSERT INTO prices (variant_id, amount, currency) SELECT id, 6400, 'Br' FROM product_variants WHERE sku = 'SKU-67048' AND NOT EXISTS (SELECT 1 FROM prices WHERE variant_id = product_variants.id);
INSERT INTO product_variants (product_id, sku, size, color, stock_quantity, price_adjustment, active, image) VALUES (288, 'SKU-67047', 'SHO 38', NULL, 1, 0, true, NULL) ON CONFLICT (sku) DO UPDATE SET stock_quantity = EXCLUDED.stock_quantity, size = EXCLUDED.size, active = EXCLUDED.active;
INSERT INTO prices (variant_id, amount, currency) SELECT id, 6400, 'Br' FROM product_variants WHERE sku = 'SKU-67047' AND NOT EXISTS (SELECT 1 FROM prices WHERE variant_id = product_variants.id);
INSERT INTO product_images (product_id, url, position) VALUES (288, '/images/288/img_0666-1.jpeg', 0) ON CONFLICT DO NOTHING;
INSERT INTO product_images (product_id, url, position) VALUES (288, '/images/288/img_0669-1.jpeg', 1) ON CONFLICT DO NOTHING;
INSERT INTO products (id, title, slug, description, thumbnail, active, base_price) VALUES (289, 'Denim Knot Detail Heel', 'denim-knot-detail-heel', '', '/images/289/img_0689-1.jpeg', True, 4800) ON CONFLICT (id) DO UPDATE SET title = EXCLUDED.title, slug = EXCLUDED.slug, description = EXCLUDED.description, thumbnail = EXCLUDED.thumbnail, active = EXCLUDED.active, base_price = EXCLUDED.base_price;
INSERT INTO product_variants (product_id, sku, size, color, stock_quantity, price_adjustment, active, image) VALUES (289, 'SKU-67054', 'HELL 38', NULL, 1, 0, true, NULL) ON CONFLICT (sku) DO UPDATE SET stock_quantity = EXCLUDED.stock_quantity, size = EXCLUDED.size, active = EXCLUDED.active;
INSERT INTO prices (variant_id, amount, currency) SELECT id, 4800, 'Br' FROM product_variants WHERE sku = 'SKU-67054' AND NOT EXISTS (SELECT 1 FROM prices WHERE variant_id = product_variants.id);
INSERT INTO product_variants (product_id, sku, size, color, stock_quantity, price_adjustment, active, image) VALUES (289, '0-67508', 'Denim Knot Detail Heel 37', NULL, 1, 0, true, NULL) ON CONFLICT (sku) DO UPDATE SET stock_quantity = EXCLUDED.stock_quantity, size = EXCLUDED.size, active = EXCLUDED.active;
INSERT INTO prices (variant_id, amount, currency) SELECT id, 4800, 'Br' FROM product_variants WHERE sku = '0-67508' AND NOT EXISTS (SELECT 1 FROM prices WHERE variant_id = product_variants.id);
INSERT INTO product_images (product_id, url, position) VALUES (289, '/images/289/img_0689-1.jpeg', 0) ON CONFLICT DO NOTHING;
INSERT INTO products (id, title, slug, description, thumbnail, active, base_price) VALUES (290, 'Grey Short Basic Sleeve Top', 'grey-short-basic-sleeve-top', '', '/images/290/img_0329-1.jpeg', True, 2800) ON CONFLICT (id) DO UPDATE SET title = EXCLUDED.title, slug = EXCLUDED.slug, description = EXCLUDED.description, thumbnail = EXCLUDED.thumbnail, active = EXCLUDED.active, base_price = EXCLUDED.base_price;
INSERT INTO product_variants (product_id, sku, size, color, stock_quantity, price_adjustment, active, image) VALUES (290, 'SKU-67049', 'top M', NULL, 1, 0, true, NULL) ON CONFLICT (sku) DO UPDATE SET stock_quantity = EXCLUDED.stock_quantity, size = EXCLUDED.size, active = EXCLUDED.active;
INSERT INTO prices (variant_id, amount, currency) SELECT id, 2800, 'Br' FROM product_variants WHERE sku = 'SKU-67049' AND NOT EXISTS (SELECT 1 FROM prices WHERE variant_id = product_variants.id);
INSERT INTO product_variants (product_id, sku, size, color, stock_quantity, price_adjustment, active, image) VALUES (290, 'SKU-67050', 'top L', NULL, 1, 0, true, NULL) ON CONFLICT (sku) DO UPDATE SET stock_quantity = EXCLUDED.stock_quantity, size = EXCLUDED.size, active = EXCLUDED.active;
INSERT INTO prices (variant_id, amount, currency) SELECT id, 2800, 'Br' FROM product_variants WHERE sku = 'SKU-67050' AND NOT EXISTS (SELECT 1 FROM prices WHERE variant_id = product_variants.id);
INSERT INTO product_images (product_id, url, position) VALUES (290, '/images/290/img_0329-1.jpeg', 0) ON CONFLICT DO NOTHING;
INSERT INTO products (id, title, slug, description, thumbnail, active, base_price) VALUES (291, 'Celine Belt - Black', 'celine-belt-black', '', '/images/291/img_0646.jpeg', True, 2600) ON CONFLICT (id) DO UPDATE SET title = EXCLUDED.title, slug = EXCLUDED.slug, description = EXCLUDED.description, thumbnail = EXCLUDED.thumbnail, active = EXCLUDED.active, base_price = EXCLUDED.base_price;
INSERT INTO product_variants (product_id, sku, size, color, stock_quantity, price_adjustment, active, image) VALUES (291, 'SKU-67055', 'BELT', NULL, 1, 0, true, NULL) ON CONFLICT (sku) DO UPDATE SET stock_quantity = EXCLUDED.stock_quantity, size = EXCLUDED.size, active = EXCLUDED.active;
INSERT INTO prices (variant_id, amount, currency) SELECT id, 2600, 'Br' FROM product_variants WHERE sku = 'SKU-67055' AND NOT EXISTS (SELECT 1 FROM prices WHERE variant_id = product_variants.id);
INSERT INTO product_images (product_id, url, position) VALUES (291, '/images/291/img_0646.jpeg', 0) ON CONFLICT DO NOTHING;
INSERT INTO products (id, title, slug, description, thumbnail, active, base_price) VALUES (292, 'Black High-Waisted Mini Skirt with Ruched Detail', 'black-high-waisted-mini-skirt-with-ruched-detail', '', '/images/292/img_1338.jpeg', True, 3600) ON CONFLICT (id) DO UPDATE SET title = EXCLUDED.title, slug = EXCLUDED.slug, description = EXCLUDED.description, thumbnail = EXCLUDED.thumbnail, active = EXCLUDED.active, base_price = EXCLUDED.base_price;
INSERT INTO product_variants (product_id, sku, size, color, stock_quantity, price_adjustment, active, image) VALUES (292, 'SKU-67062', 'dress S', NULL, 1, 0, true, NULL) ON CONFLICT (sku) DO UPDATE SET stock_quantity = EXCLUDED.stock_quantity, size = EXCLUDED.size, active = EXCLUDED.active;
INSERT INTO prices (variant_id, amount, currency) SELECT id, 3600, 'Br' FROM product_variants WHERE sku = 'SKU-67062' AND NOT EXISTS (SELECT 1 FROM prices WHERE variant_id = product_variants.id);
INSERT INTO product_variants (product_id, sku, size, color, stock_quantity, price_adjustment, active, image) VALUES (292, 'SKU-67063', 'dress M', NULL, 1, 0, true, NULL) ON CONFLICT (sku) DO UPDATE SET stock_quantity = EXCLUDED.stock_quantity, size = EXCLUDED.size, active = EXCLUDED.active;
INSERT INTO prices (variant_id, amount, currency) SELECT id, 3600, 'Br' FROM product_variants WHERE sku = 'SKU-67063' AND NOT EXISTS (SELECT 1 FROM prices WHERE variant_id = product_variants.id);
INSERT INTO product_variants (product_id, sku, size, color, stock_quantity, price_adjustment, active, image) VALUES (292, 'SKU-67064', 'dress L', NULL, 1, 0, true, NULL) ON CONFLICT (sku) DO UPDATE SET stock_quantity = EXCLUDED.stock_quantity, size = EXCLUDED.size, active = EXCLUDED.active;
INSERT INTO prices (variant_id, amount, currency) SELECT id, 3600, 'Br' FROM product_variants WHERE sku = 'SKU-67064' AND NOT EXISTS (SELECT 1 FROM prices WHERE variant_id = product_variants.id);
INSERT INTO product_images (product_id, url, position) VALUES (292, '/images/292/img_1338.jpeg', 0) ON CONFLICT DO NOTHING;
INSERT INTO products (id, title, slug, description, thumbnail, active, base_price) VALUES (293, 'Black Mesh Stocking', 'black-mesh-stocking', '', '/images/293/img_0093.jpeg', True, 1600) ON CONFLICT (id) DO UPDATE SET title = EXCLUDED.title, slug = EXCLUDED.slug, description = EXCLUDED.description, thumbnail = EXCLUDED.thumbnail, active = EXCLUDED.active, base_price = EXCLUDED.base_price;
INSERT INTO product_variants (product_id, sku, size, color, stock_quantity, price_adjustment, active, image) VALUES (293, 'SKU-67042', 'STOCKI', NULL, 1, 0, true, NULL) ON CONFLICT (sku) DO UPDATE SET stock_quantity = EXCLUDED.stock_quantity, size = EXCLUDED.size, active = EXCLUDED.active;
INSERT INTO prices (variant_id, amount, currency) SELECT id, 1600, 'Br' FROM product_variants WHERE sku = 'SKU-67042' AND NOT EXISTS (SELECT 1 FROM prices WHERE variant_id = product_variants.id);
INSERT INTO product_images (product_id, url, position) VALUES (293, '/images/293/img_0093.jpeg', 0) ON CONFLICT DO NOTHING;
INSERT INTO product_images (product_id, url, position) VALUES (293, '/images/293/img_0092.jpeg', 1) ON CONFLICT DO NOTHING;
INSERT INTO products (id, title, slug, description, thumbnail, active, base_price) VALUES (294, 'Elegant White Empire Waist Flowy Maxi Dress', 'elegant-white-empire-waist-flowy-maxi-dress', '', '/images/294/img_1182__02.jpeg', True, 4900) ON CONFLICT (id) DO UPDATE SET title = EXCLUDED.title, slug = EXCLUDED.slug, description = EXCLUDED.description, thumbnail = EXCLUDED.thumbnail, active = EXCLUDED.active, base_price = EXCLUDED.base_price;
INSERT INTO product_variants (product_id, sku, size, color, stock_quantity, price_adjustment, active, image) VALUES (294, 'SKU-67058', 'dress L', NULL, 1, 0, true, NULL) ON CONFLICT (sku) DO UPDATE SET stock_quantity = EXCLUDED.stock_quantity, size = EXCLUDED.size, active = EXCLUDED.active;
INSERT INTO prices (variant_id, amount, currency) SELECT id, 4900, 'Br' FROM product_variants WHERE sku = 'SKU-67058' AND NOT EXISTS (SELECT 1 FROM prices WHERE variant_id = product_variants.id);
INSERT INTO product_images (product_id, url, position) VALUES (294, '/images/294/img_1182__02.jpeg', 0) ON CONFLICT DO NOTHING;
INSERT INTO products (id, title, slug, description, thumbnail, active, base_price) VALUES (295, 'Warm Cocoa Brown Ribbed Knit Thin Strap Camisole Top', 'warm-cocoa-brown-ribbed-knit-thin-strap-camisole-top', '', '/images/295/img_9327.jpeg', True, 1900) ON CONFLICT (id) DO UPDATE SET title = EXCLUDED.title, slug = EXCLUDED.slug, description = EXCLUDED.description, thumbnail = EXCLUDED.thumbnail, active = EXCLUDED.active, base_price = EXCLUDED.base_price;
INSERT INTO product_variants (product_id, sku, size, color, stock_quantity, price_adjustment, active, image) VALUES (295, 'SKU-67070', 'TOP M', NULL, 1, 0, true, NULL) ON CONFLICT (sku) DO UPDATE SET stock_quantity = EXCLUDED.stock_quantity, size = EXCLUDED.size, active = EXCLUDED.active;
INSERT INTO prices (variant_id, amount, currency) SELECT id, 1900, 'Br' FROM product_variants WHERE sku = 'SKU-67070' AND NOT EXISTS (SELECT 1 FROM prices WHERE variant_id = product_variants.id);
INSERT INTO product_variants (product_id, sku, size, color, stock_quantity, price_adjustment, active, image) VALUES (295, 'SKU-67071', 'TOP L', NULL, 1, 0, true, NULL) ON CONFLICT (sku) DO UPDATE SET stock_quantity = EXCLUDED.stock_quantity, size = EXCLUDED.size, active = EXCLUDED.active;
INSERT INTO prices (variant_id, amount, currency) SELECT id, 1900, 'Br' FROM product_variants WHERE sku = 'SKU-67071' AND NOT EXISTS (SELECT 1 FROM prices WHERE variant_id = product_variants.id);
INSERT INTO product_images (product_id, url, position) VALUES (295, '/images/295/img_9327.jpeg', 0) ON CONFLICT DO NOTHING;
INSERT INTO products (id, title, slug, description, thumbnail, active, base_price) VALUES (296, 'Soft Creamy White Fitted Short-Sleeve V-Neck T-Shirt', 'soft-creamy-white-fitted-short-sleeve-v-neck-t-shirt', '', '/images/296/img_9504.jpeg', True, 2800) ON CONFLICT (id) DO UPDATE SET title = EXCLUDED.title, slug = EXCLUDED.slug, description = EXCLUDED.description, thumbnail = EXCLUDED.thumbnail, active = EXCLUDED.active, base_price = EXCLUDED.base_price;
INSERT INTO product_variants (product_id, sku, size, color, stock_quantity, price_adjustment, active, image) VALUES (296, 'SKU-67074', 'top S', NULL, 1, 0, true, NULL) ON CONFLICT (sku) DO UPDATE SET stock_quantity = EXCLUDED.stock_quantity, size = EXCLUDED.size, active = EXCLUDED.active;
INSERT INTO prices (variant_id, amount, currency) SELECT id, 2800, 'Br' FROM product_variants WHERE sku = 'SKU-67074' AND NOT EXISTS (SELECT 1 FROM prices WHERE variant_id = product_variants.id);
INSERT INTO product_variants (product_id, sku, size, color, stock_quantity, price_adjustment, active, image) VALUES (296, 'SKU-67075', 'top M', NULL, 1, 0, true, NULL) ON CONFLICT (sku) DO UPDATE SET stock_quantity = EXCLUDED.stock_quantity, size = EXCLUDED.size, active = EXCLUDED.active;
INSERT INTO prices (variant_id, amount, currency) SELECT id, 2800, 'Br' FROM product_variants WHERE sku = 'SKU-67075' AND NOT EXISTS (SELECT 1 FROM prices WHERE variant_id = product_variants.id);
INSERT INTO product_variants (product_id, sku, size, color, stock_quantity, price_adjustment, active, image) VALUES (296, 'SKU-67076', 'top L', NULL, 1, 0, true, NULL) ON CONFLICT (sku) DO UPDATE SET stock_quantity = EXCLUDED.stock_quantity, size = EXCLUDED.size, active = EXCLUDED.active;
INSERT INTO prices (variant_id, amount, currency) SELECT id, 2800, 'Br' FROM product_variants WHERE sku = 'SKU-67076' AND NOT EXISTS (SELECT 1 FROM prices WHERE variant_id = product_variants.id);
INSERT INTO product_variants (product_id, sku, size, color, stock_quantity, price_adjustment, active, image) VALUES (296, 'SKU-67077', 'top XL', NULL, 1, 0, true, NULL) ON CONFLICT (sku) DO UPDATE SET stock_quantity = EXCLUDED.stock_quantity, size = EXCLUDED.size, active = EXCLUDED.active;
INSERT INTO prices (variant_id, amount, currency) SELECT id, 2800, 'Br' FROM product_variants WHERE sku = 'SKU-67077' AND NOT EXISTS (SELECT 1 FROM prices WHERE variant_id = product_variants.id);
INSERT INTO product_images (product_id, url, position) VALUES (296, '/images/296/img_9504.jpeg', 0) ON CONFLICT DO NOTHING;
INSERT INTO products (id, title, slug, description, thumbnail, active, base_price) VALUES (297, 'Classy White Comfy Jumpsuit', 'classy-white-comfy-jumpsuit', '', '/images/297/img_9572.jpeg', True, 4800) ON CONFLICT (id) DO UPDATE SET title = EXCLUDED.title, slug = EXCLUDED.slug, description = EXCLUDED.description, thumbnail = EXCLUDED.thumbnail, active = EXCLUDED.active, base_price = EXCLUDED.base_price;
INSERT INTO product_variants (product_id, sku, size, color, stock_quantity, price_adjustment, active, image) VALUES (297, 'SKU-67115', 'Classy White Comfy Jumpsuit S', NULL, 1, 0, true, NULL) ON CONFLICT (sku) DO UPDATE SET stock_quantity = EXCLUDED.stock_quantity, size = EXCLUDED.size, active = EXCLUDED.active;
INSERT INTO prices (variant_id, amount, currency) SELECT id, 4800, 'Br' FROM product_variants WHERE sku = 'SKU-67115' AND NOT EXISTS (SELECT 1 FROM prices WHERE variant_id = product_variants.id);
INSERT INTO product_variants (product_id, sku, size, color, stock_quantity, price_adjustment, active, image) VALUES (297, 'SKU-67116', 'Classy White Comfy Jumpsuit M', NULL, 1, 0, true, NULL) ON CONFLICT (sku) DO UPDATE SET stock_quantity = EXCLUDED.stock_quantity, size = EXCLUDED.size, active = EXCLUDED.active;
INSERT INTO prices (variant_id, amount, currency) SELECT id, 4800, 'Br' FROM product_variants WHERE sku = 'SKU-67116' AND NOT EXISTS (SELECT 1 FROM prices WHERE variant_id = product_variants.id);
INSERT INTO product_variants (product_id, sku, size, color, stock_quantity, price_adjustment, active, image) VALUES (297, 'SKU-67117', 'Classy White Comfy Jumpsuit L', NULL, 1, 0, true, NULL) ON CONFLICT (sku) DO UPDATE SET stock_quantity = EXCLUDED.stock_quantity, size = EXCLUDED.size, active = EXCLUDED.active;
INSERT INTO prices (variant_id, amount, currency) SELECT id, 4800, 'Br' FROM product_variants WHERE sku = 'SKU-67117' AND NOT EXISTS (SELECT 1 FROM prices WHERE variant_id = product_variants.id);
INSERT INTO product_images (product_id, url, position) VALUES (297, '/images/297/img_9572.jpeg', 0) ON CONFLICT DO NOTHING;
INSERT INTO product_images (product_id, url, position) VALUES (297, '/images/297/img_9571.jpeg', 1) ON CONFLICT DO NOTHING;
INSERT INTO product_images (product_id, url, position) VALUES (297, '/images/297/img_9574.jpeg', 2) ON CONFLICT DO NOTHING;
INSERT INTO products (id, title, slug, description, thumbnail, active, base_price) VALUES (298, 'Cat Lable Asymetric Offshoulder Sweater - Brown', 'cat-lable-asymetric-offshoulder-sweater-brown', '', '/images/298/img_9701.jpeg', True, 2900) ON CONFLICT (id) DO UPDATE SET title = EXCLUDED.title, slug = EXCLUDED.slug, description = EXCLUDED.description, thumbnail = EXCLUDED.thumbnail, active = EXCLUDED.active, base_price = EXCLUDED.base_price;
INSERT INTO product_variants (product_id, sku, size, color, stock_quantity, price_adjustment, active, image) VALUES (298, '-copy-67147', 'TOP S', NULL, 1, 0, true, NULL) ON CONFLICT (sku) DO UPDATE SET stock_quantity = EXCLUDED.stock_quantity, size = EXCLUDED.size, active = EXCLUDED.active;
INSERT INTO prices (variant_id, amount, currency) SELECT id, 2900, 'Br' FROM product_variants WHERE sku = '-copy-67147' AND NOT EXISTS (SELECT 1 FROM prices WHERE variant_id = product_variants.id);
INSERT INTO product_variants (product_id, sku, size, color, stock_quantity, price_adjustment, active, image) VALUES (298, '-copy-67148', 'TOP L', NULL, 1, 0, true, NULL) ON CONFLICT (sku) DO UPDATE SET stock_quantity = EXCLUDED.stock_quantity, size = EXCLUDED.size, active = EXCLUDED.active;
INSERT INTO prices (variant_id, amount, currency) SELECT id, 2900, 'Br' FROM product_variants WHERE sku = '-copy-67148' AND NOT EXISTS (SELECT 1 FROM prices WHERE variant_id = product_variants.id);
INSERT INTO product_variants (product_id, sku, size, color, stock_quantity, price_adjustment, active, image) VALUES (298, '-copy-67149', 'TOP M', NULL, 1, 0, true, NULL) ON CONFLICT (sku) DO UPDATE SET stock_quantity = EXCLUDED.stock_quantity, size = EXCLUDED.size, active = EXCLUDED.active;
INSERT INTO prices (variant_id, amount, currency) SELECT id, 2900, 'Br' FROM product_variants WHERE sku = '-copy-67149' AND NOT EXISTS (SELECT 1 FROM prices WHERE variant_id = product_variants.id);
INSERT INTO product_images (product_id, url, position) VALUES (298, '/images/298/img_9701.jpeg', 0) ON CONFLICT DO NOTHING;
INSERT INTO product_images (product_id, url, position) VALUES (298, '/images/298/img_9702.jpeg', 1) ON CONFLICT DO NOTHING;
INSERT INTO products (id, title, slug, description, thumbnail, active, base_price) VALUES (299, 'Flower Decor Elegant Dress', 'flower-decor-elegant-dress', '', '/images/299/img_1314__02.jpeg', True, 4900) ON CONFLICT (id) DO UPDATE SET title = EXCLUDED.title, slug = EXCLUDED.slug, description = EXCLUDED.description, thumbnail = EXCLUDED.thumbnail, active = EXCLUDED.active, base_price = EXCLUDED.base_price;
INSERT INTO product_variants (product_id, sku, size, color, stock_quantity, price_adjustment, active, image) VALUES (299, 'SKU-67137', 'dress M', NULL, 1, 0, true, NULL) ON CONFLICT (sku) DO UPDATE SET stock_quantity = EXCLUDED.stock_quantity, size = EXCLUDED.size, active = EXCLUDED.active;
INSERT INTO prices (variant_id, amount, currency) SELECT id, 4900, 'Br' FROM product_variants WHERE sku = 'SKU-67137' AND NOT EXISTS (SELECT 1 FROM prices WHERE variant_id = product_variants.id);
INSERT INTO product_variants (product_id, sku, size, color, stock_quantity, price_adjustment, active, image) VALUES (299, 'SKU-67138', 'dress L', NULL, 1, 0, true, NULL) ON CONFLICT (sku) DO UPDATE SET stock_quantity = EXCLUDED.stock_quantity, size = EXCLUDED.size, active = EXCLUDED.active;
INSERT INTO prices (variant_id, amount, currency) SELECT id, 4900, 'Br' FROM product_variants WHERE sku = 'SKU-67138' AND NOT EXISTS (SELECT 1 FROM prices WHERE variant_id = product_variants.id);
INSERT INTO product_variants (product_id, sku, size, color, stock_quantity, price_adjustment, active, image) VALUES (299, 'SKU-67139', 'dress XL', NULL, 1, 0, true, NULL) ON CONFLICT (sku) DO UPDATE SET stock_quantity = EXCLUDED.stock_quantity, size = EXCLUDED.size, active = EXCLUDED.active;
INSERT INTO prices (variant_id, amount, currency) SELECT id, 4900, 'Br' FROM product_variants WHERE sku = 'SKU-67139' AND NOT EXISTS (SELECT 1 FROM prices WHERE variant_id = product_variants.id);
INSERT INTO product_images (product_id, url, position) VALUES (299, '/images/299/img_1314__02.jpeg', 0) ON CONFLICT DO NOTHING;
INSERT INTO product_images (product_id, url, position) VALUES (299, '/images/299/img_1319.jpeg', 1) ON CONFLICT DO NOTHING;
INSERT INTO products (id, title, slug, description, thumbnail, active, base_price) VALUES (300, 'Soft Beige Ribbed Knit Bodycon Sleeveless Midi Tank Dress', 'soft-beige-ribbed-knit-bodycon-sleeveless-midi-tank-dress', '', '/images/300/img_9262.jpeg', True, 3900) ON CONFLICT (id) DO UPDATE SET title = EXCLUDED.title, slug = EXCLUDED.slug, description = EXCLUDED.description, thumbnail = EXCLUDED.thumbnail, active = EXCLUDED.active, base_price = EXCLUDED.base_price;
INSERT INTO product_variants (product_id, sku, size, color, stock_quantity, price_adjustment, active, image) VALUES (300, 'SKU-67130', 'DRESS S', NULL, 1, 0, true, NULL) ON CONFLICT (sku) DO UPDATE SET stock_quantity = EXCLUDED.stock_quantity, size = EXCLUDED.size, active = EXCLUDED.active;
INSERT INTO prices (variant_id, amount, currency) SELECT id, 3900, 'Br' FROM product_variants WHERE sku = 'SKU-67130' AND NOT EXISTS (SELECT 1 FROM prices WHERE variant_id = product_variants.id);
INSERT INTO product_variants (product_id, sku, size, color, stock_quantity, price_adjustment, active, image) VALUES (300, 'SKU-67131', 'DRESS M', NULL, 1, 0, true, NULL) ON CONFLICT (sku) DO UPDATE SET stock_quantity = EXCLUDED.stock_quantity, size = EXCLUDED.size, active = EXCLUDED.active;
INSERT INTO prices (variant_id, amount, currency) SELECT id, 3900, 'Br' FROM product_variants WHERE sku = 'SKU-67131' AND NOT EXISTS (SELECT 1 FROM prices WHERE variant_id = product_variants.id);
INSERT INTO product_variants (product_id, sku, size, color, stock_quantity, price_adjustment, active, image) VALUES (300, 'SKU-67132', 'DRESS L', NULL, 1, 0, true, NULL) ON CONFLICT (sku) DO UPDATE SET stock_quantity = EXCLUDED.stock_quantity, size = EXCLUDED.size, active = EXCLUDED.active;
INSERT INTO prices (variant_id, amount, currency) SELECT id, 3900, 'Br' FROM product_variants WHERE sku = 'SKU-67132' AND NOT EXISTS (SELECT 1 FROM prices WHERE variant_id = product_variants.id);
INSERT INTO product_images (product_id, url, position) VALUES (300, '/images/300/img_9262.jpeg', 0) ON CONFLICT DO NOTHING;
INSERT INTO product_images (product_id, url, position) VALUES (300, '/images/300/img_9256.jpeg', 1) ON CONFLICT DO NOTHING;
INSERT INTO products (id, title, slug, description, thumbnail, active, base_price) VALUES (301, 'Floarl Print Relaxed Fit Short Jeans', 'floarl-print-relaxed-fit-short-jeans', '', '/images/301/img_8370-2.jpeg', True, 4400) ON CONFLICT (id) DO UPDATE SET title = EXCLUDED.title, slug = EXCLUDED.slug, description = EXCLUDED.description, thumbnail = EXCLUDED.thumbnail, active = EXCLUDED.active, base_price = EXCLUDED.base_price;
INSERT INTO product_variants (product_id, sku, size, color, stock_quantity, price_adjustment, active, image) VALUES (301, 'SKU-67152', 'JEANS M', NULL, 1, 0, true, NULL) ON CONFLICT (sku) DO UPDATE SET stock_quantity = EXCLUDED.stock_quantity, size = EXCLUDED.size, active = EXCLUDED.active;
INSERT INTO prices (variant_id, amount, currency) SELECT id, 4400, 'Br' FROM product_variants WHERE sku = 'SKU-67152' AND NOT EXISTS (SELECT 1 FROM prices WHERE variant_id = product_variants.id);
INSERT INTO product_variants (product_id, sku, size, color, stock_quantity, price_adjustment, active, image) VALUES (301, 'SKU-67153', 'JEANS L', NULL, 1, 0, true, NULL) ON CONFLICT (sku) DO UPDATE SET stock_quantity = EXCLUDED.stock_quantity, size = EXCLUDED.size, active = EXCLUDED.active;
INSERT INTO prices (variant_id, amount, currency) SELECT id, 4400, 'Br' FROM product_variants WHERE sku = 'SKU-67153' AND NOT EXISTS (SELECT 1 FROM prices WHERE variant_id = product_variants.id);
INSERT INTO product_variants (product_id, sku, size, color, stock_quantity, price_adjustment, active, image) VALUES (301, 'SKU-67154', 'JEANS XL', NULL, 1, 0, true, NULL) ON CONFLICT (sku) DO UPDATE SET stock_quantity = EXCLUDED.stock_quantity, size = EXCLUDED.size, active = EXCLUDED.active;
INSERT INTO prices (variant_id, amount, currency) SELECT id, 4400, 'Br' FROM product_variants WHERE sku = 'SKU-67154' AND NOT EXISTS (SELECT 1 FROM prices WHERE variant_id = product_variants.id);
INSERT INTO product_variants (product_id, sku, size, color, stock_quantity, price_adjustment, active, image) VALUES (301, 'SKU-67155', 'JEANS 2XL', NULL, 1, 0, true, NULL) ON CONFLICT (sku) DO UPDATE SET stock_quantity = EXCLUDED.stock_quantity, size = EXCLUDED.size, active = EXCLUDED.active;
INSERT INTO prices (variant_id, amount, currency) SELECT id, 4400, 'Br' FROM product_variants WHERE sku = 'SKU-67155' AND NOT EXISTS (SELECT 1 FROM prices WHERE variant_id = product_variants.id);
INSERT INTO product_images (product_id, url, position) VALUES (301, '/images/301/img_8370-2.jpeg', 0) ON CONFLICT DO NOTHING;
INSERT INTO products (id, title, slug, description, thumbnail, active, base_price) VALUES (302, 'ALO Tank Top - Blue', 'alo-tank-top-blue', '', '/images/302/img_7603.jpeg', True, 1900) ON CONFLICT (id) DO UPDATE SET title = EXCLUDED.title, slug = EXCLUDED.slug, description = EXCLUDED.description, thumbnail = EXCLUDED.thumbnail, active = EXCLUDED.active, base_price = EXCLUDED.base_price;
INSERT INTO product_variants (product_id, sku, size, color, stock_quantity, price_adjustment, active, image) VALUES (302, 'SKU-67206', 'TOP S', NULL, 1, 0, true, NULL) ON CONFLICT (sku) DO UPDATE SET stock_quantity = EXCLUDED.stock_quantity, size = EXCLUDED.size, active = EXCLUDED.active;
INSERT INTO prices (variant_id, amount, currency) SELECT id, 1900, 'Br' FROM product_variants WHERE sku = 'SKU-67206' AND NOT EXISTS (SELECT 1 FROM prices WHERE variant_id = product_variants.id);
INSERT INTO product_variants (product_id, sku, size, color, stock_quantity, price_adjustment, active, image) VALUES (302, 'SKU-67207', 'TOP M', NULL, 1, 0, true, NULL) ON CONFLICT (sku) DO UPDATE SET stock_quantity = EXCLUDED.stock_quantity, size = EXCLUDED.size, active = EXCLUDED.active;
INSERT INTO prices (variant_id, amount, currency) SELECT id, 1900, 'Br' FROM product_variants WHERE sku = 'SKU-67207' AND NOT EXISTS (SELECT 1 FROM prices WHERE variant_id = product_variants.id);
INSERT INTO product_variants (product_id, sku, size, color, stock_quantity, price_adjustment, active, image) VALUES (302, 'SKU-67208', 'TOP L', NULL, 1, 0, true, NULL) ON CONFLICT (sku) DO UPDATE SET stock_quantity = EXCLUDED.stock_quantity, size = EXCLUDED.size, active = EXCLUDED.active;
INSERT INTO prices (variant_id, amount, currency) SELECT id, 1900, 'Br' FROM product_variants WHERE sku = 'SKU-67208' AND NOT EXISTS (SELECT 1 FROM prices WHERE variant_id = product_variants.id);
INSERT INTO product_variants (product_id, sku, size, color, stock_quantity, price_adjustment, active, image) VALUES (302, 'SKU-67209', 'TOP XL', NULL, 1, 0, true, NULL) ON CONFLICT (sku) DO UPDATE SET stock_quantity = EXCLUDED.stock_quantity, size = EXCLUDED.size, active = EXCLUDED.active;
INSERT INTO prices (variant_id, amount, currency) SELECT id, 1900, 'Br' FROM product_variants WHERE sku = 'SKU-67209' AND NOT EXISTS (SELECT 1 FROM prices WHERE variant_id = product_variants.id);
INSERT INTO product_images (product_id, url, position) VALUES (302, '/images/302/img_7603.jpeg', 0) ON CONFLICT DO NOTHING;
INSERT INTO products (id, title, slug, description, thumbnail, active, base_price) VALUES (303, 'COCO Sweater Pant Set', 'coco-sweater-pant-set', '', '/images/303/img_9603.jpeg', True, 6800) ON CONFLICT (id) DO UPDATE SET title = EXCLUDED.title, slug = EXCLUDED.slug, description = EXCLUDED.description, thumbnail = EXCLUDED.thumbnail, active = EXCLUDED.active, base_price = EXCLUDED.base_price;
INSERT INTO product_variants (product_id, sku, size, color, stock_quantity, price_adjustment, active, image) VALUES (303, 'SKU-67143', 'COCO L', NULL, 1, 0, true, NULL) ON CONFLICT (sku) DO UPDATE SET stock_quantity = EXCLUDED.stock_quantity, size = EXCLUDED.size, active = EXCLUDED.active;
INSERT INTO prices (variant_id, amount, currency) SELECT id, 6800, 'Br' FROM product_variants WHERE sku = 'SKU-67143' AND NOT EXISTS (SELECT 1 FROM prices WHERE variant_id = product_variants.id);
INSERT INTO product_images (product_id, url, position) VALUES (303, '/images/303/img_9603.jpeg', 0) ON CONFLICT DO NOTHING;
INSERT INTO product_images (product_id, url, position) VALUES (303, '/images/303/img_9604.jpeg', 1) ON CONFLICT DO NOTHING;
INSERT INTO product_images (product_id, url, position) VALUES (303, '/images/303/img_9606.jpeg', 2) ON CONFLICT DO NOTHING;
INSERT INTO products (id, title, slug, description, thumbnail, active, base_price) VALUES (304, 'Back Cutout Turtle Neck Top', 'back-cutout-turtle-neck-top', '', '/images/304/img_7594.jpeg', True, 2900) ON CONFLICT (id) DO UPDATE SET title = EXCLUDED.title, slug = EXCLUDED.slug, description = EXCLUDED.description, thumbnail = EXCLUDED.thumbnail, active = EXCLUDED.active, base_price = EXCLUDED.base_price;
INSERT INTO product_variants (product_id, sku, size, color, stock_quantity, price_adjustment, active, image) VALUES (304, 'SKU-67194', 'top S', NULL, 1, 0, true, NULL) ON CONFLICT (sku) DO UPDATE SET stock_quantity = EXCLUDED.stock_quantity, size = EXCLUDED.size, active = EXCLUDED.active;
INSERT INTO prices (variant_id, amount, currency) SELECT id, 2900, 'Br' FROM product_variants WHERE sku = 'SKU-67194' AND NOT EXISTS (SELECT 1 FROM prices WHERE variant_id = product_variants.id);
INSERT INTO product_variants (product_id, sku, size, color, stock_quantity, price_adjustment, active, image) VALUES (304, 'SKU-67195', 'top M', NULL, 1, 0, true, NULL) ON CONFLICT (sku) DO UPDATE SET stock_quantity = EXCLUDED.stock_quantity, size = EXCLUDED.size, active = EXCLUDED.active;
INSERT INTO prices (variant_id, amount, currency) SELECT id, 2900, 'Br' FROM product_variants WHERE sku = 'SKU-67195' AND NOT EXISTS (SELECT 1 FROM prices WHERE variant_id = product_variants.id);
INSERT INTO product_images (product_id, url, position) VALUES (304, '/images/304/img_7594.jpeg', 0) ON CONFLICT DO NOTHING;
INSERT INTO product_images (product_id, url, position) VALUES (304, '/images/304/img_7593.jpeg', 1) ON CONFLICT DO NOTHING;
INSERT INTO product_images (product_id, url, position) VALUES (304, '/images/304/img_7591.jpeg', 2) ON CONFLICT DO NOTHING;
INSERT INTO product_images (product_id, url, position) VALUES (304, '/images/304/img_7590.jpeg', 3) ON CONFLICT DO NOTHING;
INSERT INTO products (id, title, slug, description, thumbnail, active, base_price) VALUES (305, 'Loewe Rib Tank Top - Blue', 'loewe-rib-tank-top-blue', '', '/images/305/img_7801.jpeg', True, 1900) ON CONFLICT (id) DO UPDATE SET title = EXCLUDED.title, slug = EXCLUDED.slug, description = EXCLUDED.description, thumbnail = EXCLUDED.thumbnail, active = EXCLUDED.active, base_price = EXCLUDED.base_price;
INSERT INTO product_variants (product_id, sku, size, color, stock_quantity, price_adjustment, active, image) VALUES (305, 'SKU-67200', 'top M', NULL, 1, 0, true, NULL) ON CONFLICT (sku) DO UPDATE SET stock_quantity = EXCLUDED.stock_quantity, size = EXCLUDED.size, active = EXCLUDED.active;
INSERT INTO prices (variant_id, amount, currency) SELECT id, 1900, 'Br' FROM product_variants WHERE sku = 'SKU-67200' AND NOT EXISTS (SELECT 1 FROM prices WHERE variant_id = product_variants.id);
INSERT INTO product_variants (product_id, sku, size, color, stock_quantity, price_adjustment, active, image) VALUES (305, 'SKU-67201', 'top L', NULL, 1, 0, true, NULL) ON CONFLICT (sku) DO UPDATE SET stock_quantity = EXCLUDED.stock_quantity, size = EXCLUDED.size, active = EXCLUDED.active;
INSERT INTO prices (variant_id, amount, currency) SELECT id, 1900, 'Br' FROM product_variants WHERE sku = 'SKU-67201' AND NOT EXISTS (SELECT 1 FROM prices WHERE variant_id = product_variants.id);
INSERT INTO product_variants (product_id, sku, size, color, stock_quantity, price_adjustment, active, image) VALUES (305, 'SKU-67202', 'top XL', NULL, 1, 0, true, NULL) ON CONFLICT (sku) DO UPDATE SET stock_quantity = EXCLUDED.stock_quantity, size = EXCLUDED.size, active = EXCLUDED.active;
INSERT INTO prices (variant_id, amount, currency) SELECT id, 1900, 'Br' FROM product_variants WHERE sku = 'SKU-67202' AND NOT EXISTS (SELECT 1 FROM prices WHERE variant_id = product_variants.id);
INSERT INTO product_images (product_id, url, position) VALUES (305, '/images/305/img_7801.jpeg', 0) ON CONFLICT DO NOTHING;
INSERT INTO products (id, title, slug, description, thumbnail, active, base_price) VALUES (306, 'Side Strip Loose Fit Jeans - Red', 'side-strip-loose-fit-jeans-red', '', '/images/306/img_7347.jpeg', True, 0) ON CONFLICT (id) DO UPDATE SET title = EXCLUDED.title, slug = EXCLUDED.slug, description = EXCLUDED.description, thumbnail = EXCLUDED.thumbnail, active = EXCLUDED.active, base_price = EXCLUDED.base_price;
INSERT INTO product_images (product_id, url, position) VALUES (306, '/images/306/img_7347.jpeg', 0) ON CONFLICT DO NOTHING;
INSERT INTO product_images (product_id, url, position) VALUES (306, '/images/306/img_7348.jpeg', 1) ON CONFLICT DO NOTHING;
INSERT INTO products (id, title, slug, description, thumbnail, active, base_price) VALUES (307, 'Offshoulder Ruched Top - Brown', 'offshoulder-ruched-top-brown', '', '/images/307/img_0118.jpeg', True, 2500) ON CONFLICT (id) DO UPDATE SET title = EXCLUDED.title, slug = EXCLUDED.slug, description = EXCLUDED.description, thumbnail = EXCLUDED.thumbnail, active = EXCLUDED.active, base_price = EXCLUDED.base_price;
INSERT INTO product_variants (product_id, sku, size, color, stock_quantity, price_adjustment, active, image) VALUES (307, '-copy-67126', 'TOP S-M', NULL, 1, 0, true, NULL) ON CONFLICT (sku) DO UPDATE SET stock_quantity = EXCLUDED.stock_quantity, size = EXCLUDED.size, active = EXCLUDED.active;
INSERT INTO prices (variant_id, amount, currency) SELECT id, 2500, 'Br' FROM product_variants WHERE sku = '-copy-67126' AND NOT EXISTS (SELECT 1 FROM prices WHERE variant_id = product_variants.id);
INSERT INTO product_images (product_id, url, position) VALUES (307, '/images/307/img_0118.jpeg', 0) ON CONFLICT DO NOTHING;
INSERT INTO products (id, title, slug, description, thumbnail, active, base_price) VALUES (308, 'Tube Crop Top - Brown', 'tube-crop-top-brown', '', '/images/308/img_9491.jpeg', True, 1900) ON CONFLICT (id) DO UPDATE SET title = EXCLUDED.title, slug = EXCLUDED.slug, description = EXCLUDED.description, thumbnail = EXCLUDED.thumbnail, active = EXCLUDED.active, base_price = EXCLUDED.base_price;
INSERT INTO product_variants (product_id, sku, size, color, stock_quantity, price_adjustment, active, image) VALUES (308, 'SKU-67169', 'TOP S', NULL, 1, 0, true, NULL) ON CONFLICT (sku) DO UPDATE SET stock_quantity = EXCLUDED.stock_quantity, size = EXCLUDED.size, active = EXCLUDED.active;
INSERT INTO prices (variant_id, amount, currency) SELECT id, 1900, 'Br' FROM product_variants WHERE sku = 'SKU-67169' AND NOT EXISTS (SELECT 1 FROM prices WHERE variant_id = product_variants.id);
INSERT INTO product_variants (product_id, sku, size, color, stock_quantity, price_adjustment, active, image) VALUES (308, 'SKU-67170', 'TOP M', NULL, 1, 0, true, NULL) ON CONFLICT (sku) DO UPDATE SET stock_quantity = EXCLUDED.stock_quantity, size = EXCLUDED.size, active = EXCLUDED.active;
INSERT INTO prices (variant_id, amount, currency) SELECT id, 1900, 'Br' FROM product_variants WHERE sku = 'SKU-67170' AND NOT EXISTS (SELECT 1 FROM prices WHERE variant_id = product_variants.id);
INSERT INTO product_variants (product_id, sku, size, color, stock_quantity, price_adjustment, active, image) VALUES (308, 'SKU-67171', 'TOP L', NULL, 1, 0, true, NULL) ON CONFLICT (sku) DO UPDATE SET stock_quantity = EXCLUDED.stock_quantity, size = EXCLUDED.size, active = EXCLUDED.active;
INSERT INTO prices (variant_id, amount, currency) SELECT id, 1900, 'Br' FROM product_variants WHERE sku = 'SKU-67171' AND NOT EXISTS (SELECT 1 FROM prices WHERE variant_id = product_variants.id);
INSERT INTO product_images (product_id, url, position) VALUES (308, '/images/308/img_9491.jpeg', 0) ON CONFLICT DO NOTHING;
INSERT INTO product_images (product_id, url, position) VALUES (308, '/images/308/img_9492.jpeg', 1) ON CONFLICT DO NOTHING;
INSERT INTO product_images (product_id, url, position) VALUES (308, '/images/308/img_9493.jpeg', 2) ON CONFLICT DO NOTHING;
INSERT INTO products (id, title, slug, description, thumbnail, active, base_price) VALUES (309, 'Tube Crop Top - White', 'tube-crop-top-white', '', '/images/309/img_9488.jpeg', True, 1900) ON CONFLICT (id) DO UPDATE SET title = EXCLUDED.title, slug = EXCLUDED.slug, description = EXCLUDED.description, thumbnail = EXCLUDED.thumbnail, active = EXCLUDED.active, base_price = EXCLUDED.base_price;
INSERT INTO product_variants (product_id, sku, size, color, stock_quantity, price_adjustment, active, image) VALUES (309, 'SKU-67172', 'TOP S', NULL, 1, 0, true, NULL) ON CONFLICT (sku) DO UPDATE SET stock_quantity = EXCLUDED.stock_quantity, size = EXCLUDED.size, active = EXCLUDED.active;
INSERT INTO prices (variant_id, amount, currency) SELECT id, 1900, 'Br' FROM product_variants WHERE sku = 'SKU-67172' AND NOT EXISTS (SELECT 1 FROM prices WHERE variant_id = product_variants.id);
INSERT INTO product_variants (product_id, sku, size, color, stock_quantity, price_adjustment, active, image) VALUES (309, 'SKU-67173', 'TOP M', NULL, 1, 0, true, NULL) ON CONFLICT (sku) DO UPDATE SET stock_quantity = EXCLUDED.stock_quantity, size = EXCLUDED.size, active = EXCLUDED.active;
INSERT INTO prices (variant_id, amount, currency) SELECT id, 1900, 'Br' FROM product_variants WHERE sku = 'SKU-67173' AND NOT EXISTS (SELECT 1 FROM prices WHERE variant_id = product_variants.id);
INSERT INTO product_variants (product_id, sku, size, color, stock_quantity, price_adjustment, active, image) VALUES (309, 'SKU-67174', 'TOP L', NULL, 1, 0, true, NULL) ON CONFLICT (sku) DO UPDATE SET stock_quantity = EXCLUDED.stock_quantity, size = EXCLUDED.size, active = EXCLUDED.active;
INSERT INTO prices (variant_id, amount, currency) SELECT id, 1900, 'Br' FROM product_variants WHERE sku = 'SKU-67174' AND NOT EXISTS (SELECT 1 FROM prices WHERE variant_id = product_variants.id);
INSERT INTO product_images (product_id, url, position) VALUES (309, '/images/309/img_9488.jpeg', 0) ON CONFLICT DO NOTHING;
INSERT INTO product_images (product_id, url, position) VALUES (309, '/images/309/img_9489.jpeg', 1) ON CONFLICT DO NOTHING;
INSERT INTO product_images (product_id, url, position) VALUES (309, '/images/309/img_9490.jpeg', 2) ON CONFLICT DO NOTHING;
INSERT INTO products (id, title, slug, description, thumbnail, active, base_price) VALUES (310, 'Clean White Pleated Hem Summer Skater Skirt', 'clean-white-pleated-hem-summer-skater-skirt', '', '/images/310/img_1325.jpeg', True, 3800) ON CONFLICT (id) DO UPDATE SET title = EXCLUDED.title, slug = EXCLUDED.slug, description = EXCLUDED.description, thumbnail = EXCLUDED.thumbnail, active = EXCLUDED.active, base_price = EXCLUDED.base_price;
INSERT INTO product_variants (product_id, sku, size, color, stock_quantity, price_adjustment, active, image) VALUES (310, 'SKU-67222', 'SKIRT S', NULL, 1, 0, true, NULL) ON CONFLICT (sku) DO UPDATE SET stock_quantity = EXCLUDED.stock_quantity, size = EXCLUDED.size, active = EXCLUDED.active;
INSERT INTO prices (variant_id, amount, currency) SELECT id, 3800, 'Br' FROM product_variants WHERE sku = 'SKU-67222' AND NOT EXISTS (SELECT 1 FROM prices WHERE variant_id = product_variants.id);
INSERT INTO product_variants (product_id, sku, size, color, stock_quantity, price_adjustment, active, image) VALUES (310, 'SKU-67223', 'SKIRT M', NULL, 1, 0, true, NULL) ON CONFLICT (sku) DO UPDATE SET stock_quantity = EXCLUDED.stock_quantity, size = EXCLUDED.size, active = EXCLUDED.active;
INSERT INTO prices (variant_id, amount, currency) SELECT id, 3800, 'Br' FROM product_variants WHERE sku = 'SKU-67223' AND NOT EXISTS (SELECT 1 FROM prices WHERE variant_id = product_variants.id);
INSERT INTO product_variants (product_id, sku, size, color, stock_quantity, price_adjustment, active, image) VALUES (310, 'SKU-67224', 'SKIRT L', NULL, 1, 0, true, NULL) ON CONFLICT (sku) DO UPDATE SET stock_quantity = EXCLUDED.stock_quantity, size = EXCLUDED.size, active = EXCLUDED.active;
INSERT INTO prices (variant_id, amount, currency) SELECT id, 3800, 'Br' FROM product_variants WHERE sku = 'SKU-67224' AND NOT EXISTS (SELECT 1 FROM prices WHERE variant_id = product_variants.id);
INSERT INTO product_images (product_id, url, position) VALUES (310, '/images/310/img_1325.jpeg', 0) ON CONFLICT DO NOTHING;
INSERT INTO product_images (product_id, url, position) VALUES (310, '/images/310/img_1324.jpeg', 1) ON CONFLICT DO NOTHING;
INSERT INTO products (id, title, slug, description, thumbnail, active, base_price) VALUES (311, 'Creamy White Deep V-Neck Long-Sleeve Blazer Mini Dress', 'creamy-white-deep-v-neck-long-sleeve-blazer-mini-dress', '', '/images/311/img_6828.jpeg', True, 4900) ON CONFLICT (id) DO UPDATE SET title = EXCLUDED.title, slug = EXCLUDED.slug, description = EXCLUDED.description, thumbnail = EXCLUDED.thumbnail, active = EXCLUDED.active, base_price = EXCLUDED.base_price;
INSERT INTO product_variants (product_id, sku, size, color, stock_quantity, price_adjustment, active, image) VALUES (311, 'SKU-67226', 'DRESS M', NULL, 1, 0, true, NULL) ON CONFLICT (sku) DO UPDATE SET stock_quantity = EXCLUDED.stock_quantity, size = EXCLUDED.size, active = EXCLUDED.active;
INSERT INTO prices (variant_id, amount, currency) SELECT id, 4900, 'Br' FROM product_variants WHERE sku = 'SKU-67226' AND NOT EXISTS (SELECT 1 FROM prices WHERE variant_id = product_variants.id);
INSERT INTO product_images (product_id, url, position) VALUES (311, '/images/311/img_6828.jpeg', 0) ON CONFLICT DO NOTHING;
INSERT INTO product_images (product_id, url, position) VALUES (311, '/images/311/img_6826.jpeg', 1) ON CONFLICT DO NOTHING;
INSERT INTO product_images (product_id, url, position) VALUES (311, '/images/311/img_6829.jpeg', 2) ON CONFLICT DO NOTHING;
INSERT INTO product_images (product_id, url, position) VALUES (311, '/images/311/img_6827.jpeg', 3) ON CONFLICT DO NOTHING;
INSERT INTO products (id, title, slug, description, thumbnail, active, base_price) VALUES (312, 'SET', 'set-1', '', '/images/312/img_1333.jpeg', True, 0) ON CONFLICT (id) DO UPDATE SET title = EXCLUDED.title, slug = EXCLUDED.slug, description = EXCLUDED.description, thumbnail = EXCLUDED.thumbnail, active = EXCLUDED.active, base_price = EXCLUDED.base_price;
INSERT INTO product_images (product_id, url, position) VALUES (312, '/images/312/img_1333.jpeg', 0) ON CONFLICT DO NOTHING;
INSERT INTO product_images (product_id, url, position) VALUES (312, '/images/312/img_1330.jpeg', 1) ON CONFLICT DO NOTHING;
INSERT INTO product_images (product_id, url, position) VALUES (312, '/images/312/img_1334.jpeg', 2) ON CONFLICT DO NOTHING;
INSERT INTO products (id, title, slug, description, thumbnail, active, base_price) VALUES (313, 'Two Pieces Legging Set', 'two-pieces', '', '/images/313/img_1968.jpeg', True, 3900) ON CONFLICT (id) DO UPDATE SET title = EXCLUDED.title, slug = EXCLUDED.slug, description = EXCLUDED.description, thumbnail = EXCLUDED.thumbnail, active = EXCLUDED.active, base_price = EXCLUDED.base_price;
INSERT INTO product_variants (product_id, sku, size, color, stock_quantity, price_adjustment, active, image) VALUES (313, 'SKU-67228', 'DRESS L', NULL, 1, 0, true, NULL) ON CONFLICT (sku) DO UPDATE SET stock_quantity = EXCLUDED.stock_quantity, size = EXCLUDED.size, active = EXCLUDED.active;
INSERT INTO prices (variant_id, amount, currency) SELECT id, 3900, 'Br' FROM product_variants WHERE sku = 'SKU-67228' AND NOT EXISTS (SELECT 1 FROM prices WHERE variant_id = product_variants.id);
INSERT INTO product_images (product_id, url, position) VALUES (313, '/images/313/img_1968.jpeg', 0) ON CONFLICT DO NOTHING;
INSERT INTO product_images (product_id, url, position) VALUES (313, '/images/313/img_1969.jpeg', 1) ON CONFLICT DO NOTHING;
INSERT INTO products (id, title, slug, description, thumbnail, active, base_price) VALUES (314, 'SET', 'set-2', '', '/images/314/img_1333.jpeg', True, 6800) ON CONFLICT (id) DO UPDATE SET title = EXCLUDED.title, slug = EXCLUDED.slug, description = EXCLUDED.description, thumbnail = EXCLUDED.thumbnail, active = EXCLUDED.active, base_price = EXCLUDED.base_price;
INSERT INTO product_variants (product_id, sku, size, color, stock_quantity, price_adjustment, active, image) VALUES (314, 'SKU-67156', 'SET L', NULL, 1, 0, true, NULL) ON CONFLICT (sku) DO UPDATE SET stock_quantity = EXCLUDED.stock_quantity, size = EXCLUDED.size, active = EXCLUDED.active;
INSERT INTO prices (variant_id, amount, currency) SELECT id, 6800, 'Br' FROM product_variants WHERE sku = 'SKU-67156' AND NOT EXISTS (SELECT 1 FROM prices WHERE variant_id = product_variants.id);
INSERT INTO product_images (product_id, url, position) VALUES (314, '/images/314/img_1333.jpeg', 0) ON CONFLICT DO NOTHING;
INSERT INTO product_images (product_id, url, position) VALUES (314, '/images/314/img_1330.jpeg', 1) ON CONFLICT DO NOTHING;
INSERT INTO product_images (product_id, url, position) VALUES (314, '/images/314/img_1334.jpeg', 2) ON CONFLICT DO NOTHING;
INSERT INTO products (id, title, slug, description, thumbnail, active, base_price) VALUES (315, 'White Denim Short', 'white-denim-short', '', '/images/315/img_3076.jpg', True, 3900) ON CONFLICT (id) DO UPDATE SET title = EXCLUDED.title, slug = EXCLUDED.slug, description = EXCLUDED.description, thumbnail = EXCLUDED.thumbnail, active = EXCLUDED.active, base_price = EXCLUDED.base_price;
INSERT INTO product_variants (product_id, sku, size, color, stock_quantity, price_adjustment, active, image) VALUES (315, 'SKU-67485', 'SHORT M', NULL, 1, 0, true, NULL) ON CONFLICT (sku) DO UPDATE SET stock_quantity = EXCLUDED.stock_quantity, size = EXCLUDED.size, active = EXCLUDED.active;
INSERT INTO prices (variant_id, amount, currency) SELECT id, 3900, 'Br' FROM product_variants WHERE sku = 'SKU-67485' AND NOT EXISTS (SELECT 1 FROM prices WHERE variant_id = product_variants.id);
INSERT INTO product_variants (product_id, sku, size, color, stock_quantity, price_adjustment, active, image) VALUES (315, 'SKU-67486', 'SHORT L', NULL, 1, 0, true, NULL) ON CONFLICT (sku) DO UPDATE SET stock_quantity = EXCLUDED.stock_quantity, size = EXCLUDED.size, active = EXCLUDED.active;
INSERT INTO prices (variant_id, amount, currency) SELECT id, 3900, 'Br' FROM product_variants WHERE sku = 'SKU-67486' AND NOT EXISTS (SELECT 1 FROM prices WHERE variant_id = product_variants.id);
INSERT INTO product_variants (product_id, sku, size, color, stock_quantity, price_adjustment, active, image) VALUES (315, 'SKU-67487', 'SHORT 2XL', NULL, 1, 0, true, NULL) ON CONFLICT (sku) DO UPDATE SET stock_quantity = EXCLUDED.stock_quantity, size = EXCLUDED.size, active = EXCLUDED.active;
INSERT INTO prices (variant_id, amount, currency) SELECT id, 3900, 'Br' FROM product_variants WHERE sku = 'SKU-67487' AND NOT EXISTS (SELECT 1 FROM prices WHERE variant_id = product_variants.id);
INSERT INTO product_images (product_id, url, position) VALUES (315, '/images/315/img_3076.jpg', 0) ON CONFLICT DO NOTHING;
INSERT INTO products (id, title, slug, description, thumbnail, active, base_price) VALUES (316, 'TOP', 'top-24', '', '/images/316/img_0118.jpeg', True, 0) ON CONFLICT (id) DO UPDATE SET title = EXCLUDED.title, slug = EXCLUDED.slug, description = EXCLUDED.description, thumbnail = EXCLUDED.thumbnail, active = EXCLUDED.active, base_price = EXCLUDED.base_price;
INSERT INTO product_images (product_id, url, position) VALUES (316, '/images/316/img_0118.jpeg', 0) ON CONFLICT DO NOTHING;
INSERT INTO products (id, title, slug, description, thumbnail, active, base_price) VALUES (318, 'SER', '-2903', '', '/images/318/img_7549.jpeg', True, 0) ON CONFLICT (id) DO UPDATE SET title = EXCLUDED.title, slug = EXCLUDED.slug, description = EXCLUDED.description, thumbnail = EXCLUDED.thumbnail, active = EXCLUDED.active, base_price = EXCLUDED.base_price;
INSERT INTO product_images (product_id, url, position) VALUES (318, '/images/318/img_7549.jpeg', 0) ON CONFLICT DO NOTHING;
INSERT INTO product_images (product_id, url, position) VALUES (318, '/images/318/img_7550.jpeg', 1) ON CONFLICT DO NOTHING;
INSERT INTO products (id, title, slug, description, thumbnail, active, base_price) VALUES (320, 'SER', '-2904', '', '/images/320/img_7549.jpeg', True, 0) ON CONFLICT (id) DO UPDATE SET title = EXCLUDED.title, slug = EXCLUDED.slug, description = EXCLUDED.description, thumbnail = EXCLUDED.thumbnail, active = EXCLUDED.active, base_price = EXCLUDED.base_price;
INSERT INTO product_images (product_id, url, position) VALUES (320, '/images/320/img_7549.jpeg', 0) ON CONFLICT DO NOTHING;
INSERT INTO product_images (product_id, url, position) VALUES (320, '/images/320/img_7550.jpeg', 1) ON CONFLICT DO NOTHING;
INSERT INTO products (id, title, slug, description, thumbnail, active, base_price) VALUES (322, 'SER', '-2905', '', '/images/322/img_7549.jpeg', True, 5800) ON CONFLICT (id) DO UPDATE SET title = EXCLUDED.title, slug = EXCLUDED.slug, description = EXCLUDED.description, thumbnail = EXCLUDED.thumbnail, active = EXCLUDED.active, base_price = EXCLUDED.base_price;
INSERT INTO product_variants (product_id, sku, size, color, stock_quantity, price_adjustment, active, image) VALUES (322, 'SKU-67189', 'SER S', NULL, 1, 0, true, NULL) ON CONFLICT (sku) DO UPDATE SET stock_quantity = EXCLUDED.stock_quantity, size = EXCLUDED.size, active = EXCLUDED.active;
INSERT INTO prices (variant_id, amount, currency) SELECT id, 5800, 'Br' FROM product_variants WHERE sku = 'SKU-67189' AND NOT EXISTS (SELECT 1 FROM prices WHERE variant_id = product_variants.id);
INSERT INTO product_images (product_id, url, position) VALUES (322, '/images/322/img_7549.jpeg', 0) ON CONFLICT DO NOTHING;
INSERT INTO product_images (product_id, url, position) VALUES (322, '/images/322/img_7550.jpeg', 1) ON CONFLICT DO NOTHING;
INSERT INTO products (id, title, slug, description, thumbnail, active, base_price) VALUES (323, 'Black Sleeveless Bodycon Midi Dress', 'black-sleeveless-bodycon-midi-dress', '', '/images/323/img_7745-1.jpeg', True, 3900) ON CONFLICT (id) DO UPDATE SET title = EXCLUDED.title, slug = EXCLUDED.slug, description = EXCLUDED.description, thumbnail = EXCLUDED.thumbnail, active = EXCLUDED.active, base_price = EXCLUDED.base_price;
INSERT INTO product_variants (product_id, sku, size, color, stock_quantity, price_adjustment, active, image) VALUES (323, 'SKU-67210', 'DRESS S', NULL, 1, 0, true, NULL) ON CONFLICT (sku) DO UPDATE SET stock_quantity = EXCLUDED.stock_quantity, size = EXCLUDED.size, active = EXCLUDED.active;
INSERT INTO prices (variant_id, amount, currency) SELECT id, 3900, 'Br' FROM product_variants WHERE sku = 'SKU-67210' AND NOT EXISTS (SELECT 1 FROM prices WHERE variant_id = product_variants.id);
INSERT INTO product_variants (product_id, sku, size, color, stock_quantity, price_adjustment, active, image) VALUES (323, 'SKU-67211', 'DRESS M', NULL, 1, 0, true, NULL) ON CONFLICT (sku) DO UPDATE SET stock_quantity = EXCLUDED.stock_quantity, size = EXCLUDED.size, active = EXCLUDED.active;
INSERT INTO prices (variant_id, amount, currency) SELECT id, 3900, 'Br' FROM product_variants WHERE sku = 'SKU-67211' AND NOT EXISTS (SELECT 1 FROM prices WHERE variant_id = product_variants.id);
INSERT INTO product_variants (product_id, sku, size, color, stock_quantity, price_adjustment, active, image) VALUES (323, 'SKU-67212', 'DRESS L', NULL, 1, 0, true, NULL) ON CONFLICT (sku) DO UPDATE SET stock_quantity = EXCLUDED.stock_quantity, size = EXCLUDED.size, active = EXCLUDED.active;
INSERT INTO prices (variant_id, amount, currency) SELECT id, 3900, 'Br' FROM product_variants WHERE sku = 'SKU-67212' AND NOT EXISTS (SELECT 1 FROM prices WHERE variant_id = product_variants.id);
INSERT INTO product_images (product_id, url, position) VALUES (323, '/images/323/img_7745-1.jpeg', 0) ON CONFLICT DO NOTHING;
INSERT INTO product_images (product_id, url, position) VALUES (323, '/images/323/img_7742.jpeg', 1) ON CONFLICT DO NOTHING;
INSERT INTO product_images (product_id, url, position) VALUES (323, '/images/323/img_7744.jpeg', 2) ON CONFLICT DO NOTHING;
INSERT INTO products (id, title, slug, description, thumbnail, active, base_price) VALUES (324, 'Zara Elegant Chain Shoulder Bag in Black and Gold', 'zara-elegant-chain-shoulder-bag-in-black-and-gold', '', '/images/324/img_0829.jpeg', True, 0) ON CONFLICT (id) DO UPDATE SET title = EXCLUDED.title, slug = EXCLUDED.slug, description = EXCLUDED.description, thumbnail = EXCLUDED.thumbnail, active = EXCLUDED.active, base_price = EXCLUDED.base_price;
INSERT INTO product_images (product_id, url, position) VALUES (324, '/images/324/img_0829.jpeg', 0) ON CONFLICT DO NOTHING;
INSERT INTO products (id, title, slug, description, thumbnail, active, base_price) VALUES (325, 'Profile Portrait Print Stone Washed Loose Tee', 'profile-portrait-print-stone-washed-loose-tee', '<ul><li><p></p></li></ul><p></p>', '/images/325/photo_2025-11-03-18.34.40.jpeg', True, 3200) ON CONFLICT (id) DO UPDATE SET title = EXCLUDED.title, slug = EXCLUDED.slug, description = EXCLUDED.description, thumbnail = EXCLUDED.thumbnail, active = EXCLUDED.active, base_price = EXCLUDED.base_price;
INSERT INTO product_variants (product_id, sku, size, color, stock_quantity, price_adjustment, active, image) VALUES (325, 'SKU-66524', 'tee6 M', NULL, 1, 0, true, NULL) ON CONFLICT (sku) DO UPDATE SET stock_quantity = EXCLUDED.stock_quantity, size = EXCLUDED.size, active = EXCLUDED.active;
INSERT INTO prices (variant_id, amount, currency) SELECT id, 3200, 'Br' FROM product_variants WHERE sku = 'SKU-66524' AND NOT EXISTS (SELECT 1 FROM prices WHERE variant_id = product_variants.id);
INSERT INTO product_variants (product_id, sku, size, color, stock_quantity, price_adjustment, active, image) VALUES (325, 'SKU-66525', 'tee6 L', NULL, 1, 0, true, NULL) ON CONFLICT (sku) DO UPDATE SET stock_quantity = EXCLUDED.stock_quantity, size = EXCLUDED.size, active = EXCLUDED.active;
INSERT INTO prices (variant_id, amount, currency) SELECT id, 3200, 'Br' FROM product_variants WHERE sku = 'SKU-66525' AND NOT EXISTS (SELECT 1 FROM prices WHERE variant_id = product_variants.id);
INSERT INTO product_variants (product_id, sku, size, color, stock_quantity, price_adjustment, active, image) VALUES (325, 'SKU-66526', 'tee6 XL', NULL, 1, 0, true, NULL) ON CONFLICT (sku) DO UPDATE SET stock_quantity = EXCLUDED.stock_quantity, size = EXCLUDED.size, active = EXCLUDED.active;
INSERT INTO prices (variant_id, amount, currency) SELECT id, 3200, 'Br' FROM product_variants WHERE sku = 'SKU-66526' AND NOT EXISTS (SELECT 1 FROM prices WHERE variant_id = product_variants.id);
INSERT INTO product_variants (product_id, sku, size, color, stock_quantity, price_adjustment, active, image) VALUES (325, 'SKU-67246', 'Profile Portrait Print Stone Washed Loose Tee 3XL', NULL, 1, 0, true, NULL) ON CONFLICT (sku) DO UPDATE SET stock_quantity = EXCLUDED.stock_quantity, size = EXCLUDED.size, active = EXCLUDED.active;
INSERT INTO prices (variant_id, amount, currency) SELECT id, 3200, 'Br' FROM product_variants WHERE sku = 'SKU-67246' AND NOT EXISTS (SELECT 1 FROM prices WHERE variant_id = product_variants.id);
INSERT INTO product_images (product_id, url, position) VALUES (325, '/images/325/photo_2025-11-03-18.34.40.jpeg', 0) ON CONFLICT DO NOTHING;
INSERT INTO product_images (product_id, url, position) VALUES (325, '/images/325/img_2399.jpeg', 1) ON CONFLICT DO NOTHING;
INSERT INTO products (id, title, slug, description, thumbnail, active, base_price) VALUES (326, 'Chocolate Brown Sleeveless Bodycon Mini Tank Dress', 'chocolate-brown-sleeveless-bodycon-mini-tank-dress', '', '/images/326/img_0515.jpeg', True, 3800) ON CONFLICT (id) DO UPDATE SET title = EXCLUDED.title, slug = EXCLUDED.slug, description = EXCLUDED.description, thumbnail = EXCLUDED.thumbnail, active = EXCLUDED.active, base_price = EXCLUDED.base_price;
INSERT INTO product_variants (product_id, sku, size, color, stock_quantity, price_adjustment, active, image) VALUES (326, 'SKU-67053', 'DREE M', NULL, 1, 0, true, NULL) ON CONFLICT (sku) DO UPDATE SET stock_quantity = EXCLUDED.stock_quantity, size = EXCLUDED.size, active = EXCLUDED.active;
INSERT INTO prices (variant_id, amount, currency) SELECT id, 3800, 'Br' FROM product_variants WHERE sku = 'SKU-67053' AND NOT EXISTS (SELECT 1 FROM prices WHERE variant_id = product_variants.id);
INSERT INTO product_images (product_id, url, position) VALUES (326, '/images/326/img_0515.jpeg', 0) ON CONFLICT DO NOTHING;
INSERT INTO products (id, title, slug, description, thumbnail, active, base_price) VALUES (327, 'Vibrant Deep Red Square Neckline Sleeveless Mini Dress', 'vibrant-deep-red-square-neckline-sleeveless-mini-dress', '', '/images/327/img_2976-2.jpg', True, 4900) ON CONFLICT (id) DO UPDATE SET title = EXCLUDED.title, slug = EXCLUDED.slug, description = EXCLUDED.description, thumbnail = EXCLUDED.thumbnail, active = EXCLUDED.active, base_price = EXCLUDED.base_price;
INSERT INTO product_variants (product_id, sku, size, color, stock_quantity, price_adjustment, active, image) VALUES (327, 'SKU-67374', 'DRESS S', NULL, 1, 0, true, NULL) ON CONFLICT (sku) DO UPDATE SET stock_quantity = EXCLUDED.stock_quantity, size = EXCLUDED.size, active = EXCLUDED.active;
INSERT INTO prices (variant_id, amount, currency) SELECT id, 4900, 'Br' FROM product_variants WHERE sku = 'SKU-67374' AND NOT EXISTS (SELECT 1 FROM prices WHERE variant_id = product_variants.id);
INSERT INTO product_variants (product_id, sku, size, color, stock_quantity, price_adjustment, active, image) VALUES (327, 'SKU-67375', 'DRESS M', NULL, 1, 0, true, NULL) ON CONFLICT (sku) DO UPDATE SET stock_quantity = EXCLUDED.stock_quantity, size = EXCLUDED.size, active = EXCLUDED.active;
INSERT INTO prices (variant_id, amount, currency) SELECT id, 4900, 'Br' FROM product_variants WHERE sku = 'SKU-67375' AND NOT EXISTS (SELECT 1 FROM prices WHERE variant_id = product_variants.id);
INSERT INTO product_variants (product_id, sku, size, color, stock_quantity, price_adjustment, active, image) VALUES (327, 'SKU-67376', 'DRESS L', NULL, 1, 0, true, NULL) ON CONFLICT (sku) DO UPDATE SET stock_quantity = EXCLUDED.stock_quantity, size = EXCLUDED.size, active = EXCLUDED.active;
INSERT INTO prices (variant_id, amount, currency) SELECT id, 4900, 'Br' FROM product_variants WHERE sku = 'SKU-67376' AND NOT EXISTS (SELECT 1 FROM prices WHERE variant_id = product_variants.id);
INSERT INTO product_images (product_id, url, position) VALUES (327, '/images/327/img_2976-2.jpg', 0) ON CONFLICT DO NOTHING;
INSERT INTO product_images (product_id, url, position) VALUES (327, '/images/327/img_2978-2.jpg', 1) ON CONFLICT DO NOTHING;
INSERT INTO product_images (product_id, url, position) VALUES (327, '/images/327/img_2977-2.jpg', 2) ON CONFLICT DO NOTHING;
INSERT INTO product_images (product_id, url, position) VALUES (327, '/images/327/img_2979-2.jpg', 3) ON CONFLICT DO NOTHING;
INSERT INTO products (id, title, slug, description, thumbnail, active, base_price) VALUES (328, 'Floral Print Maxi Scatter Dress', 'floral-print-maxi-scatter-dress', '', '/images/328/img_2928-2.jpg', True, 7400) ON CONFLICT (id) DO UPDATE SET title = EXCLUDED.title, slug = EXCLUDED.slug, description = EXCLUDED.description, thumbnail = EXCLUDED.thumbnail, active = EXCLUDED.active, base_price = EXCLUDED.base_price;
INSERT INTO product_variants (product_id, sku, size, color, stock_quantity, price_adjustment, active, image) VALUES (328, 'SKU-67359', 'DRESS S', NULL, 1, 0, true, NULL) ON CONFLICT (sku) DO UPDATE SET stock_quantity = EXCLUDED.stock_quantity, size = EXCLUDED.size, active = EXCLUDED.active;
INSERT INTO prices (variant_id, amount, currency) SELECT id, 7400, 'Br' FROM product_variants WHERE sku = 'SKU-67359' AND NOT EXISTS (SELECT 1 FROM prices WHERE variant_id = product_variants.id);
INSERT INTO product_variants (product_id, sku, size, color, stock_quantity, price_adjustment, active, image) VALUES (328, 'SKU-67360', 'DRESS M', NULL, 1, 0, true, NULL) ON CONFLICT (sku) DO UPDATE SET stock_quantity = EXCLUDED.stock_quantity, size = EXCLUDED.size, active = EXCLUDED.active;
INSERT INTO prices (variant_id, amount, currency) SELECT id, 7400, 'Br' FROM product_variants WHERE sku = 'SKU-67360' AND NOT EXISTS (SELECT 1 FROM prices WHERE variant_id = product_variants.id);
INSERT INTO product_variants (product_id, sku, size, color, stock_quantity, price_adjustment, active, image) VALUES (328, 'SKU-67361', 'DRESS L', NULL, 1, 0, true, NULL) ON CONFLICT (sku) DO UPDATE SET stock_quantity = EXCLUDED.stock_quantity, size = EXCLUDED.size, active = EXCLUDED.active;
INSERT INTO prices (variant_id, amount, currency) SELECT id, 7400, 'Br' FROM product_variants WHERE sku = 'SKU-67361' AND NOT EXISTS (SELECT 1 FROM prices WHERE variant_id = product_variants.id);
INSERT INTO product_variants (product_id, sku, size, color, stock_quantity, price_adjustment, active, image) VALUES (328, 'SKU-67362', 'DRESS XL', NULL, 1, 0, true, NULL) ON CONFLICT (sku) DO UPDATE SET stock_quantity = EXCLUDED.stock_quantity, size = EXCLUDED.size, active = EXCLUDED.active;
INSERT INTO prices (variant_id, amount, currency) SELECT id, 7400, 'Br' FROM product_variants WHERE sku = 'SKU-67362' AND NOT EXISTS (SELECT 1 FROM prices WHERE variant_id = product_variants.id);
INSERT INTO product_variants (product_id, sku, size, color, stock_quantity, price_adjustment, active, image) VALUES (328, 'SKU-67363', 'DRESS 2XL', NULL, 1, 0, true, NULL) ON CONFLICT (sku) DO UPDATE SET stock_quantity = EXCLUDED.stock_quantity, size = EXCLUDED.size, active = EXCLUDED.active;
INSERT INTO prices (variant_id, amount, currency) SELECT id, 7400, 'Br' FROM product_variants WHERE sku = 'SKU-67363' AND NOT EXISTS (SELECT 1 FROM prices WHERE variant_id = product_variants.id);
INSERT INTO product_images (product_id, url, position) VALUES (328, '/images/328/img_2928-2.jpg', 0) ON CONFLICT DO NOTHING;
INSERT INTO product_images (product_id, url, position) VALUES (328, '/images/328/img_2929-2.jpg', 1) ON CONFLICT DO NOTHING;
INSERT INTO product_images (product_id, url, position) VALUES (328, '/images/328/img_2930-2.jpg', 2) ON CONFLICT DO NOTHING;
INSERT INTO products (id, title, slug, description, thumbnail, active, base_price) VALUES (329, 'Dark Wash Indigo Blue Oversized Denim Jacket', 'dark-wash-indigo-blue-oversized-denim-jacket', '', '/images/329/img_2940-2.jpg', True, 4500) ON CONFLICT (id) DO UPDATE SET title = EXCLUDED.title, slug = EXCLUDED.slug, description = EXCLUDED.description, thumbnail = EXCLUDED.thumbnail, active = EXCLUDED.active, base_price = EXCLUDED.base_price;
INSERT INTO product_variants (product_id, sku, size, color, stock_quantity, price_adjustment, active, image) VALUES (329, 'SKU-67370', 'JACK S', NULL, 1, 0, true, NULL) ON CONFLICT (sku) DO UPDATE SET stock_quantity = EXCLUDED.stock_quantity, size = EXCLUDED.size, active = EXCLUDED.active;
INSERT INTO prices (variant_id, amount, currency) SELECT id, 4500, 'Br' FROM product_variants WHERE sku = 'SKU-67370' AND NOT EXISTS (SELECT 1 FROM prices WHERE variant_id = product_variants.id);
INSERT INTO product_variants (product_id, sku, size, color, stock_quantity, price_adjustment, active, image) VALUES (329, 'SKU-67371', 'JACK M', NULL, 1, 0, true, NULL) ON CONFLICT (sku) DO UPDATE SET stock_quantity = EXCLUDED.stock_quantity, size = EXCLUDED.size, active = EXCLUDED.active;
INSERT INTO prices (variant_id, amount, currency) SELECT id, 4500, 'Br' FROM product_variants WHERE sku = 'SKU-67371' AND NOT EXISTS (SELECT 1 FROM prices WHERE variant_id = product_variants.id);
INSERT INTO product_variants (product_id, sku, size, color, stock_quantity, price_adjustment, active, image) VALUES (329, 'SKU-67372', 'JACK L', NULL, 1, 0, true, NULL) ON CONFLICT (sku) DO UPDATE SET stock_quantity = EXCLUDED.stock_quantity, size = EXCLUDED.size, active = EXCLUDED.active;
INSERT INTO prices (variant_id, amount, currency) SELECT id, 4500, 'Br' FROM product_variants WHERE sku = 'SKU-67372' AND NOT EXISTS (SELECT 1 FROM prices WHERE variant_id = product_variants.id);
INSERT INTO product_images (product_id, url, position) VALUES (329, '/images/329/img_2940-2.jpg', 0) ON CONFLICT DO NOTHING;
INSERT INTO product_images (product_id, url, position) VALUES (329, '/images/329/img_2940__02.jpg', 1) ON CONFLICT DO NOTHING;
INSERT INTO products (id, title, slug, description, thumbnail, active, base_price) VALUES (330, 'Lace Skirt With Tube Overlay Dress', 'lace-skirt-with-tube-overlay-dress', '', '/images/330/img_2922-2__02.jpg', True, 5900) ON CONFLICT (id) DO UPDATE SET title = EXCLUDED.title, slug = EXCLUDED.slug, description = EXCLUDED.description, thumbnail = EXCLUDED.thumbnail, active = EXCLUDED.active, base_price = EXCLUDED.base_price;
INSERT INTO product_variants (product_id, sku, size, color, stock_quantity, price_adjustment, active, image) VALUES (330, 'SKU-67364', 'DRESS S', NULL, 1, 0, true, NULL) ON CONFLICT (sku) DO UPDATE SET stock_quantity = EXCLUDED.stock_quantity, size = EXCLUDED.size, active = EXCLUDED.active;
INSERT INTO prices (variant_id, amount, currency) SELECT id, 5900, 'Br' FROM product_variants WHERE sku = 'SKU-67364' AND NOT EXISTS (SELECT 1 FROM prices WHERE variant_id = product_variants.id);
INSERT INTO product_variants (product_id, sku, size, color, stock_quantity, price_adjustment, active, image) VALUES (330, 'SKU-67365', 'DRESS M', NULL, 1, 0, true, NULL) ON CONFLICT (sku) DO UPDATE SET stock_quantity = EXCLUDED.stock_quantity, size = EXCLUDED.size, active = EXCLUDED.active;
INSERT INTO prices (variant_id, amount, currency) SELECT id, 5900, 'Br' FROM product_variants WHERE sku = 'SKU-67365' AND NOT EXISTS (SELECT 1 FROM prices WHERE variant_id = product_variants.id);
INSERT INTO product_variants (product_id, sku, size, color, stock_quantity, price_adjustment, active, image) VALUES (330, 'SKU-67366', 'DRESS L', NULL, 1, 0, true, NULL) ON CONFLICT (sku) DO UPDATE SET stock_quantity = EXCLUDED.stock_quantity, size = EXCLUDED.size, active = EXCLUDED.active;
INSERT INTO prices (variant_id, amount, currency) SELECT id, 5900, 'Br' FROM product_variants WHERE sku = 'SKU-67366' AND NOT EXISTS (SELECT 1 FROM prices WHERE variant_id = product_variants.id);
INSERT INTO product_images (product_id, url, position) VALUES (330, '/images/330/img_2922-2__02.jpg', 0) ON CONFLICT DO NOTHING;
INSERT INTO product_images (product_id, url, position) VALUES (330, '/images/330/img_2927-2.jpg', 1) ON CONFLICT DO NOTHING;
INSERT INTO products (id, title, slug, description, thumbnail, active, base_price) VALUES (331, 'YSL Sunset Medium Bag - Black', 'ysl-bag-black-1', '', '/images/331/img_2365.jpeg', True, 5400) ON CONFLICT (id) DO UPDATE SET title = EXCLUDED.title, slug = EXCLUDED.slug, description = EXCLUDED.description, thumbnail = EXCLUDED.thumbnail, active = EXCLUDED.active, base_price = EXCLUDED.base_price;
INSERT INTO product_variants (product_id, sku, size, color, stock_quantity, price_adjustment, active, image) VALUES (331, 'SKU-66500', 'YSL Sunset Medium Bag - Black', NULL, 1, 0, true, NULL) ON CONFLICT (sku) DO UPDATE SET stock_quantity = EXCLUDED.stock_quantity, size = EXCLUDED.size, active = EXCLUDED.active;
INSERT INTO prices (variant_id, amount, currency) SELECT id, 5400, 'Br' FROM product_variants WHERE sku = 'SKU-66500' AND NOT EXISTS (SELECT 1 FROM prices WHERE variant_id = product_variants.id);
INSERT INTO product_images (product_id, url, position) VALUES (331, '/images/331/img_2365.jpeg', 0) ON CONFLICT DO NOTHING;
INSERT INTO products (id, title, slug, description, thumbnail, active, base_price) VALUES (332, 'YSL Brown Croc Bag - Brown', 'ysl-brown-croc-bag', '', '/images/332/img_2364.jpeg', True, 5400) ON CONFLICT (id) DO UPDATE SET title = EXCLUDED.title, slug = EXCLUDED.slug, description = EXCLUDED.description, thumbnail = EXCLUDED.thumbnail, active = EXCLUDED.active, base_price = EXCLUDED.base_price;
INSERT INTO product_variants (product_id, sku, size, color, stock_quantity, price_adjustment, active, image) VALUES (332, 'SKU-66499', 'YSL Brown Croc Bag', NULL, 1, 0, true, NULL) ON CONFLICT (sku) DO UPDATE SET stock_quantity = EXCLUDED.stock_quantity, size = EXCLUDED.size, active = EXCLUDED.active;
INSERT INTO prices (variant_id, amount, currency) SELECT id, 5400, 'Br' FROM product_variants WHERE sku = 'SKU-66499' AND NOT EXISTS (SELECT 1 FROM prices WHERE variant_id = product_variants.id);
INSERT INTO product_images (product_id, url, position) VALUES (332, '/images/332/img_2364.jpeg', 0) ON CONFLICT DO NOTHING;
INSERT INTO product_images (product_id, url, position) VALUES (332, '/images/332/img_2366.jpeg', 1) ON CONFLICT DO NOTHING;
INSERT INTO products (id, title, slug, description, thumbnail, active, base_price) VALUES (333, 'Elegant Polo Cardigan Top - Army Green', 'green-knit-top', '', '/images/333/img_2332.jpeg', True, 3500) ON CONFLICT (id) DO UPDATE SET title = EXCLUDED.title, slug = EXCLUDED.slug, description = EXCLUDED.description, thumbnail = EXCLUDED.thumbnail, active = EXCLUDED.active, base_price = EXCLUDED.base_price;
INSERT INTO product_variants (product_id, sku, size, color, stock_quantity, price_adjustment, active, image) VALUES (333, 'SKU-66484', 'Elegant Polo Cardigan Top', NULL, 1, 0, true, NULL) ON CONFLICT (sku) DO UPDATE SET stock_quantity = EXCLUDED.stock_quantity, size = EXCLUDED.size, active = EXCLUDED.active;
INSERT INTO prices (variant_id, amount, currency) SELECT id, 3500, 'Br' FROM product_variants WHERE sku = 'SKU-66484' AND NOT EXISTS (SELECT 1 FROM prices WHERE variant_id = product_variants.id);
INSERT INTO product_images (product_id, url, position) VALUES (333, '/images/333/img_2332.jpeg', 0) ON CONFLICT DO NOTHING;
INSERT INTO product_images (product_id, url, position) VALUES (333, '/images/333/img_2331.jpeg', 1) ON CONFLICT DO NOTHING;
INSERT INTO product_images (product_id, url, position) VALUES (333, '/images/333/img_2333.jpeg', 2) ON CONFLICT DO NOTHING;
INSERT INTO products (id, title, slug, description, thumbnail, active, base_price) VALUES (334, 'Miu Miu Hobo Leather Bag - Black', 'miu-miu-black-bag', '', '/images/334/img_2350.jpeg', True, 4800) ON CONFLICT (id) DO UPDATE SET title = EXCLUDED.title, slug = EXCLUDED.slug, description = EXCLUDED.description, thumbnail = EXCLUDED.thumbnail, active = EXCLUDED.active, base_price = EXCLUDED.base_price;
INSERT INTO product_variants (product_id, sku, size, color, stock_quantity, price_adjustment, active, image) VALUES (334, 'SKU-66492', 'Miu Miu Hobo Leather Bag - Brown', NULL, 1, 0, true, NULL) ON CONFLICT (sku) DO UPDATE SET stock_quantity = EXCLUDED.stock_quantity, size = EXCLUDED.size, active = EXCLUDED.active;
INSERT INTO prices (variant_id, amount, currency) SELECT id, 4800, 'Br' FROM product_variants WHERE sku = 'SKU-66492' AND NOT EXISTS (SELECT 1 FROM prices WHERE variant_id = product_variants.id);
INSERT INTO product_images (product_id, url, position) VALUES (334, '/images/334/img_2350.jpeg', 0) ON CONFLICT DO NOTHING;
INSERT INTO products (id, title, slug, description, thumbnail, active, base_price) VALUES (335, 'Soft Creamy White Knit Button-Front Long Sleeve Knit Cardigan', 'soft-creamy-white-knit-button-front-long-sleeve-knit-cardigan', '', '/images/335/img_2950-2.jpg', True, 4400) ON CONFLICT (id) DO UPDATE SET title = EXCLUDED.title, slug = EXCLUDED.slug, description = EXCLUDED.description, thumbnail = EXCLUDED.thumbnail, active = EXCLUDED.active, base_price = EXCLUDED.base_price;
INSERT INTO product_variants (product_id, sku, size, color, stock_quantity, price_adjustment, active, image) VALUES (335, 'SKU-67351', 'cardigan  FREE', NULL, 1, 0, true, NULL) ON CONFLICT (sku) DO UPDATE SET stock_quantity = EXCLUDED.stock_quantity, size = EXCLUDED.size, active = EXCLUDED.active;
INSERT INTO prices (variant_id, amount, currency) SELECT id, 4400, 'Br' FROM product_variants WHERE sku = 'SKU-67351' AND NOT EXISTS (SELECT 1 FROM prices WHERE variant_id = product_variants.id);
INSERT INTO product_images (product_id, url, position) VALUES (335, '/images/335/img_2950-2.jpg', 0) ON CONFLICT DO NOTHING;
INSERT INTO product_images (product_id, url, position) VALUES (335, '/images/335/img_2951-2.jpg', 1) ON CONFLICT DO NOTHING;
INSERT INTO product_images (product_id, url, position) VALUES (335, '/images/335/img_2952.jpg', 2) ON CONFLICT DO NOTHING;
INSERT INTO products (id, title, slug, description, thumbnail, active, base_price) VALUES (336, 'Classic Medium Blue Wash Rolled Cuff Denim Shorts', 'classic-medium-blue-wash-rolled-cuff-denim-shorts', '', '/images/336/img_2881.jpg', True, 4400) ON CONFLICT (id) DO UPDATE SET title = EXCLUDED.title, slug = EXCLUDED.slug, description = EXCLUDED.description, thumbnail = EXCLUDED.thumbnail, active = EXCLUDED.active, base_price = EXCLUDED.base_price;
INSERT INTO product_variants (product_id, sku, size, color, stock_quantity, price_adjustment, active, image) VALUES (336, 'SKU-67340', 'SHORT S', NULL, 1, 0, true, NULL) ON CONFLICT (sku) DO UPDATE SET stock_quantity = EXCLUDED.stock_quantity, size = EXCLUDED.size, active = EXCLUDED.active;
INSERT INTO prices (variant_id, amount, currency) SELECT id, 4400, 'Br' FROM product_variants WHERE sku = 'SKU-67340' AND NOT EXISTS (SELECT 1 FROM prices WHERE variant_id = product_variants.id);
INSERT INTO product_variants (product_id, sku, size, color, stock_quantity, price_adjustment, active, image) VALUES (336, 'SKU-67341', 'SHORT M', NULL, 1, 0, true, NULL) ON CONFLICT (sku) DO UPDATE SET stock_quantity = EXCLUDED.stock_quantity, size = EXCLUDED.size, active = EXCLUDED.active;
INSERT INTO prices (variant_id, amount, currency) SELECT id, 4400, 'Br' FROM product_variants WHERE sku = 'SKU-67341' AND NOT EXISTS (SELECT 1 FROM prices WHERE variant_id = product_variants.id);
INSERT INTO product_variants (product_id, sku, size, color, stock_quantity, price_adjustment, active, image) VALUES (336, 'SKU-67342', 'SHORT L', NULL, 1, 0, true, NULL) ON CONFLICT (sku) DO UPDATE SET stock_quantity = EXCLUDED.stock_quantity, size = EXCLUDED.size, active = EXCLUDED.active;
INSERT INTO prices (variant_id, amount, currency) SELECT id, 4400, 'Br' FROM product_variants WHERE sku = 'SKU-67342' AND NOT EXISTS (SELECT 1 FROM prices WHERE variant_id = product_variants.id);
INSERT INTO product_images (product_id, url, position) VALUES (336, '/images/336/img_2881.jpg', 0) ON CONFLICT DO NOTHING;
INSERT INTO products (id, title, slug, description, thumbnail, active, base_price) VALUES (337, 'High-Waisted Button Front Denim Mini Skirt', 'high-waisted-button-front-denim-mini-skirt', '', '/images/337/img_2898.jpg', True, 4400) ON CONFLICT (id) DO UPDATE SET title = EXCLUDED.title, slug = EXCLUDED.slug, description = EXCLUDED.description, thumbnail = EXCLUDED.thumbnail, active = EXCLUDED.active, base_price = EXCLUDED.base_price;
INSERT INTO product_variants (product_id, sku, size, color, stock_quantity, price_adjustment, active, image) VALUES (337, 'SKU-67332', 'SKIRT S', NULL, 1, 0, true, NULL) ON CONFLICT (sku) DO UPDATE SET stock_quantity = EXCLUDED.stock_quantity, size = EXCLUDED.size, active = EXCLUDED.active;
INSERT INTO prices (variant_id, amount, currency) SELECT id, 4400, 'Br' FROM product_variants WHERE sku = 'SKU-67332' AND NOT EXISTS (SELECT 1 FROM prices WHERE variant_id = product_variants.id);
INSERT INTO product_variants (product_id, sku, size, color, stock_quantity, price_adjustment, active, image) VALUES (337, 'SKU-67333', 'SKIRT M', NULL, 1, 0, true, NULL) ON CONFLICT (sku) DO UPDATE SET stock_quantity = EXCLUDED.stock_quantity, size = EXCLUDED.size, active = EXCLUDED.active;
INSERT INTO prices (variant_id, amount, currency) SELECT id, 4400, 'Br' FROM product_variants WHERE sku = 'SKU-67333' AND NOT EXISTS (SELECT 1 FROM prices WHERE variant_id = product_variants.id);
INSERT INTO product_variants (product_id, sku, size, color, stock_quantity, price_adjustment, active, image) VALUES (337, 'SKU-67334', 'SKIRT L', NULL, 1, 0, true, NULL) ON CONFLICT (sku) DO UPDATE SET stock_quantity = EXCLUDED.stock_quantity, size = EXCLUDED.size, active = EXCLUDED.active;
INSERT INTO prices (variant_id, amount, currency) SELECT id, 4400, 'Br' FROM product_variants WHERE sku = 'SKU-67334' AND NOT EXISTS (SELECT 1 FROM prices WHERE variant_id = product_variants.id);
INSERT INTO product_images (product_id, url, position) VALUES (337, '/images/337/img_2898.jpg', 0) ON CONFLICT DO NOTHING;
INSERT INTO product_images (product_id, url, position) VALUES (337, '/images/337/img_2900.jpg', 1) ON CONFLICT DO NOTHING;
INSERT INTO product_images (product_id, url, position) VALUES (337, '/images/337/img_2899.jpg', 2) ON CONFLICT DO NOTHING;
INSERT INTO products (id, title, slug, description, thumbnail, active, base_price) VALUES (338, 'Faded Light Blue Distressed Ripped Ankle Jeans', 'faded-light-blue-distressed-ripped-ankle-jeans', '', '/images/338/img_2887.jpg', True, 5600) ON CONFLICT (id) DO UPDATE SET title = EXCLUDED.title, slug = EXCLUDED.slug, description = EXCLUDED.description, thumbnail = EXCLUDED.thumbnail, active = EXCLUDED.active, base_price = EXCLUDED.base_price;
INSERT INTO product_variants (product_id, sku, size, color, stock_quantity, price_adjustment, active, image) VALUES (338, 'SKU-67326', 'JEANS S', NULL, 1, 0, true, NULL) ON CONFLICT (sku) DO UPDATE SET stock_quantity = EXCLUDED.stock_quantity, size = EXCLUDED.size, active = EXCLUDED.active;
INSERT INTO prices (variant_id, amount, currency) SELECT id, 5600, 'Br' FROM product_variants WHERE sku = 'SKU-67326' AND NOT EXISTS (SELECT 1 FROM prices WHERE variant_id = product_variants.id);
INSERT INTO product_variants (product_id, sku, size, color, stock_quantity, price_adjustment, active, image) VALUES (338, 'SKU-67327', 'JEANS M', NULL, 1, 0, true, NULL) ON CONFLICT (sku) DO UPDATE SET stock_quantity = EXCLUDED.stock_quantity, size = EXCLUDED.size, active = EXCLUDED.active;
INSERT INTO prices (variant_id, amount, currency) SELECT id, 5600, 'Br' FROM product_variants WHERE sku = 'SKU-67327' AND NOT EXISTS (SELECT 1 FROM prices WHERE variant_id = product_variants.id);
INSERT INTO product_variants (product_id, sku, size, color, stock_quantity, price_adjustment, active, image) VALUES (338, 'SKU-67328', 'JEANS L', NULL, 1, 0, true, NULL) ON CONFLICT (sku) DO UPDATE SET stock_quantity = EXCLUDED.stock_quantity, size = EXCLUDED.size, active = EXCLUDED.active;
INSERT INTO prices (variant_id, amount, currency) SELECT id, 5600, 'Br' FROM product_variants WHERE sku = 'SKU-67328' AND NOT EXISTS (SELECT 1 FROM prices WHERE variant_id = product_variants.id);
INSERT INTO product_images (product_id, url, position) VALUES (338, '/images/338/img_2887.jpg', 0) ON CONFLICT DO NOTHING;
INSERT INTO product_images (product_id, url, position) VALUES (338, '/images/338/img_2888.jpg', 1) ON CONFLICT DO NOTHING;
INSERT INTO products (id, title, slug, description, thumbnail, active, base_price) VALUES (339, 'Forever21 Rib Yellow Dress ', 'forever21-rib-yellow-dress', '', '/images/339/photo_2025-10-14-19.03.33.jpeg', True, 3600) ON CONFLICT (id) DO UPDATE SET title = EXCLUDED.title, slug = EXCLUDED.slug, description = EXCLUDED.description, thumbnail = EXCLUDED.thumbnail, active = EXCLUDED.active, base_price = EXCLUDED.base_price;
INSERT INTO product_variants (product_id, sku, size, color, stock_quantity, price_adjustment, active, image) VALUES (339, 'SKU-66570', 'for ever 21 dress', NULL, 1, 0, true, NULL) ON CONFLICT (sku) DO UPDATE SET stock_quantity = EXCLUDED.stock_quantity, size = EXCLUDED.size, active = EXCLUDED.active;
INSERT INTO prices (variant_id, amount, currency) SELECT id, 3600, 'Br' FROM product_variants WHERE sku = 'SKU-66570' AND NOT EXISTS (SELECT 1 FROM prices WHERE variant_id = product_variants.id);
INSERT INTO product_images (product_id, url, position) VALUES (339, '/images/339/photo_2025-10-14-19.03.33.jpeg', 0) ON CONFLICT DO NOTHING;
INSERT INTO products (id, title, slug, description, thumbnail, active, base_price) VALUES (340, 'Denim Decor Knit Midi Dress', 'denim-decor-knit-midi-dress', '', '/images/340/img_0411__02.jpeg', True, 5400) ON CONFLICT (id) DO UPDATE SET title = EXCLUDED.title, slug = EXCLUDED.slug, description = EXCLUDED.description, thumbnail = EXCLUDED.thumbnail, active = EXCLUDED.active, base_price = EXCLUDED.base_price;
INSERT INTO product_variants (product_id, sku, size, color, stock_quantity, price_adjustment, active, image) VALUES (340, 'SKU-67236', 'DRESS FREE', NULL, 1, 0, true, NULL) ON CONFLICT (sku) DO UPDATE SET stock_quantity = EXCLUDED.stock_quantity, size = EXCLUDED.size, active = EXCLUDED.active;
INSERT INTO prices (variant_id, amount, currency) SELECT id, 5400, 'Br' FROM product_variants WHERE sku = 'SKU-67236' AND NOT EXISTS (SELECT 1 FROM prices WHERE variant_id = product_variants.id);
INSERT INTO product_images (product_id, url, position) VALUES (340, '/images/340/img_0411__02.jpeg', 0) ON CONFLICT DO NOTHING;
INSERT INTO product_images (product_id, url, position) VALUES (340, '/images/340/img_0408.jpeg', 1) ON CONFLICT DO NOTHING;
INSERT INTO product_images (product_id, url, position) VALUES (340, '/images/340/img_0409.jpeg', 2) ON CONFLICT DO NOTHING;
INSERT INTO products (id, title, slug, description, thumbnail, active, base_price) VALUES (341, 'Floral Print Pattern High-Waist Flowy Midi Skirt', 'floral-print-pattern-high-waist-flowy-midi-skirt', '', '/images/341/img_2874.jpg', True, 5400) ON CONFLICT (id) DO UPDATE SET title = EXCLUDED.title, slug = EXCLUDED.slug, description = EXCLUDED.description, thumbnail = EXCLUDED.thumbnail, active = EXCLUDED.active, base_price = EXCLUDED.base_price;
INSERT INTO product_variants (product_id, sku, size, color, stock_quantity, price_adjustment, active, image) VALUES (341, 'SKU-67276', 'SKIRT S', NULL, 1, 0, true, NULL) ON CONFLICT (sku) DO UPDATE SET stock_quantity = EXCLUDED.stock_quantity, size = EXCLUDED.size, active = EXCLUDED.active;
INSERT INTO prices (variant_id, amount, currency) SELECT id, 5400, 'Br' FROM product_variants WHERE sku = 'SKU-67276' AND NOT EXISTS (SELECT 1 FROM prices WHERE variant_id = product_variants.id);
INSERT INTO product_variants (product_id, sku, size, color, stock_quantity, price_adjustment, active, image) VALUES (341, 'SKU-67277', 'SKIRT M', NULL, 1, 0, true, NULL) ON CONFLICT (sku) DO UPDATE SET stock_quantity = EXCLUDED.stock_quantity, size = EXCLUDED.size, active = EXCLUDED.active;
INSERT INTO prices (variant_id, amount, currency) SELECT id, 5400, 'Br' FROM product_variants WHERE sku = 'SKU-67277' AND NOT EXISTS (SELECT 1 FROM prices WHERE variant_id = product_variants.id);
INSERT INTO product_variants (product_id, sku, size, color, stock_quantity, price_adjustment, active, image) VALUES (341, 'SKU-67278', 'SKIRT L', NULL, 1, 0, true, NULL) ON CONFLICT (sku) DO UPDATE SET stock_quantity = EXCLUDED.stock_quantity, size = EXCLUDED.size, active = EXCLUDED.active;
INSERT INTO prices (variant_id, amount, currency) SELECT id, 5400, 'Br' FROM product_variants WHERE sku = 'SKU-67278' AND NOT EXISTS (SELECT 1 FROM prices WHERE variant_id = product_variants.id);
INSERT INTO product_variants (product_id, sku, size, color, stock_quantity, price_adjustment, active, image) VALUES (341, 'SKU-67279', 'SKIRT XL', NULL, 1, 0, true, NULL) ON CONFLICT (sku) DO UPDATE SET stock_quantity = EXCLUDED.stock_quantity, size = EXCLUDED.size, active = EXCLUDED.active;
INSERT INTO prices (variant_id, amount, currency) SELECT id, 5400, 'Br' FROM product_variants WHERE sku = 'SKU-67279' AND NOT EXISTS (SELECT 1 FROM prices WHERE variant_id = product_variants.id);
INSERT INTO product_variants (product_id, sku, size, color, stock_quantity, price_adjustment, active, image) VALUES (341, 'SKU-67280', 'SKIRT 2XL', NULL, 1, 0, true, NULL) ON CONFLICT (sku) DO UPDATE SET stock_quantity = EXCLUDED.stock_quantity, size = EXCLUDED.size, active = EXCLUDED.active;
INSERT INTO prices (variant_id, amount, currency) SELECT id, 5400, 'Br' FROM product_variants WHERE sku = 'SKU-67280' AND NOT EXISTS (SELECT 1 FROM prices WHERE variant_id = product_variants.id);
INSERT INTO product_variants (product_id, sku, size, color, stock_quantity, price_adjustment, active, image) VALUES (341, 'SKU-67281', 'SKIRT 3XL', NULL, 1, 0, true, NULL) ON CONFLICT (sku) DO UPDATE SET stock_quantity = EXCLUDED.stock_quantity, size = EXCLUDED.size, active = EXCLUDED.active;
INSERT INTO prices (variant_id, amount, currency) SELECT id, 5400, 'Br' FROM product_variants WHERE sku = 'SKU-67281' AND NOT EXISTS (SELECT 1 FROM prices WHERE variant_id = product_variants.id);
INSERT INTO product_images (product_id, url, position) VALUES (341, '/images/341/img_2874.jpg', 0) ON CONFLICT DO NOTHING;
INSERT INTO products (id, title, slug, description, thumbnail, active, base_price) VALUES (342, 'Classic Medium Blue Wash Ultra Baggy Fit Straight Leg Jeans', 'classic-medium-blue-wash-ultra-baggy-fit-straight-leg-jeans', '', '/images/342/img_2852.jpg', True, 5400) ON CONFLICT (id) DO UPDATE SET title = EXCLUDED.title, slug = EXCLUDED.slug, description = EXCLUDED.description, thumbnail = EXCLUDED.thumbnail, active = EXCLUDED.active, base_price = EXCLUDED.base_price;
INSERT INTO product_variants (product_id, sku, size, color, stock_quantity, price_adjustment, active, image) VALUES (342, 'SKU-67286', 'JEANS S', NULL, 1, 0, true, NULL) ON CONFLICT (sku) DO UPDATE SET stock_quantity = EXCLUDED.stock_quantity, size = EXCLUDED.size, active = EXCLUDED.active;
INSERT INTO prices (variant_id, amount, currency) SELECT id, 5400, 'Br' FROM product_variants WHERE sku = 'SKU-67286' AND NOT EXISTS (SELECT 1 FROM prices WHERE variant_id = product_variants.id);
INSERT INTO product_variants (product_id, sku, size, color, stock_quantity, price_adjustment, active, image) VALUES (342, 'SKU-67287', 'JEANS M', NULL, 1, 0, true, NULL) ON CONFLICT (sku) DO UPDATE SET stock_quantity = EXCLUDED.stock_quantity, size = EXCLUDED.size, active = EXCLUDED.active;
INSERT INTO prices (variant_id, amount, currency) SELECT id, 5400, 'Br' FROM product_variants WHERE sku = 'SKU-67287' AND NOT EXISTS (SELECT 1 FROM prices WHERE variant_id = product_variants.id);
INSERT INTO product_variants (product_id, sku, size, color, stock_quantity, price_adjustment, active, image) VALUES (342, 'SKU-67288', 'JEANS L', NULL, 1, 0, true, NULL) ON CONFLICT (sku) DO UPDATE SET stock_quantity = EXCLUDED.stock_quantity, size = EXCLUDED.size, active = EXCLUDED.active;
INSERT INTO prices (variant_id, amount, currency) SELECT id, 5400, 'Br' FROM product_variants WHERE sku = 'SKU-67288' AND NOT EXISTS (SELECT 1 FROM prices WHERE variant_id = product_variants.id);
INSERT INTO product_variants (product_id, sku, size, color, stock_quantity, price_adjustment, active, image) VALUES (342, 'SKU-67289', 'JEANS XL', NULL, 1, 0, true, NULL) ON CONFLICT (sku) DO UPDATE SET stock_quantity = EXCLUDED.stock_quantity, size = EXCLUDED.size, active = EXCLUDED.active;
INSERT INTO prices (variant_id, amount, currency) SELECT id, 5400, 'Br' FROM product_variants WHERE sku = 'SKU-67289' AND NOT EXISTS (SELECT 1 FROM prices WHERE variant_id = product_variants.id);
INSERT INTO product_variants (product_id, sku, size, color, stock_quantity, price_adjustment, active, image) VALUES (342, 'SKU-67290', 'JEANS 2XL', NULL, 1, 0, true, NULL) ON CONFLICT (sku) DO UPDATE SET stock_quantity = EXCLUDED.stock_quantity, size = EXCLUDED.size, active = EXCLUDED.active;
INSERT INTO prices (variant_id, amount, currency) SELECT id, 5400, 'Br' FROM product_variants WHERE sku = 'SKU-67290' AND NOT EXISTS (SELECT 1 FROM prices WHERE variant_id = product_variants.id);
INSERT INTO product_images (product_id, url, position) VALUES (342, '/images/342/img_2852.jpg', 0) ON CONFLICT DO NOTHING;
INSERT INTO product_images (product_id, url, position) VALUES (342, '/images/342/img_2853.jpg', 1) ON CONFLICT DO NOTHING;
INSERT INTO product_images (product_id, url, position) VALUES (342, '/images/342/img_2851.jpg', 2) ON CONFLICT DO NOTHING;
INSERT INTO products (id, title, slug, description, thumbnail, active, base_price) VALUES (343, 'Faded Light Blue Wash Extreme Baggy Fit Denim Pants', 'faded-light-blue-wash-extreme-baggy-fit-denim-pants', '', '/images/343/img_2889.jpg', True, 5400) ON CONFLICT (id) DO UPDATE SET title = EXCLUDED.title, slug = EXCLUDED.slug, description = EXCLUDED.description, thumbnail = EXCLUDED.thumbnail, active = EXCLUDED.active, base_price = EXCLUDED.base_price;
INSERT INTO product_variants (product_id, sku, size, color, stock_quantity, price_adjustment, active, image) VALUES (343, 'SKU-67295', 'jeans S', NULL, 1, 0, true, NULL) ON CONFLICT (sku) DO UPDATE SET stock_quantity = EXCLUDED.stock_quantity, size = EXCLUDED.size, active = EXCLUDED.active;
INSERT INTO prices (variant_id, amount, currency) SELECT id, 5400, 'Br' FROM product_variants WHERE sku = 'SKU-67295' AND NOT EXISTS (SELECT 1 FROM prices WHERE variant_id = product_variants.id);
INSERT INTO product_variants (product_id, sku, size, color, stock_quantity, price_adjustment, active, image) VALUES (343, 'SKU-67296', 'jeans M', NULL, 1, 0, true, NULL) ON CONFLICT (sku) DO UPDATE SET stock_quantity = EXCLUDED.stock_quantity, size = EXCLUDED.size, active = EXCLUDED.active;
INSERT INTO prices (variant_id, amount, currency) SELECT id, 5400, 'Br' FROM product_variants WHERE sku = 'SKU-67296' AND NOT EXISTS (SELECT 1 FROM prices WHERE variant_id = product_variants.id);
INSERT INTO product_variants (product_id, sku, size, color, stock_quantity, price_adjustment, active, image) VALUES (343, 'SKU-67297', 'jeans L', NULL, 1, 0, true, NULL) ON CONFLICT (sku) DO UPDATE SET stock_quantity = EXCLUDED.stock_quantity, size = EXCLUDED.size, active = EXCLUDED.active;
INSERT INTO prices (variant_id, amount, currency) SELECT id, 5400, 'Br' FROM product_variants WHERE sku = 'SKU-67297' AND NOT EXISTS (SELECT 1 FROM prices WHERE variant_id = product_variants.id);
INSERT INTO product_variants (product_id, sku, size, color, stock_quantity, price_adjustment, active, image) VALUES (343, 'SKU-67298', 'jeans XL', NULL, 1, 0, true, NULL) ON CONFLICT (sku) DO UPDATE SET stock_quantity = EXCLUDED.stock_quantity, size = EXCLUDED.size, active = EXCLUDED.active;
INSERT INTO prices (variant_id, amount, currency) SELECT id, 5400, 'Br' FROM product_variants WHERE sku = 'SKU-67298' AND NOT EXISTS (SELECT 1 FROM prices WHERE variant_id = product_variants.id);
INSERT INTO product_images (product_id, url, position) VALUES (343, '/images/343/img_2889.jpg', 0) ON CONFLICT DO NOTHING;
INSERT INTO product_images (product_id, url, position) VALUES (343, '/images/343/img_2890.jpg', 1) ON CONFLICT DO NOTHING;
INSERT INTO products (id, title, slug, description, thumbnail, active, base_price) VALUES (344, 'Black Long-Sleeve Crop Top and High-Waisted Fitted Skirt Set', 'black-long-sleeve-crop-top-and-high-waisted-fitted-skirt-set', '', '/images/344/6189_7317_5_mia-nadiya-black-rounded-square-neck-long-sleeve-top-skort-300x450.jpg', True, 3800) ON CONFLICT (id) DO UPDATE SET title = EXCLUDED.title, slug = EXCLUDED.slug, description = EXCLUDED.description, thumbnail = EXCLUDED.thumbnail, active = EXCLUDED.active, base_price = EXCLUDED.base_price;
INSERT INTO product_variants (product_id, sku, size, color, stock_quantity, price_adjustment, active, image) VALUES (344, 'SKU-67233', 'SET M', NULL, 1, 0, true, NULL) ON CONFLICT (sku) DO UPDATE SET stock_quantity = EXCLUDED.stock_quantity, size = EXCLUDED.size, active = EXCLUDED.active;
INSERT INTO prices (variant_id, amount, currency) SELECT id, 3800, 'Br' FROM product_variants WHERE sku = 'SKU-67233' AND NOT EXISTS (SELECT 1 FROM prices WHERE variant_id = product_variants.id);
INSERT INTO product_variants (product_id, sku, size, color, stock_quantity, price_adjustment, active, image) VALUES (344, 'SKU-67234', 'SET L', NULL, 1, 0, true, NULL) ON CONFLICT (sku) DO UPDATE SET stock_quantity = EXCLUDED.stock_quantity, size = EXCLUDED.size, active = EXCLUDED.active;
INSERT INTO prices (variant_id, amount, currency) SELECT id, 3800, 'Br' FROM product_variants WHERE sku = 'SKU-67234' AND NOT EXISTS (SELECT 1 FROM prices WHERE variant_id = product_variants.id);
INSERT INTO product_images (product_id, url, position) VALUES (344, '/images/344/6189_7317_5_mia-nadiya-black-rounded-square-neck-long-sleeve-top-skort-300x450.jpg', 0) ON CONFLICT DO NOTHING;
INSERT INTO product_images (product_id, url, position) VALUES (344, '/images/344/6189_7317_5_mia-nadiya-black-rounded-square-neck-long-sleeve-top-skort-100x100.jpg', 1) ON CONFLICT DO NOTHING;
INSERT INTO products (id, title, slug, description, thumbnail, active, base_price) VALUES (345, 'Black High-Waisted Full Length Athletic Swim Leggings', 'black-high-waisted-full-length-athletic-swim-leggings', '', '/images/345/o1cn01cvrb1u1kg2d0pfukg_2216055534655-0-cib.jpg', True, 4800) ON CONFLICT (id) DO UPDATE SET title = EXCLUDED.title, slug = EXCLUDED.slug, description = EXCLUDED.description, thumbnail = EXCLUDED.thumbnail, active = EXCLUDED.active, base_price = EXCLUDED.base_price;
INSERT INTO product_variants (product_id, sku, size, color, stock_quantity, price_adjustment, active, image) VALUES (345, 'SKU-67237', 'SWIM L', NULL, 1, 0, true, NULL) ON CONFLICT (sku) DO UPDATE SET stock_quantity = EXCLUDED.stock_quantity, size = EXCLUDED.size, active = EXCLUDED.active;
INSERT INTO prices (variant_id, amount, currency) SELECT id, 4800, 'Br' FROM product_variants WHERE sku = 'SKU-67237' AND NOT EXISTS (SELECT 1 FROM prices WHERE variant_id = product_variants.id);
INSERT INTO product_images (product_id, url, position) VALUES (345, '/images/345/o1cn01cvrb1u1kg2d0pfukg_2216055534655-0-cib.jpg', 0) ON CONFLICT DO NOTHING;
INSERT INTO product_images (product_id, url, position) VALUES (345, '/images/345/o1cn01uc8ald1kg2d0pe0rd_2216055534655-0-cib.jpg', 1) ON CONFLICT DO NOTHING;
INSERT INTO products (id, title, slug, description, thumbnail, active, base_price) VALUES (346, 'Vintage Overall Jeans', 'vintage-overall-jeans', '', '/images/346/img_2828.jpg', True, 6800) ON CONFLICT (id) DO UPDATE SET title = EXCLUDED.title, slug = EXCLUDED.slug, description = EXCLUDED.description, thumbnail = EXCLUDED.thumbnail, active = EXCLUDED.active, base_price = EXCLUDED.base_price;
INSERT INTO product_variants (product_id, sku, size, color, stock_quantity, price_adjustment, active, image) VALUES (346, 'SKU-67250', 'JEANS S', NULL, 1, 0, true, NULL) ON CONFLICT (sku) DO UPDATE SET stock_quantity = EXCLUDED.stock_quantity, size = EXCLUDED.size, active = EXCLUDED.active;
INSERT INTO prices (variant_id, amount, currency) SELECT id, 6800, 'Br' FROM product_variants WHERE sku = 'SKU-67250' AND NOT EXISTS (SELECT 1 FROM prices WHERE variant_id = product_variants.id);
INSERT INTO product_variants (product_id, sku, size, color, stock_quantity, price_adjustment, active, image) VALUES (346, 'SKU-67251', 'JEANS M', NULL, 1, 0, true, NULL) ON CONFLICT (sku) DO UPDATE SET stock_quantity = EXCLUDED.stock_quantity, size = EXCLUDED.size, active = EXCLUDED.active;
INSERT INTO prices (variant_id, amount, currency) SELECT id, 6800, 'Br' FROM product_variants WHERE sku = 'SKU-67251' AND NOT EXISTS (SELECT 1 FROM prices WHERE variant_id = product_variants.id);
INSERT INTO product_variants (product_id, sku, size, color, stock_quantity, price_adjustment, active, image) VALUES (346, 'SKU-67252', 'JEANS L', NULL, 1, 0, true, NULL) ON CONFLICT (sku) DO UPDATE SET stock_quantity = EXCLUDED.stock_quantity, size = EXCLUDED.size, active = EXCLUDED.active;
INSERT INTO prices (variant_id, amount, currency) SELECT id, 6800, 'Br' FROM product_variants WHERE sku = 'SKU-67252' AND NOT EXISTS (SELECT 1 FROM prices WHERE variant_id = product_variants.id);
INSERT INTO product_images (product_id, url, position) VALUES (346, '/images/346/img_2828.jpg', 0) ON CONFLICT DO NOTHING;
INSERT INTO product_images (product_id, url, position) VALUES (346, '/images/346/img_2823.jpg', 1) ON CONFLICT DO NOTHING;
INSERT INTO product_images (product_id, url, position) VALUES (346, '/images/346/img_2830-2.jpg', 2) ON CONFLICT DO NOTHING;
INSERT INTO product_images (product_id, url, position) VALUES (346, '/images/346/img_2827-2.jpg', 3) ON CONFLICT DO NOTHING;
INSERT INTO products (id, title, slug, description, thumbnail, active, base_price) VALUES (347, 'Strip Blue Shirt', 'strip-blue-shirt', '', '/images/347/img_2912__02.jpg', True, 3900) ON CONFLICT (id) DO UPDATE SET title = EXCLUDED.title, slug = EXCLUDED.slug, description = EXCLUDED.description, thumbnail = EXCLUDED.thumbnail, active = EXCLUDED.active, base_price = EXCLUDED.base_price;
INSERT INTO product_variants (product_id, sku, size, color, stock_quantity, price_adjustment, active, image) VALUES (347, 'SKU-67264', 'SHIRT S', NULL, 1, 0, true, NULL) ON CONFLICT (sku) DO UPDATE SET stock_quantity = EXCLUDED.stock_quantity, size = EXCLUDED.size, active = EXCLUDED.active;
INSERT INTO prices (variant_id, amount, currency) SELECT id, 3900, 'Br' FROM product_variants WHERE sku = 'SKU-67264' AND NOT EXISTS (SELECT 1 FROM prices WHERE variant_id = product_variants.id);
INSERT INTO product_variants (product_id, sku, size, color, stock_quantity, price_adjustment, active, image) VALUES (347, 'SKU-67265', 'SHIRT M', NULL, 1, 0, true, NULL) ON CONFLICT (sku) DO UPDATE SET stock_quantity = EXCLUDED.stock_quantity, size = EXCLUDED.size, active = EXCLUDED.active;
INSERT INTO prices (variant_id, amount, currency) SELECT id, 3900, 'Br' FROM product_variants WHERE sku = 'SKU-67265' AND NOT EXISTS (SELECT 1 FROM prices WHERE variant_id = product_variants.id);
INSERT INTO product_variants (product_id, sku, size, color, stock_quantity, price_adjustment, active, image) VALUES (347, 'SKU-67266', 'SHIRT L', NULL, 1, 0, true, NULL) ON CONFLICT (sku) DO UPDATE SET stock_quantity = EXCLUDED.stock_quantity, size = EXCLUDED.size, active = EXCLUDED.active;
INSERT INTO prices (variant_id, amount, currency) SELECT id, 3900, 'Br' FROM product_variants WHERE sku = 'SKU-67266' AND NOT EXISTS (SELECT 1 FROM prices WHERE variant_id = product_variants.id);
INSERT INTO product_images (product_id, url, position) VALUES (347, '/images/347/img_2912__02.jpg', 0) ON CONFLICT DO NOTHING;
INSERT INTO product_images (product_id, url, position) VALUES (347, '/images/347/img_2911.jpg', 1) ON CONFLICT DO NOTHING;
INSERT INTO product_images (product_id, url, position) VALUES (347, '/images/347/img_2913.jpg', 2) ON CONFLICT DO NOTHING;
INSERT INTO products (id, title, slug, description, thumbnail, active, base_price) VALUES (348, 'Lace Decore Mini Blazer Dress', 'lace-decore-mini-blazer-dress', '', '/images/348/img_2903.jpg', True, 5900) ON CONFLICT (id) DO UPDATE SET title = EXCLUDED.title, slug = EXCLUDED.slug, description = EXCLUDED.description, thumbnail = EXCLUDED.thumbnail, active = EXCLUDED.active, base_price = EXCLUDED.base_price;
INSERT INTO product_variants (product_id, sku, size, color, stock_quantity, price_adjustment, active, image) VALUES (348, 'SKU-67256', 'DRESS S', NULL, 1, 0, true, NULL) ON CONFLICT (sku) DO UPDATE SET stock_quantity = EXCLUDED.stock_quantity, size = EXCLUDED.size, active = EXCLUDED.active;
INSERT INTO prices (variant_id, amount, currency) SELECT id, 5900, 'Br' FROM product_variants WHERE sku = 'SKU-67256' AND NOT EXISTS (SELECT 1 FROM prices WHERE variant_id = product_variants.id);
INSERT INTO product_variants (product_id, sku, size, color, stock_quantity, price_adjustment, active, image) VALUES (348, 'SKU-67257', 'DRESS M', NULL, 1, 0, true, NULL) ON CONFLICT (sku) DO UPDATE SET stock_quantity = EXCLUDED.stock_quantity, size = EXCLUDED.size, active = EXCLUDED.active;
INSERT INTO prices (variant_id, amount, currency) SELECT id, 5900, 'Br' FROM product_variants WHERE sku = 'SKU-67257' AND NOT EXISTS (SELECT 1 FROM prices WHERE variant_id = product_variants.id);
INSERT INTO product_variants (product_id, sku, size, color, stock_quantity, price_adjustment, active, image) VALUES (348, 'SKU-67258', 'DRESS L', NULL, 1, 0, true, NULL) ON CONFLICT (sku) DO UPDATE SET stock_quantity = EXCLUDED.stock_quantity, size = EXCLUDED.size, active = EXCLUDED.active;
INSERT INTO prices (variant_id, amount, currency) SELECT id, 5900, 'Br' FROM product_variants WHERE sku = 'SKU-67258' AND NOT EXISTS (SELECT 1 FROM prices WHERE variant_id = product_variants.id);
INSERT INTO product_images (product_id, url, position) VALUES (348, '/images/348/img_2903.jpg', 0) ON CONFLICT DO NOTHING;
INSERT INTO product_images (product_id, url, position) VALUES (348, '/images/348/img_2904.jpg', 1) ON CONFLICT DO NOTHING;
INSERT INTO products (id, title, slug, description, thumbnail, active, base_price) VALUES (349, 'Light Grey Widefit Jeans ', 'light-grey-widefit-jeans', '', '/images/349/img_2870.jpg', True, 5400) ON CONFLICT (id) DO UPDATE SET title = EXCLUDED.title, slug = EXCLUDED.slug, description = EXCLUDED.description, thumbnail = EXCLUDED.thumbnail, active = EXCLUDED.active, base_price = EXCLUDED.base_price;
INSERT INTO product_variants (product_id, sku, size, color, stock_quantity, price_adjustment, active, image) VALUES (349, 'SKU-67299', 'JEANS S', NULL, 1, 0, true, NULL) ON CONFLICT (sku) DO UPDATE SET stock_quantity = EXCLUDED.stock_quantity, size = EXCLUDED.size, active = EXCLUDED.active;
INSERT INTO prices (variant_id, amount, currency) SELECT id, 5400, 'Br' FROM product_variants WHERE sku = 'SKU-67299' AND NOT EXISTS (SELECT 1 FROM prices WHERE variant_id = product_variants.id);
INSERT INTO product_variants (product_id, sku, size, color, stock_quantity, price_adjustment, active, image) VALUES (349, 'SKU-67300', 'JEANS M', NULL, 1, 0, true, NULL) ON CONFLICT (sku) DO UPDATE SET stock_quantity = EXCLUDED.stock_quantity, size = EXCLUDED.size, active = EXCLUDED.active;
INSERT INTO prices (variant_id, amount, currency) SELECT id, 5400, 'Br' FROM product_variants WHERE sku = 'SKU-67300' AND NOT EXISTS (SELECT 1 FROM prices WHERE variant_id = product_variants.id);
INSERT INTO product_variants (product_id, sku, size, color, stock_quantity, price_adjustment, active, image) VALUES (349, 'SKU-67301', 'JEANS L', NULL, 1, 0, true, NULL) ON CONFLICT (sku) DO UPDATE SET stock_quantity = EXCLUDED.stock_quantity, size = EXCLUDED.size, active = EXCLUDED.active;
INSERT INTO prices (variant_id, amount, currency) SELECT id, 5400, 'Br' FROM product_variants WHERE sku = 'SKU-67301' AND NOT EXISTS (SELECT 1 FROM prices WHERE variant_id = product_variants.id);
INSERT INTO product_variants (product_id, sku, size, color, stock_quantity, price_adjustment, active, image) VALUES (349, 'SKU-67302', 'JEANS XL', NULL, 1, 0, true, NULL) ON CONFLICT (sku) DO UPDATE SET stock_quantity = EXCLUDED.stock_quantity, size = EXCLUDED.size, active = EXCLUDED.active;
INSERT INTO prices (variant_id, amount, currency) SELECT id, 5400, 'Br' FROM product_variants WHERE sku = 'SKU-67302' AND NOT EXISTS (SELECT 1 FROM prices WHERE variant_id = product_variants.id);
INSERT INTO product_images (product_id, url, position) VALUES (349, '/images/349/img_2870.jpg', 0) ON CONFLICT DO NOTHING;
INSERT INTO product_images (product_id, url, position) VALUES (349, '/images/349/img_2871.jpg', 1) ON CONFLICT DO NOTHING;
INSERT INTO product_images (product_id, url, position) VALUES (349, '/images/349/img_2872.jpg', 2) ON CONFLICT DO NOTHING;
INSERT INTO products (id, title, slug, description, thumbnail, active, base_price) VALUES (350, 'Faded Black and Grey Wide Fit Jeans', 'faded-black-and-grey-wide-fit-jeans', '', '/images/350/img_2831.jpg', True, 5400) ON CONFLICT (id) DO UPDATE SET title = EXCLUDED.title, slug = EXCLUDED.slug, description = EXCLUDED.description, thumbnail = EXCLUDED.thumbnail, active = EXCLUDED.active, base_price = EXCLUDED.base_price;
INSERT INTO product_variants (product_id, sku, size, color, stock_quantity, price_adjustment, active, image) VALUES (350, 'SKU-67259', 'JEANS S', NULL, 1, 0, true, NULL) ON CONFLICT (sku) DO UPDATE SET stock_quantity = EXCLUDED.stock_quantity, size = EXCLUDED.size, active = EXCLUDED.active;
INSERT INTO prices (variant_id, amount, currency) SELECT id, 5400, 'Br' FROM product_variants WHERE sku = 'SKU-67259' AND NOT EXISTS (SELECT 1 FROM prices WHERE variant_id = product_variants.id);
INSERT INTO product_variants (product_id, sku, size, color, stock_quantity, price_adjustment, active, image) VALUES (350, 'SKU-67260', 'JEANS M', NULL, 1, 0, true, NULL) ON CONFLICT (sku) DO UPDATE SET stock_quantity = EXCLUDED.stock_quantity, size = EXCLUDED.size, active = EXCLUDED.active;
INSERT INTO prices (variant_id, amount, currency) SELECT id, 5400, 'Br' FROM product_variants WHERE sku = 'SKU-67260' AND NOT EXISTS (SELECT 1 FROM prices WHERE variant_id = product_variants.id);
INSERT INTO product_variants (product_id, sku, size, color, stock_quantity, price_adjustment, active, image) VALUES (350, 'SKU-67261', 'JEANS L', NULL, 1, 0, true, NULL) ON CONFLICT (sku) DO UPDATE SET stock_quantity = EXCLUDED.stock_quantity, size = EXCLUDED.size, active = EXCLUDED.active;
INSERT INTO prices (variant_id, amount, currency) SELECT id, 5400, 'Br' FROM product_variants WHERE sku = 'SKU-67261' AND NOT EXISTS (SELECT 1 FROM prices WHERE variant_id = product_variants.id);
INSERT INTO product_variants (product_id, sku, size, color, stock_quantity, price_adjustment, active, image) VALUES (350, 'SKU-67262', 'JEANS XL', NULL, 1, 0, true, NULL) ON CONFLICT (sku) DO UPDATE SET stock_quantity = EXCLUDED.stock_quantity, size = EXCLUDED.size, active = EXCLUDED.active;
INSERT INTO prices (variant_id, amount, currency) SELECT id, 5400, 'Br' FROM product_variants WHERE sku = 'SKU-67262' AND NOT EXISTS (SELECT 1 FROM prices WHERE variant_id = product_variants.id);
INSERT INTO product_variants (product_id, sku, size, color, stock_quantity, price_adjustment, active, image) VALUES (350, 'SKU-67263', 'JEANS 2XL', NULL, 1, 0, true, NULL) ON CONFLICT (sku) DO UPDATE SET stock_quantity = EXCLUDED.stock_quantity, size = EXCLUDED.size, active = EXCLUDED.active;
INSERT INTO prices (variant_id, amount, currency) SELECT id, 5400, 'Br' FROM product_variants WHERE sku = 'SKU-67263' AND NOT EXISTS (SELECT 1 FROM prices WHERE variant_id = product_variants.id);
INSERT INTO product_images (product_id, url, position) VALUES (350, '/images/350/img_2831.jpg', 0) ON CONFLICT DO NOTHING;
INSERT INTO products (id, title, slug, description, thumbnail, active, base_price) VALUES (351, 'Light Pink and White Floral Pattern Ruffle Trim Mini Dress', 'light-pink-and-white-floral-pattern-ruffle-trim-mini-dress', '', '/images/351/img_3065.jpg', True, 5200) ON CONFLICT (id) DO UPDATE SET title = EXCLUDED.title, slug = EXCLUDED.slug, description = EXCLUDED.description, thumbnail = EXCLUDED.thumbnail, active = EXCLUDED.active, base_price = EXCLUDED.base_price;
INSERT INTO product_variants (product_id, sku, size, color, stock_quantity, price_adjustment, active, image) VALUES (351, 'SKU-67470', 'DRESS S', NULL, 1, 0, true, NULL) ON CONFLICT (sku) DO UPDATE SET stock_quantity = EXCLUDED.stock_quantity, size = EXCLUDED.size, active = EXCLUDED.active;
INSERT INTO prices (variant_id, amount, currency) SELECT id, 5200, 'Br' FROM product_variants WHERE sku = 'SKU-67470' AND NOT EXISTS (SELECT 1 FROM prices WHERE variant_id = product_variants.id);
INSERT INTO product_variants (product_id, sku, size, color, stock_quantity, price_adjustment, active, image) VALUES (351, 'SKU-67471', 'DRESS M', NULL, 1, 0, true, NULL) ON CONFLICT (sku) DO UPDATE SET stock_quantity = EXCLUDED.stock_quantity, size = EXCLUDED.size, active = EXCLUDED.active;
INSERT INTO prices (variant_id, amount, currency) SELECT id, 5200, 'Br' FROM product_variants WHERE sku = 'SKU-67471' AND NOT EXISTS (SELECT 1 FROM prices WHERE variant_id = product_variants.id);
INSERT INTO product_variants (product_id, sku, size, color, stock_quantity, price_adjustment, active, image) VALUES (351, 'SKU-67472', 'DRESS L', NULL, 1, 0, true, NULL) ON CONFLICT (sku) DO UPDATE SET stock_quantity = EXCLUDED.stock_quantity, size = EXCLUDED.size, active = EXCLUDED.active;
INSERT INTO prices (variant_id, amount, currency) SELECT id, 5200, 'Br' FROM product_variants WHERE sku = 'SKU-67472' AND NOT EXISTS (SELECT 1 FROM prices WHERE variant_id = product_variants.id);
INSERT INTO product_images (product_id, url, position) VALUES (351, '/images/351/img_3065.jpg', 0) ON CONFLICT DO NOTHING;
INSERT INTO product_images (product_id, url, position) VALUES (351, '/images/351/img_3066.jpg', 1) ON CONFLICT DO NOTHING;
INSERT INTO product_images (product_id, url, position) VALUES (351, '/images/351/img_3068.jpg', 2) ON CONFLICT DO NOTHING;
INSERT INTO products (id, title, slug, description, thumbnail, active, base_price) VALUES (352, 'Kne Ripped Loose Jeans', 'kne-ripped-loose-jeans', '', '/images/352/img_2855.jpg', True, 5400) ON CONFLICT (id) DO UPDATE SET title = EXCLUDED.title, slug = EXCLUDED.slug, description = EXCLUDED.description, thumbnail = EXCLUDED.thumbnail, active = EXCLUDED.active, base_price = EXCLUDED.base_price;
INSERT INTO product_variants (product_id, sku, size, color, stock_quantity, price_adjustment, active, image) VALUES (352, 'SKU-67313', 'JEANS S', NULL, 1, 0, true, NULL) ON CONFLICT (sku) DO UPDATE SET stock_quantity = EXCLUDED.stock_quantity, size = EXCLUDED.size, active = EXCLUDED.active;
INSERT INTO prices (variant_id, amount, currency) SELECT id, 5400, 'Br' FROM product_variants WHERE sku = 'SKU-67313' AND NOT EXISTS (SELECT 1 FROM prices WHERE variant_id = product_variants.id);
INSERT INTO product_images (product_id, url, position) VALUES (352, '/images/352/img_2855.jpg', 0) ON CONFLICT DO NOTHING;
INSERT INTO product_images (product_id, url, position) VALUES (352, '/images/352/img_2858.jpg', 1) ON CONFLICT DO NOTHING;
INSERT INTO product_images (product_id, url, position) VALUES (352, '/images/352/img_2857.jpg', 2) ON CONFLICT DO NOTHING;
INSERT INTO product_images (product_id, url, position) VALUES (352, '/images/352/img_2856.jpg', 3) ON CONFLICT DO NOTHING;
INSERT INTO products (id, title, slug, description, thumbnail, active, base_price) VALUES (353, 'Warm Tan Beige Ribbed Knit Long-Sleeve Deep V-Neck Wrap Top', 'warm-tan-beige-ribbed-knit-long-sleeve-deep-v-neck-wrap-top', '', '/images/353/img_3010.jpg', True, 3500) ON CONFLICT (id) DO UPDATE SET title = EXCLUDED.title, slug = EXCLUDED.slug, description = EXCLUDED.description, thumbnail = EXCLUDED.thumbnail, active = EXCLUDED.active, base_price = EXCLUDED.base_price;
INSERT INTO product_variants (product_id, sku, size, color, stock_quantity, price_adjustment, active, image) VALUES (353, 'SKU-67457', 'TOP FREE', NULL, 1, 0, true, NULL) ON CONFLICT (sku) DO UPDATE SET stock_quantity = EXCLUDED.stock_quantity, size = EXCLUDED.size, active = EXCLUDED.active;
INSERT INTO prices (variant_id, amount, currency) SELECT id, 3500, 'Br' FROM product_variants WHERE sku = 'SKU-67457' AND NOT EXISTS (SELECT 1 FROM prices WHERE variant_id = product_variants.id);
INSERT INTO product_images (product_id, url, position) VALUES (353, '/images/353/img_3010.jpg', 0) ON CONFLICT DO NOTHING;
INSERT INTO product_images (product_id, url, position) VALUES (353, '/images/353/img_3012.jpg', 1) ON CONFLICT DO NOTHING;
INSERT INTO products (id, title, slug, description, thumbnail, active, base_price) VALUES (354, 'Black Long-Sleeve Deep V-Neck Fitted Wrap Front Knit Top', 'black-long-sleeve-deep-v-neck-fitted-wrap-front-knit-top', '', '/images/354/img_3008.jpg', True, 3500) ON CONFLICT (id) DO UPDATE SET title = EXCLUDED.title, slug = EXCLUDED.slug, description = EXCLUDED.description, thumbnail = EXCLUDED.thumbnail, active = EXCLUDED.active, base_price = EXCLUDED.base_price;
INSERT INTO product_variants (product_id, sku, size, color, stock_quantity, price_adjustment, active, image) VALUES (354, 'SKU-67456', 'TOP FREE', NULL, 1, 0, true, NULL) ON CONFLICT (sku) DO UPDATE SET stock_quantity = EXCLUDED.stock_quantity, size = EXCLUDED.size, active = EXCLUDED.active;
INSERT INTO prices (variant_id, amount, currency) SELECT id, 3500, 'Br' FROM product_variants WHERE sku = 'SKU-67456' AND NOT EXISTS (SELECT 1 FROM prices WHERE variant_id = product_variants.id);
INSERT INTO product_images (product_id, url, position) VALUES (354, '/images/354/img_3008.jpg', 0) ON CONFLICT DO NOTHING;
INSERT INTO product_images (product_id, url, position) VALUES (354, '/images/354/img_3009.jpg', 1) ON CONFLICT DO NOTHING;
INSERT INTO products (id, title, slug, description, thumbnail, active, base_price) VALUES (355, 'Vibrant Deep Red Button-Front Long-Sleeve Mini Dress', 'vibrant-deep-red-button-front-long-sleeve-mini-dress', '', '/images/355/img_3049.jpg', True, 4900) ON CONFLICT (id) DO UPDATE SET title = EXCLUDED.title, slug = EXCLUDED.slug, description = EXCLUDED.description, thumbnail = EXCLUDED.thumbnail, active = EXCLUDED.active, base_price = EXCLUDED.base_price;
INSERT INTO product_variants (product_id, sku, size, color, stock_quantity, price_adjustment, active, image) VALUES (355, 'SKU-67437', 'DRESS FREE', NULL, 1, 0, true, NULL) ON CONFLICT (sku) DO UPDATE SET stock_quantity = EXCLUDED.stock_quantity, size = EXCLUDED.size, active = EXCLUDED.active;
INSERT INTO prices (variant_id, amount, currency) SELECT id, 4900, 'Br' FROM product_variants WHERE sku = 'SKU-67437' AND NOT EXISTS (SELECT 1 FROM prices WHERE variant_id = product_variants.id);
INSERT INTO product_images (product_id, url, position) VALUES (355, '/images/355/img_3049.jpg', 0) ON CONFLICT DO NOTHING;
INSERT INTO products (id, title, slug, description, thumbnail, active, base_price) VALUES (356, 'Pastel Rose Long-Sleeve Cozy Open-Weave Sweater', 'pastel-rose-long-sleeve-cozy-open-weave-sweater', '', '/images/356/img_2984-2.jpg', True, 4400) ON CONFLICT (id) DO UPDATE SET title = EXCLUDED.title, slug = EXCLUDED.slug, description = EXCLUDED.description, thumbnail = EXCLUDED.thumbnail, active = EXCLUDED.active, base_price = EXCLUDED.base_price;
INSERT INTO product_variants (product_id, sku, size, color, stock_quantity, price_adjustment, active, image) VALUES (356, 'SKU-67448', 'cardigan  FREE', NULL, 1, 0, true, NULL) ON CONFLICT (sku) DO UPDATE SET stock_quantity = EXCLUDED.stock_quantity, size = EXCLUDED.size, active = EXCLUDED.active;
INSERT INTO prices (variant_id, amount, currency) SELECT id, 4400, 'Br' FROM product_variants WHERE sku = 'SKU-67448' AND NOT EXISTS (SELECT 1 FROM prices WHERE variant_id = product_variants.id);
INSERT INTO product_images (product_id, url, position) VALUES (356, '/images/356/img_2984-2.jpg', 0) ON CONFLICT DO NOTHING;
INSERT INTO product_images (product_id, url, position) VALUES (356, '/images/356/img_2984.jpg', 1) ON CONFLICT DO NOTHING;
INSERT INTO products (id, title, slug, description, thumbnail, active, base_price) VALUES (357, 'Blue Blazer Set', 'blue-blazer-set', '', '/images/357/img_3055.jpg', True, 8400) ON CONFLICT (id) DO UPDATE SET title = EXCLUDED.title, slug = EXCLUDED.slug, description = EXCLUDED.description, thumbnail = EXCLUDED.thumbnail, active = EXCLUDED.active, base_price = EXCLUDED.base_price;
INSERT INTO product_variants (product_id, sku, size, color, stock_quantity, price_adjustment, active, image) VALUES (357, 'SKU-67396', 'SET S', NULL, 1, 0, true, NULL) ON CONFLICT (sku) DO UPDATE SET stock_quantity = EXCLUDED.stock_quantity, size = EXCLUDED.size, active = EXCLUDED.active;
INSERT INTO prices (variant_id, amount, currency) SELECT id, 8400, 'Br' FROM product_variants WHERE sku = 'SKU-67396' AND NOT EXISTS (SELECT 1 FROM prices WHERE variant_id = product_variants.id);
INSERT INTO product_variants (product_id, sku, size, color, stock_quantity, price_adjustment, active, image) VALUES (357, 'SKU-67397', 'SET M', NULL, 1, 0, true, NULL) ON CONFLICT (sku) DO UPDATE SET stock_quantity = EXCLUDED.stock_quantity, size = EXCLUDED.size, active = EXCLUDED.active;
INSERT INTO prices (variant_id, amount, currency) SELECT id, 8400, 'Br' FROM product_variants WHERE sku = 'SKU-67397' AND NOT EXISTS (SELECT 1 FROM prices WHERE variant_id = product_variants.id);
INSERT INTO product_variants (product_id, sku, size, color, stock_quantity, price_adjustment, active, image) VALUES (357, 'SKU-67398', 'SET L', NULL, 1, 0, true, NULL) ON CONFLICT (sku) DO UPDATE SET stock_quantity = EXCLUDED.stock_quantity, size = EXCLUDED.size, active = EXCLUDED.active;
INSERT INTO prices (variant_id, amount, currency) SELECT id, 8400, 'Br' FROM product_variants WHERE sku = 'SKU-67398' AND NOT EXISTS (SELECT 1 FROM prices WHERE variant_id = product_variants.id);
INSERT INTO product_variants (product_id, sku, size, color, stock_quantity, price_adjustment, active, image) VALUES (357, 'SKU-67399', 'SET XL', NULL, 1, 0, true, NULL) ON CONFLICT (sku) DO UPDATE SET stock_quantity = EXCLUDED.stock_quantity, size = EXCLUDED.size, active = EXCLUDED.active;
INSERT INTO prices (variant_id, amount, currency) SELECT id, 8400, 'Br' FROM product_variants WHERE sku = 'SKU-67399' AND NOT EXISTS (SELECT 1 FROM prices WHERE variant_id = product_variants.id);
INSERT INTO product_variants (product_id, sku, size, color, stock_quantity, price_adjustment, active, image) VALUES (357, 'SKU-67400', 'SET 2XL', NULL, 1, 0, true, NULL) ON CONFLICT (sku) DO UPDATE SET stock_quantity = EXCLUDED.stock_quantity, size = EXCLUDED.size, active = EXCLUDED.active;
INSERT INTO prices (variant_id, amount, currency) SELECT id, 8400, 'Br' FROM product_variants WHERE sku = 'SKU-67400' AND NOT EXISTS (SELECT 1 FROM prices WHERE variant_id = product_variants.id);
INSERT INTO product_variants (product_id, sku, size, color, stock_quantity, price_adjustment, active, image) VALUES (357, 'SKU-67401', 'SET 3XL', NULL, 1, 0, true, NULL) ON CONFLICT (sku) DO UPDATE SET stock_quantity = EXCLUDED.stock_quantity, size = EXCLUDED.size, active = EXCLUDED.active;
INSERT INTO prices (variant_id, amount, currency) SELECT id, 8400, 'Br' FROM product_variants WHERE sku = 'SKU-67401' AND NOT EXISTS (SELECT 1 FROM prices WHERE variant_id = product_variants.id);
INSERT INTO product_images (product_id, url, position) VALUES (357, '/images/357/img_3055.jpg', 0) ON CONFLICT DO NOTHING;
INSERT INTO product_images (product_id, url, position) VALUES (357, '/images/357/img_3054.jpg', 1) ON CONFLICT DO NOTHING;
INSERT INTO products (id, title, slug, description, thumbnail, active, base_price) VALUES (358, 'Elegant Bright White Fitted Corset Bodice Cocktail Dress', 'elegant-bright-white-fitted-corset-bodice-cocktail-dress', '', '/images/358/img_3074-2.jpg', True, 4900) ON CONFLICT (id) DO UPDATE SET title = EXCLUDED.title, slug = EXCLUDED.slug, description = EXCLUDED.description, thumbnail = EXCLUDED.thumbnail, active = EXCLUDED.active, base_price = EXCLUDED.base_price;
INSERT INTO product_variants (product_id, sku, size, color, stock_quantity, price_adjustment, active, image) VALUES (358, 'SKU-67491', 'DRESS S', NULL, 1, 0, true, NULL) ON CONFLICT (sku) DO UPDATE SET stock_quantity = EXCLUDED.stock_quantity, size = EXCLUDED.size, active = EXCLUDED.active;
INSERT INTO prices (variant_id, amount, currency) SELECT id, 4900, 'Br' FROM product_variants WHERE sku = 'SKU-67491' AND NOT EXISTS (SELECT 1 FROM prices WHERE variant_id = product_variants.id);
INSERT INTO product_variants (product_id, sku, size, color, stock_quantity, price_adjustment, active, image) VALUES (358, 'SKU-67492', 'DRESS M', NULL, 1, 0, true, NULL) ON CONFLICT (sku) DO UPDATE SET stock_quantity = EXCLUDED.stock_quantity, size = EXCLUDED.size, active = EXCLUDED.active;
INSERT INTO prices (variant_id, amount, currency) SELECT id, 4900, 'Br' FROM product_variants WHERE sku = 'SKU-67492' AND NOT EXISTS (SELECT 1 FROM prices WHERE variant_id = product_variants.id);
INSERT INTO product_variants (product_id, sku, size, color, stock_quantity, price_adjustment, active, image) VALUES (358, 'SKU-67493', 'DRESS L', NULL, 1, 0, true, NULL) ON CONFLICT (sku) DO UPDATE SET stock_quantity = EXCLUDED.stock_quantity, size = EXCLUDED.size, active = EXCLUDED.active;
INSERT INTO prices (variant_id, amount, currency) SELECT id, 4900, 'Br' FROM product_variants WHERE sku = 'SKU-67493' AND NOT EXISTS (SELECT 1 FROM prices WHERE variant_id = product_variants.id);
INSERT INTO product_images (product_id, url, position) VALUES (358, '/images/358/img_3074-2.jpg', 0) ON CONFLICT DO NOTHING;
INSERT INTO product_images (product_id, url, position) VALUES (358, '/images/358/img_3075-2.jpg', 1) ON CONFLICT DO NOTHING;
INSERT INTO products (id, title, slug, description, thumbnail, active, base_price) VALUES (359, 'Clean White Sleeveless Fitted Crop Top and Maxi Skirt Set', 'clean-white-sleeveless-fitted-crop-top-and-maxi-skirt-set', '', '/images/359/img_3092-2.jpg', True, 6400) ON CONFLICT (id) DO UPDATE SET title = EXCLUDED.title, slug = EXCLUDED.slug, description = EXCLUDED.description, thumbnail = EXCLUDED.thumbnail, active = EXCLUDED.active, base_price = EXCLUDED.base_price;
INSERT INTO product_variants (product_id, sku, size, color, stock_quantity, price_adjustment, active, image) VALUES (359, 'SKU-67499', 'SET S', NULL, 1, 0, true, NULL) ON CONFLICT (sku) DO UPDATE SET stock_quantity = EXCLUDED.stock_quantity, size = EXCLUDED.size, active = EXCLUDED.active;
INSERT INTO prices (variant_id, amount, currency) SELECT id, 6400, 'Br' FROM product_variants WHERE sku = 'SKU-67499' AND NOT EXISTS (SELECT 1 FROM prices WHERE variant_id = product_variants.id);
INSERT INTO product_variants (product_id, sku, size, color, stock_quantity, price_adjustment, active, image) VALUES (359, 'SKU-67500', 'SET M', NULL, 1, 0, true, NULL) ON CONFLICT (sku) DO UPDATE SET stock_quantity = EXCLUDED.stock_quantity, size = EXCLUDED.size, active = EXCLUDED.active;
INSERT INTO prices (variant_id, amount, currency) SELECT id, 6400, 'Br' FROM product_variants WHERE sku = 'SKU-67500' AND NOT EXISTS (SELECT 1 FROM prices WHERE variant_id = product_variants.id);
INSERT INTO product_variants (product_id, sku, size, color, stock_quantity, price_adjustment, active, image) VALUES (359, 'SKU-67501', 'SET L', NULL, 1, 0, true, NULL) ON CONFLICT (sku) DO UPDATE SET stock_quantity = EXCLUDED.stock_quantity, size = EXCLUDED.size, active = EXCLUDED.active;
INSERT INTO prices (variant_id, amount, currency) SELECT id, 6400, 'Br' FROM product_variants WHERE sku = 'SKU-67501' AND NOT EXISTS (SELECT 1 FROM prices WHERE variant_id = product_variants.id);
INSERT INTO product_images (product_id, url, position) VALUES (359, '/images/359/img_3092-2.jpg', 0) ON CONFLICT DO NOTHING;
INSERT INTO product_images (product_id, url, position) VALUES (359, '/images/359/img_3095-2.jpg', 1) ON CONFLICT DO NOTHING;
INSERT INTO product_images (product_id, url, position) VALUES (359, '/images/359/img_3094-2.jpg', 2) ON CONFLICT DO NOTHING;
INSERT INTO product_images (product_id, url, position) VALUES (359, '/images/359/img_3093-2.jpg', 3) ON CONFLICT DO NOTHING;
INSERT INTO product_images (product_id, url, position) VALUES (359, '/images/359/img_3096-2.jpg', 4) ON CONFLICT DO NOTHING;
INSERT INTO products (id, title, slug, description, thumbnail, active, base_price) VALUES (360, 'Warm Terracotta Button-Front Long-Sleeve Ribbed Dress', 'warm-terracotta-button-front-long-sleeve-ribbed-dress', '', '/images/360/img_3007.jpg', True, 5400) ON CONFLICT (id) DO UPDATE SET title = EXCLUDED.title, slug = EXCLUDED.slug, description = EXCLUDED.description, thumbnail = EXCLUDED.thumbnail, active = EXCLUDED.active, base_price = EXCLUDED.base_price;
INSERT INTO product_variants (product_id, sku, size, color, stock_quantity, price_adjustment, active, image) VALUES (360, 'SKU-67379', 'DRESS FREE', NULL, 1, 0, true, NULL) ON CONFLICT (sku) DO UPDATE SET stock_quantity = EXCLUDED.stock_quantity, size = EXCLUDED.size, active = EXCLUDED.active;
INSERT INTO prices (variant_id, amount, currency) SELECT id, 5400, 'Br' FROM product_variants WHERE sku = 'SKU-67379' AND NOT EXISTS (SELECT 1 FROM prices WHERE variant_id = product_variants.id);
INSERT INTO product_images (product_id, url, position) VALUES (360, '/images/360/img_3007.jpg', 0) ON CONFLICT DO NOTHING;
INSERT INTO product_images (product_id, url, position) VALUES (360, '/images/360/img_3006.webp', 1) ON CONFLICT DO NOTHING;
INSERT INTO products (id, title, slug, description, thumbnail, active, base_price) VALUES (361, 'Dark Noir Faux Wrap Front Waist Tie Cocktail Dress', 'dark-noir-faux-wrap-front-waist-tie-cocktail-dress', '', '/images/361/img_2968-2.jpg', True, 5400) ON CONFLICT (id) DO UPDATE SET title = EXCLUDED.title, slug = EXCLUDED.slug, description = EXCLUDED.description, thumbnail = EXCLUDED.thumbnail, active = EXCLUDED.active, base_price = EXCLUDED.base_price;
INSERT INTO product_variants (product_id, sku, size, color, stock_quantity, price_adjustment, active, image) VALUES (361, 'SKU-67383', 'DRESS S', NULL, 1, 0, true, NULL) ON CONFLICT (sku) DO UPDATE SET stock_quantity = EXCLUDED.stock_quantity, size = EXCLUDED.size, active = EXCLUDED.active;
INSERT INTO prices (variant_id, amount, currency) SELECT id, 5400, 'Br' FROM product_variants WHERE sku = 'SKU-67383' AND NOT EXISTS (SELECT 1 FROM prices WHERE variant_id = product_variants.id);
INSERT INTO product_variants (product_id, sku, size, color, stock_quantity, price_adjustment, active, image) VALUES (361, 'SKU-67384', 'DRESS M', NULL, 1, 0, true, NULL) ON CONFLICT (sku) DO UPDATE SET stock_quantity = EXCLUDED.stock_quantity, size = EXCLUDED.size, active = EXCLUDED.active;
INSERT INTO prices (variant_id, amount, currency) SELECT id, 5400, 'Br' FROM product_variants WHERE sku = 'SKU-67384' AND NOT EXISTS (SELECT 1 FROM prices WHERE variant_id = product_variants.id);
INSERT INTO product_variants (product_id, sku, size, color, stock_quantity, price_adjustment, active, image) VALUES (361, 'SKU-67385', 'DRESS L', NULL, 1, 0, true, NULL) ON CONFLICT (sku) DO UPDATE SET stock_quantity = EXCLUDED.stock_quantity, size = EXCLUDED.size, active = EXCLUDED.active;
INSERT INTO prices (variant_id, amount, currency) SELECT id, 5400, 'Br' FROM product_variants WHERE sku = 'SKU-67385' AND NOT EXISTS (SELECT 1 FROM prices WHERE variant_id = product_variants.id);
INSERT INTO product_images (product_id, url, position) VALUES (361, '/images/361/img_2968-2.jpg', 0) ON CONFLICT DO NOTHING;
INSERT INTO product_images (product_id, url, position) VALUES (361, '/images/361/img_2969-2.jpg', 1) ON CONFLICT DO NOTHING;
INSERT INTO products (id, title, slug, description, thumbnail, active, base_price) VALUES (362, 'Fuchsia Pink Two-Piece Button-Front Sweater and Pant Outfit', 'set-8', '', '/images/362/img_3027.webp', True, 6800) ON CONFLICT (id) DO UPDATE SET title = EXCLUDED.title, slug = EXCLUDED.slug, description = EXCLUDED.description, thumbnail = EXCLUDED.thumbnail, active = EXCLUDED.active, base_price = EXCLUDED.base_price;
INSERT INTO product_variants (product_id, sku, size, color, stock_quantity, price_adjustment, active, image) VALUES (362, 'SKU-67390', 'SET FREE', NULL, 1, 0, true, NULL) ON CONFLICT (sku) DO UPDATE SET stock_quantity = EXCLUDED.stock_quantity, size = EXCLUDED.size, active = EXCLUDED.active;
INSERT INTO prices (variant_id, amount, currency) SELECT id, 6800, 'Br' FROM product_variants WHERE sku = 'SKU-67390' AND NOT EXISTS (SELECT 1 FROM prices WHERE variant_id = product_variants.id);
INSERT INTO product_images (product_id, url, position) VALUES (362, '/images/362/img_3027.webp', 0) ON CONFLICT DO NOTHING;
INSERT INTO product_images (product_id, url, position) VALUES (362, '/images/362/img_3026.jpg', 1) ON CONFLICT DO NOTHING;
INSERT INTO products (id, title, slug, description, thumbnail, active, base_price) VALUES (363, 'Soft Nude Beige Fitted Ribbed Knit Long-Sleeve Midi Dress', 'soft-nude-beige-fitted-ribbed-knit-long-sleeve-midi-dress', '', '/images/363/img_3028.jpg', True, 5900) ON CONFLICT (id) DO UPDATE SET title = EXCLUDED.title, slug = EXCLUDED.slug, description = EXCLUDED.description, thumbnail = EXCLUDED.thumbnail, active = EXCLUDED.active, base_price = EXCLUDED.base_price;
INSERT INTO product_variants (product_id, sku, size, color, stock_quantity, price_adjustment, active, image) VALUES (363, 'SKU-67391', 'DRESS FREE', NULL, 1, 0, true, NULL) ON CONFLICT (sku) DO UPDATE SET stock_quantity = EXCLUDED.stock_quantity, size = EXCLUDED.size, active = EXCLUDED.active;
INSERT INTO prices (variant_id, amount, currency) SELECT id, 5900, 'Br' FROM product_variants WHERE sku = 'SKU-67391' AND NOT EXISTS (SELECT 1 FROM prices WHERE variant_id = product_variants.id);
INSERT INTO product_images (product_id, url, position) VALUES (363, '/images/363/img_3028.jpg', 0) ON CONFLICT DO NOTHING;
INSERT INTO product_images (product_id, url, position) VALUES (363, '/images/363/img_3029.jpg', 1) ON CONFLICT DO NOTHING;
INSERT INTO products (id, title, slug, description, thumbnail, active, base_price) VALUES (364, 'Blue and White Plaid Pattern Oversized Denim Blazer', 'blue-and-white-plaid-pattern-oversized-denim-blazer', '', '/images/364/img_3058.jpg', True, 4900) ON CONFLICT (id) DO UPDATE SET title = EXCLUDED.title, slug = EXCLUDED.slug, description = EXCLUDED.description, thumbnail = EXCLUDED.thumbnail, active = EXCLUDED.active, base_price = EXCLUDED.base_price;
INSERT INTO product_variants (product_id, sku, size, color, stock_quantity, price_adjustment, active, image) VALUES (364, 'SKU-67402', 'JACK S', NULL, 1, 0, true, NULL) ON CONFLICT (sku) DO UPDATE SET stock_quantity = EXCLUDED.stock_quantity, size = EXCLUDED.size, active = EXCLUDED.active;
INSERT INTO prices (variant_id, amount, currency) SELECT id, 4900, 'Br' FROM product_variants WHERE sku = 'SKU-67402' AND NOT EXISTS (SELECT 1 FROM prices WHERE variant_id = product_variants.id);
INSERT INTO product_variants (product_id, sku, size, color, stock_quantity, price_adjustment, active, image) VALUES (364, 'SKU-67403', 'JACK M', NULL, 1, 0, true, NULL) ON CONFLICT (sku) DO UPDATE SET stock_quantity = EXCLUDED.stock_quantity, size = EXCLUDED.size, active = EXCLUDED.active;
INSERT INTO prices (variant_id, amount, currency) SELECT id, 4900, 'Br' FROM product_variants WHERE sku = 'SKU-67403' AND NOT EXISTS (SELECT 1 FROM prices WHERE variant_id = product_variants.id);
INSERT INTO product_variants (product_id, sku, size, color, stock_quantity, price_adjustment, active, image) VALUES (364, 'SKU-67404', 'JACK L', NULL, 1, 0, true, NULL) ON CONFLICT (sku) DO UPDATE SET stock_quantity = EXCLUDED.stock_quantity, size = EXCLUDED.size, active = EXCLUDED.active;
INSERT INTO prices (variant_id, amount, currency) SELECT id, 4900, 'Br' FROM product_variants WHERE sku = 'SKU-67404' AND NOT EXISTS (SELECT 1 FROM prices WHERE variant_id = product_variants.id);
INSERT INTO product_images (product_id, url, position) VALUES (364, '/images/364/img_3058.jpg', 0) ON CONFLICT DO NOTHING;
INSERT INTO product_images (product_id, url, position) VALUES (364, '/images/364/img_3056.jpg', 1) ON CONFLICT DO NOTHING;
INSERT INTO product_images (product_id, url, position) VALUES (364, '/images/364/img_3057.jpg', 2) ON CONFLICT DO NOTHING;
INSERT INTO products (id, title, slug, description, thumbnail, active, base_price) VALUES (365, 'Classic Black High Neck Quilted Insulated Puffer Vest - Brown', 'classic-black-high-neck-quilted-insulated-puffer-vest-brow', '', '/images/365/img_2985.jpg', True, 4900) ON CONFLICT (id) DO UPDATE SET title = EXCLUDED.title, slug = EXCLUDED.slug, description = EXCLUDED.description, thumbnail = EXCLUDED.thumbnail, active = EXCLUDED.active, base_price = EXCLUDED.base_price;
INSERT INTO product_variants (product_id, sku, size, color, stock_quantity, price_adjustment, active, image) VALUES (365, 'SKU-67408', 'JACK S', NULL, 1, 0, true, NULL) ON CONFLICT (sku) DO UPDATE SET stock_quantity = EXCLUDED.stock_quantity, size = EXCLUDED.size, active = EXCLUDED.active;
INSERT INTO prices (variant_id, amount, currency) SELECT id, 4900, 'Br' FROM product_variants WHERE sku = 'SKU-67408' AND NOT EXISTS (SELECT 1 FROM prices WHERE variant_id = product_variants.id);
INSERT INTO product_variants (product_id, sku, size, color, stock_quantity, price_adjustment, active, image) VALUES (365, 'SKU-67409', 'JACK M', NULL, 1, 0, true, NULL) ON CONFLICT (sku) DO UPDATE SET stock_quantity = EXCLUDED.stock_quantity, size = EXCLUDED.size, active = EXCLUDED.active;
INSERT INTO prices (variant_id, amount, currency) SELECT id, 4900, 'Br' FROM product_variants WHERE sku = 'SKU-67409' AND NOT EXISTS (SELECT 1 FROM prices WHERE variant_id = product_variants.id);
INSERT INTO product_variants (product_id, sku, size, color, stock_quantity, price_adjustment, active, image) VALUES (365, 'SKU-67410', 'JACK L', NULL, 1, 0, true, NULL) ON CONFLICT (sku) DO UPDATE SET stock_quantity = EXCLUDED.stock_quantity, size = EXCLUDED.size, active = EXCLUDED.active;
INSERT INTO prices (variant_id, amount, currency) SELECT id, 4900, 'Br' FROM product_variants WHERE sku = 'SKU-67410' AND NOT EXISTS (SELECT 1 FROM prices WHERE variant_id = product_variants.id);
INSERT INTO product_variants (product_id, sku, size, color, stock_quantity, price_adjustment, active, image) VALUES (365, 'SKU-67411', 'JACK XL', NULL, 1, 0, true, NULL) ON CONFLICT (sku) DO UPDATE SET stock_quantity = EXCLUDED.stock_quantity, size = EXCLUDED.size, active = EXCLUDED.active;
INSERT INTO prices (variant_id, amount, currency) SELECT id, 4900, 'Br' FROM product_variants WHERE sku = 'SKU-67411' AND NOT EXISTS (SELECT 1 FROM prices WHERE variant_id = product_variants.id);
INSERT INTO product_variants (product_id, sku, size, color, stock_quantity, price_adjustment, active, image) VALUES (365, 'SKU-67412', 'JACK 2XL', NULL, 1, 0, true, NULL) ON CONFLICT (sku) DO UPDATE SET stock_quantity = EXCLUDED.stock_quantity, size = EXCLUDED.size, active = EXCLUDED.active;
INSERT INTO prices (variant_id, amount, currency) SELECT id, 4900, 'Br' FROM product_variants WHERE sku = 'SKU-67412' AND NOT EXISTS (SELECT 1 FROM prices WHERE variant_id = product_variants.id);
INSERT INTO product_images (product_id, url, position) VALUES (365, '/images/365/img_2985.jpg', 0) ON CONFLICT DO NOTHING;
INSERT INTO products (id, title, slug, description, thumbnail, active, base_price) VALUES (366, 'Fire Red Scatter Mini Dress', 'fire-red-scatter-mini-dress', '', '/images/366/img_2974-2.jpg', True, 5400) ON CONFLICT (id) DO UPDATE SET title = EXCLUDED.title, slug = EXCLUDED.slug, description = EXCLUDED.description, thumbnail = EXCLUDED.thumbnail, active = EXCLUDED.active, base_price = EXCLUDED.base_price;
INSERT INTO product_variants (product_id, sku, size, color, stock_quantity, price_adjustment, active, image) VALUES (366, 'SKU-67444', 'DRESS S', NULL, 1, 0, true, NULL) ON CONFLICT (sku) DO UPDATE SET stock_quantity = EXCLUDED.stock_quantity, size = EXCLUDED.size, active = EXCLUDED.active;
INSERT INTO prices (variant_id, amount, currency) SELECT id, 5400, 'Br' FROM product_variants WHERE sku = 'SKU-67444' AND NOT EXISTS (SELECT 1 FROM prices WHERE variant_id = product_variants.id);
INSERT INTO product_variants (product_id, sku, size, color, stock_quantity, price_adjustment, active, image) VALUES (366, 'SKU-67445', 'DRESS M', NULL, 1, 0, true, NULL) ON CONFLICT (sku) DO UPDATE SET stock_quantity = EXCLUDED.stock_quantity, size = EXCLUDED.size, active = EXCLUDED.active;
INSERT INTO prices (variant_id, amount, currency) SELECT id, 5400, 'Br' FROM product_variants WHERE sku = 'SKU-67445' AND NOT EXISTS (SELECT 1 FROM prices WHERE variant_id = product_variants.id);
INSERT INTO product_variants (product_id, sku, size, color, stock_quantity, price_adjustment, active, image) VALUES (366, 'SKU-67446', 'DRESS L', NULL, 1, 0, true, NULL) ON CONFLICT (sku) DO UPDATE SET stock_quantity = EXCLUDED.stock_quantity, size = EXCLUDED.size, active = EXCLUDED.active;
INSERT INTO prices (variant_id, amount, currency) SELECT id, 5400, 'Br' FROM product_variants WHERE sku = 'SKU-67446' AND NOT EXISTS (SELECT 1 FROM prices WHERE variant_id = product_variants.id);
INSERT INTO product_images (product_id, url, position) VALUES (366, '/images/366/img_2974-2.jpg', 0) ON CONFLICT DO NOTHING;
INSERT INTO product_images (product_id, url, position) VALUES (366, '/images/366/img_2973-2.jpg', 1) ON CONFLICT DO NOTHING;
INSERT INTO product_images (product_id, url, position) VALUES (366, '/images/366/img_2975.jpg', 2) ON CONFLICT DO NOTHING;
INSERT INTO products (id, title, slug, description, thumbnail, active, base_price) VALUES (367, 'Red Long-Sleeve Mini Party Dress', 'red-long-sleeve-mini-party-dress', '', '/images/367/img_2962-2.jpg', True, 5400) ON CONFLICT (id) DO UPDATE SET title = EXCLUDED.title, slug = EXCLUDED.slug, description = EXCLUDED.description, thumbnail = EXCLUDED.thumbnail, active = EXCLUDED.active, base_price = EXCLUDED.base_price;
INSERT INTO product_variants (product_id, sku, size, color, stock_quantity, price_adjustment, active, image) VALUES (367, 'SKU-67419', 'DRESS S', NULL, 1, 0, true, NULL) ON CONFLICT (sku) DO UPDATE SET stock_quantity = EXCLUDED.stock_quantity, size = EXCLUDED.size, active = EXCLUDED.active;
INSERT INTO prices (variant_id, amount, currency) SELECT id, 5400, 'Br' FROM product_variants WHERE sku = 'SKU-67419' AND NOT EXISTS (SELECT 1 FROM prices WHERE variant_id = product_variants.id);
INSERT INTO product_variants (product_id, sku, size, color, stock_quantity, price_adjustment, active, image) VALUES (367, 'SKU-67420', 'DRESS M', NULL, 1, 0, true, NULL) ON CONFLICT (sku) DO UPDATE SET stock_quantity = EXCLUDED.stock_quantity, size = EXCLUDED.size, active = EXCLUDED.active;
INSERT INTO prices (variant_id, amount, currency) SELECT id, 5400, 'Br' FROM product_variants WHERE sku = 'SKU-67420' AND NOT EXISTS (SELECT 1 FROM prices WHERE variant_id = product_variants.id);
INSERT INTO product_variants (product_id, sku, size, color, stock_quantity, price_adjustment, active, image) VALUES (367, 'SKU-67421', 'DRESS L', NULL, 1, 0, true, NULL) ON CONFLICT (sku) DO UPDATE SET stock_quantity = EXCLUDED.stock_quantity, size = EXCLUDED.size, active = EXCLUDED.active;
INSERT INTO prices (variant_id, amount, currency) SELECT id, 5400, 'Br' FROM product_variants WHERE sku = 'SKU-67421' AND NOT EXISTS (SELECT 1 FROM prices WHERE variant_id = product_variants.id);
INSERT INTO product_images (product_id, url, position) VALUES (367, '/images/367/img_2962-2.jpg', 0) ON CONFLICT DO NOTHING;
INSERT INTO product_images (product_id, url, position) VALUES (367, '/images/367/img_2963-2.jpg', 1) ON CONFLICT DO NOTHING;
INSERT INTO products (id, title, slug, description, thumbnail, active, base_price) VALUES (368, 'Black Off-Shoulder Evening Gown', 'black-off-shoulder-evening-gown', '', '/images/368/img_2971-2.jpg', True, 5900) ON CONFLICT (id) DO UPDATE SET title = EXCLUDED.title, slug = EXCLUDED.slug, description = EXCLUDED.description, thumbnail = EXCLUDED.thumbnail, active = EXCLUDED.active, base_price = EXCLUDED.base_price;
INSERT INTO product_variants (product_id, sku, size, color, stock_quantity, price_adjustment, active, image) VALUES (368, 'SKU-67422', 'DRESS S', NULL, 1, 0, true, NULL) ON CONFLICT (sku) DO UPDATE SET stock_quantity = EXCLUDED.stock_quantity, size = EXCLUDED.size, active = EXCLUDED.active;
INSERT INTO prices (variant_id, amount, currency) SELECT id, 5900, 'Br' FROM product_variants WHERE sku = 'SKU-67422' AND NOT EXISTS (SELECT 1 FROM prices WHERE variant_id = product_variants.id);
INSERT INTO product_variants (product_id, sku, size, color, stock_quantity, price_adjustment, active, image) VALUES (368, 'SKU-67423', 'DRESS M', NULL, 1, 0, true, NULL) ON CONFLICT (sku) DO UPDATE SET stock_quantity = EXCLUDED.stock_quantity, size = EXCLUDED.size, active = EXCLUDED.active;
INSERT INTO prices (variant_id, amount, currency) SELECT id, 5900, 'Br' FROM product_variants WHERE sku = 'SKU-67423' AND NOT EXISTS (SELECT 1 FROM prices WHERE variant_id = product_variants.id);
INSERT INTO product_variants (product_id, sku, size, color, stock_quantity, price_adjustment, active, image) VALUES (368, 'SKU-67424', 'DRESS L', NULL, 1, 0, true, NULL) ON CONFLICT (sku) DO UPDATE SET stock_quantity = EXCLUDED.stock_quantity, size = EXCLUDED.size, active = EXCLUDED.active;
INSERT INTO prices (variant_id, amount, currency) SELECT id, 5900, 'Br' FROM product_variants WHERE sku = 'SKU-67424' AND NOT EXISTS (SELECT 1 FROM prices WHERE variant_id = product_variants.id);
INSERT INTO product_images (product_id, url, position) VALUES (368, '/images/368/img_2971-2.jpg', 0) ON CONFLICT DO NOTHING;
INSERT INTO product_images (product_id, url, position) VALUES (368, '/images/368/img_2972-2.jpg', 1) ON CONFLICT DO NOTHING;
INSERT INTO product_images (product_id, url, position) VALUES (368, '/images/368/img_2970-2.jpg', 2) ON CONFLICT DO NOTHING;
INSERT INTO products (id, title, slug, description, thumbnail, active, base_price) VALUES (369, 'Cream Satin Long-Sleeve Mini Dress', 'cream-satin-long-sleeve-mini-dress', '', '/images/369/img_2955-2.jpg', True, 4600) ON CONFLICT (id) DO UPDATE SET title = EXCLUDED.title, slug = EXCLUDED.slug, description = EXCLUDED.description, thumbnail = EXCLUDED.thumbnail, active = EXCLUDED.active, base_price = EXCLUDED.base_price;
INSERT INTO product_variants (product_id, sku, size, color, stock_quantity, price_adjustment, active, image) VALUES (369, 'SKU-67428', 'DRESS S', NULL, 1, 0, true, NULL) ON CONFLICT (sku) DO UPDATE SET stock_quantity = EXCLUDED.stock_quantity, size = EXCLUDED.size, active = EXCLUDED.active;
INSERT INTO prices (variant_id, amount, currency) SELECT id, 4600, 'Br' FROM product_variants WHERE sku = 'SKU-67428' AND NOT EXISTS (SELECT 1 FROM prices WHERE variant_id = product_variants.id);
INSERT INTO product_variants (product_id, sku, size, color, stock_quantity, price_adjustment, active, image) VALUES (369, 'SKU-67429', 'DRESS M', NULL, 1, 0, true, NULL) ON CONFLICT (sku) DO UPDATE SET stock_quantity = EXCLUDED.stock_quantity, size = EXCLUDED.size, active = EXCLUDED.active;
INSERT INTO prices (variant_id, amount, currency) SELECT id, 4600, 'Br' FROM product_variants WHERE sku = 'SKU-67429' AND NOT EXISTS (SELECT 1 FROM prices WHERE variant_id = product_variants.id);
INSERT INTO product_variants (product_id, sku, size, color, stock_quantity, price_adjustment, active, image) VALUES (369, 'SKU-67430', 'DRESS L', NULL, 1, 0, true, NULL) ON CONFLICT (sku) DO UPDATE SET stock_quantity = EXCLUDED.stock_quantity, size = EXCLUDED.size, active = EXCLUDED.active;
INSERT INTO prices (variant_id, amount, currency) SELECT id, 4600, 'Br' FROM product_variants WHERE sku = 'SKU-67430' AND NOT EXISTS (SELECT 1 FROM prices WHERE variant_id = product_variants.id);
INSERT INTO product_images (product_id, url, position) VALUES (369, '/images/369/img_2955-2.jpg', 0) ON CONFLICT DO NOTHING;
INSERT INTO product_images (product_id, url, position) VALUES (369, '/images/369/img_2953-2.jpg', 1) ON CONFLICT DO NOTHING;
INSERT INTO product_images (product_id, url, position) VALUES (369, '/images/369/img_2954-2.jpg', 2) ON CONFLICT DO NOTHING;
INSERT INTO product_images (product_id, url, position) VALUES (369, '/images/369/img_2956-2.jpg', 3) ON CONFLICT DO NOTHING;
INSERT INTO products (id, title, slug, description, thumbnail, active, base_price) VALUES (370, 'Black Long-Sleeve Maxi Dress', 'black-long-sleeve-maxi-dress', '', '/images/370/img_3034.jpg', True, 4900) ON CONFLICT (id) DO UPDATE SET title = EXCLUDED.title, slug = EXCLUDED.slug, description = EXCLUDED.description, thumbnail = EXCLUDED.thumbnail, active = EXCLUDED.active, base_price = EXCLUDED.base_price;
INSERT INTO product_variants (product_id, sku, size, color, stock_quantity, price_adjustment, active, image) VALUES (370, 'SKU-67463', 'DRESS M', NULL, 1, 0, true, NULL) ON CONFLICT (sku) DO UPDATE SET stock_quantity = EXCLUDED.stock_quantity, size = EXCLUDED.size, active = EXCLUDED.active;
INSERT INTO prices (variant_id, amount, currency) SELECT id, 4900, 'Br' FROM product_variants WHERE sku = 'SKU-67463' AND NOT EXISTS (SELECT 1 FROM prices WHERE variant_id = product_variants.id);
INSERT INTO product_variants (product_id, sku, size, color, stock_quantity, price_adjustment, active, image) VALUES (370, 'SKU-67464', 'DRESS L', NULL, 1, 0, true, NULL) ON CONFLICT (sku) DO UPDATE SET stock_quantity = EXCLUDED.stock_quantity, size = EXCLUDED.size, active = EXCLUDED.active;
INSERT INTO prices (variant_id, amount, currency) SELECT id, 4900, 'Br' FROM product_variants WHERE sku = 'SKU-67464' AND NOT EXISTS (SELECT 1 FROM prices WHERE variant_id = product_variants.id);
INSERT INTO product_variants (product_id, sku, size, color, stock_quantity, price_adjustment, active, image) VALUES (370, 'SKU-67462', 'DRESS S', NULL, 1, 0, true, NULL) ON CONFLICT (sku) DO UPDATE SET stock_quantity = EXCLUDED.stock_quantity, size = EXCLUDED.size, active = EXCLUDED.active;
INSERT INTO prices (variant_id, amount, currency) SELECT id, 4900, 'Br' FROM product_variants WHERE sku = 'SKU-67462' AND NOT EXISTS (SELECT 1 FROM prices WHERE variant_id = product_variants.id);
INSERT INTO product_images (product_id, url, position) VALUES (370, '/images/370/img_3034.jpg', 0) ON CONFLICT DO NOTHING;
INSERT INTO products (id, title, slug, description, thumbnail, active, base_price) VALUES (371, 'Navy Two-Piece Blazer and Pants Set', 'navy-two-piece-blazer-and-pants-set', '', '/images/371/img_3023.jpg', True, 6800) ON CONFLICT (id) DO UPDATE SET title = EXCLUDED.title, slug = EXCLUDED.slug, description = EXCLUDED.description, thumbnail = EXCLUDED.thumbnail, active = EXCLUDED.active, base_price = EXCLUDED.base_price;
INSERT INTO product_variants (product_id, sku, size, color, stock_quantity, price_adjustment, active, image) VALUES (371, 'SKU-67459', 'SET FREE', NULL, 1, 0, true, NULL) ON CONFLICT (sku) DO UPDATE SET stock_quantity = EXCLUDED.stock_quantity, size = EXCLUDED.size, active = EXCLUDED.active;
INSERT INTO prices (variant_id, amount, currency) SELECT id, 6800, 'Br' FROM product_variants WHERE sku = 'SKU-67459' AND NOT EXISTS (SELECT 1 FROM prices WHERE variant_id = product_variants.id);
INSERT INTO product_images (product_id, url, position) VALUES (371, '/images/371/img_3023.jpg', 0) ON CONFLICT DO NOTHING;
INSERT INTO product_images (product_id, url, position) VALUES (371, '/images/371/img_3024.jpg', 1) ON CONFLICT DO NOTHING;
INSERT INTO products (id, title, slug, description, thumbnail, active, base_price) VALUES (372, 'Lace Skirt and Tube Dress Set - Black', 'lace-skirt-and-tube-dress-set-black', '', '/images/372/img_2925__02.jpg', True, 5900) ON CONFLICT (id) DO UPDATE SET title = EXCLUDED.title, slug = EXCLUDED.slug, description = EXCLUDED.description, thumbnail = EXCLUDED.thumbnail, active = EXCLUDED.active, base_price = EXCLUDED.base_price;
INSERT INTO product_variants (product_id, sku, size, color, stock_quantity, price_adjustment, active, image) VALUES (372, 'SKU-67441', 'DRESS S', NULL, 1, 0, true, NULL) ON CONFLICT (sku) DO UPDATE SET stock_quantity = EXCLUDED.stock_quantity, size = EXCLUDED.size, active = EXCLUDED.active;
INSERT INTO prices (variant_id, amount, currency) SELECT id, 5900, 'Br' FROM product_variants WHERE sku = 'SKU-67441' AND NOT EXISTS (SELECT 1 FROM prices WHERE variant_id = product_variants.id);
INSERT INTO product_variants (product_id, sku, size, color, stock_quantity, price_adjustment, active, image) VALUES (372, 'SKU-67442', 'DRESS M', NULL, 1, 0, true, NULL) ON CONFLICT (sku) DO UPDATE SET stock_quantity = EXCLUDED.stock_quantity, size = EXCLUDED.size, active = EXCLUDED.active;
INSERT INTO prices (variant_id, amount, currency) SELECT id, 5900, 'Br' FROM product_variants WHERE sku = 'SKU-67442' AND NOT EXISTS (SELECT 1 FROM prices WHERE variant_id = product_variants.id);
INSERT INTO product_variants (product_id, sku, size, color, stock_quantity, price_adjustment, active, image) VALUES (372, 'SKU-67443', 'DRESS L', NULL, 1, 0, true, NULL) ON CONFLICT (sku) DO UPDATE SET stock_quantity = EXCLUDED.stock_quantity, size = EXCLUDED.size, active = EXCLUDED.active;
INSERT INTO prices (variant_id, amount, currency) SELECT id, 5900, 'Br' FROM product_variants WHERE sku = 'SKU-67443' AND NOT EXISTS (SELECT 1 FROM prices WHERE variant_id = product_variants.id);
INSERT INTO product_images (product_id, url, position) VALUES (372, '/images/372/img_2925__02.jpg', 0) ON CONFLICT DO NOTHING;
INSERT INTO product_images (product_id, url, position) VALUES (372, '/images/372/img_2924-2.jpg', 1) ON CONFLICT DO NOTHING;
INSERT INTO product_images (product_id, url, position) VALUES (372, '/images/372/img_2926-2.jpg', 2) ON CONFLICT DO NOTHING;
INSERT INTO products (id, title, slug, description, thumbnail, active, base_price) VALUES (373, 'Black White Strip Cropped Jacket ', 'black-white-strip-cropped-jacket', '', '/images/373/img_2997-2.jpg', True, 4400) ON CONFLICT (id) DO UPDATE SET title = EXCLUDED.title, slug = EXCLUDED.slug, description = EXCLUDED.description, thumbnail = EXCLUDED.thumbnail, active = EXCLUDED.active, base_price = EXCLUDED.base_price;
INSERT INTO product_variants (product_id, sku, size, color, stock_quantity, price_adjustment, active, image) VALUES (373, 'SKU-67465', 'DRESS S', NULL, 1, 0, true, NULL) ON CONFLICT (sku) DO UPDATE SET stock_quantity = EXCLUDED.stock_quantity, size = EXCLUDED.size, active = EXCLUDED.active;
INSERT INTO prices (variant_id, amount, currency) SELECT id, 4400, 'Br' FROM product_variants WHERE sku = 'SKU-67465' AND NOT EXISTS (SELECT 1 FROM prices WHERE variant_id = product_variants.id);
INSERT INTO product_variants (product_id, sku, size, color, stock_quantity, price_adjustment, active, image) VALUES (373, 'SKU-67466', 'DRESS M', NULL, 1, 0, true, NULL) ON CONFLICT (sku) DO UPDATE SET stock_quantity = EXCLUDED.stock_quantity, size = EXCLUDED.size, active = EXCLUDED.active;
INSERT INTO prices (variant_id, amount, currency) SELECT id, 4400, 'Br' FROM product_variants WHERE sku = 'SKU-67466' AND NOT EXISTS (SELECT 1 FROM prices WHERE variant_id = product_variants.id);
INSERT INTO product_variants (product_id, sku, size, color, stock_quantity, price_adjustment, active, image) VALUES (373, 'SKU-67467', 'DRESS L', NULL, 1, 0, true, NULL) ON CONFLICT (sku) DO UPDATE SET stock_quantity = EXCLUDED.stock_quantity, size = EXCLUDED.size, active = EXCLUDED.active;
INSERT INTO prices (variant_id, amount, currency) SELECT id, 4400, 'Br' FROM product_variants WHERE sku = 'SKU-67467' AND NOT EXISTS (SELECT 1 FROM prices WHERE variant_id = product_variants.id);
INSERT INTO product_variants (product_id, sku, size, color, stock_quantity, price_adjustment, active, image) VALUES (373, 'SKU-67468', 'DRESS XL', NULL, 1, 0, true, NULL) ON CONFLICT (sku) DO UPDATE SET stock_quantity = EXCLUDED.stock_quantity, size = EXCLUDED.size, active = EXCLUDED.active;
INSERT INTO prices (variant_id, amount, currency) SELECT id, 4400, 'Br' FROM product_variants WHERE sku = 'SKU-67468' AND NOT EXISTS (SELECT 1 FROM prices WHERE variant_id = product_variants.id);
INSERT INTO product_images (product_id, url, position) VALUES (373, '/images/373/img_2997-2.jpg', 0) ON CONFLICT DO NOTHING;
INSERT INTO product_images (product_id, url, position) VALUES (373, '/images/373/img_2996.jpg', 1) ON CONFLICT DO NOTHING;
INSERT INTO products (id, title, slug, description, thumbnail, active, base_price) VALUES (374, 'Classic Medium Blue Wash High-Waisted Wide Leg Jeans', 'classic-medium-blue-wash-high-waisted-wide-leg-jeans', '', '/images/374/img_2849-2.jpg', True, 5400) ON CONFLICT (id) DO UPDATE SET title = EXCLUDED.title, slug = EXCLUDED.slug, description = EXCLUDED.description, thumbnail = EXCLUDED.thumbnail, active = EXCLUDED.active, base_price = EXCLUDED.base_price;
INSERT INTO product_variants (product_id, sku, size, color, stock_quantity, price_adjustment, active, image) VALUES (374, 'SKU-67320', 'JEANS S', NULL, 1, 0, true, NULL) ON CONFLICT (sku) DO UPDATE SET stock_quantity = EXCLUDED.stock_quantity, size = EXCLUDED.size, active = EXCLUDED.active;
INSERT INTO prices (variant_id, amount, currency) SELECT id, 5400, 'Br' FROM product_variants WHERE sku = 'SKU-67320' AND NOT EXISTS (SELECT 1 FROM prices WHERE variant_id = product_variants.id);
INSERT INTO product_variants (product_id, sku, size, color, stock_quantity, price_adjustment, active, image) VALUES (374, 'SKU-67321', 'JEANS M', NULL, 1, 0, true, NULL) ON CONFLICT (sku) DO UPDATE SET stock_quantity = EXCLUDED.stock_quantity, size = EXCLUDED.size, active = EXCLUDED.active;
INSERT INTO prices (variant_id, amount, currency) SELECT id, 5400, 'Br' FROM product_variants WHERE sku = 'SKU-67321' AND NOT EXISTS (SELECT 1 FROM prices WHERE variant_id = product_variants.id);
INSERT INTO product_variants (product_id, sku, size, color, stock_quantity, price_adjustment, active, image) VALUES (374, 'SKU-67322', 'JEANS L', NULL, 1, 0, true, NULL) ON CONFLICT (sku) DO UPDATE SET stock_quantity = EXCLUDED.stock_quantity, size = EXCLUDED.size, active = EXCLUDED.active;
INSERT INTO prices (variant_id, amount, currency) SELECT id, 5400, 'Br' FROM product_variants WHERE sku = 'SKU-67322' AND NOT EXISTS (SELECT 1 FROM prices WHERE variant_id = product_variants.id);
INSERT INTO product_images (product_id, url, position) VALUES (374, '/images/374/img_2849-2.jpg', 0) ON CONFLICT DO NOTHING;
INSERT INTO product_images (product_id, url, position) VALUES (374, '/images/374/img_2848__02.jpg', 1) ON CONFLICT DO NOTHING;
INSERT INTO products (id, title, slug, description, thumbnail, active, base_price) VALUES (375, 'test', 'test-6', '', '/images/375/img_3100.jpg', True, 1000) ON CONFLICT (id) DO UPDATE SET title = EXCLUDED.title, slug = EXCLUDED.slug, description = EXCLUDED.description, thumbnail = EXCLUDED.thumbnail, active = EXCLUDED.active, base_price = EXCLUDED.base_price;
INSERT INTO product_variants (product_id, sku, size, color, stock_quantity, price_adjustment, active, image) VALUES (375, 'SKU-67480', 'test', NULL, 1, 0, true, NULL) ON CONFLICT (sku) DO UPDATE SET stock_quantity = EXCLUDED.stock_quantity, size = EXCLUDED.size, active = EXCLUDED.active;
INSERT INTO prices (variant_id, amount, currency) SELECT id, 1000, 'Br' FROM product_variants WHERE sku = 'SKU-67480' AND NOT EXISTS (SELECT 1 FROM prices WHERE variant_id = product_variants.id);
INSERT INTO product_images (product_id, url, position) VALUES (375, '/images/375/img_3100.jpg', 0) ON CONFLICT DO NOTHING;
INSERT INTO products (id, title, slug, description, thumbnail, active, base_price) VALUES (376, 'Vintage Lettering High-Waist Denim Pants', 'vintage-lettering-high-waist-denim-pants', '', '/images/376/img_0808.jpeg', True, 5400) ON CONFLICT (id) DO UPDATE SET title = EXCLUDED.title, slug = EXCLUDED.slug, description = EXCLUDED.description, thumbnail = EXCLUDED.thumbnail, active = EXCLUDED.active, base_price = EXCLUDED.base_price;
INSERT INTO product_variants (product_id, sku, size, color, stock_quantity, price_adjustment, active, image) VALUES (376, 'SKU-66798', 'geans2 L', NULL, 1, 0, true, NULL) ON CONFLICT (sku) DO UPDATE SET stock_quantity = EXCLUDED.stock_quantity, size = EXCLUDED.size, active = EXCLUDED.active;
INSERT INTO prices (variant_id, amount, currency) SELECT id, 5400, 'Br' FROM product_variants WHERE sku = 'SKU-66798' AND NOT EXISTS (SELECT 1 FROM prices WHERE variant_id = product_variants.id);
INSERT INTO product_variants (product_id, sku, size, color, stock_quantity, price_adjustment, active, image) VALUES (376, 'SKU-66799', 'geans2 XL', NULL, 1, 0, true, NULL) ON CONFLICT (sku) DO UPDATE SET stock_quantity = EXCLUDED.stock_quantity, size = EXCLUDED.size, active = EXCLUDED.active;
INSERT INTO prices (variant_id, amount, currency) SELECT id, 5400, 'Br' FROM product_variants WHERE sku = 'SKU-66799' AND NOT EXISTS (SELECT 1 FROM prices WHERE variant_id = product_variants.id);
INSERT INTO product_variants (product_id, sku, size, color, stock_quantity, price_adjustment, active, image) VALUES (376, 'SKU-66800', 'geans2 3XL', NULL, 1, 0, true, NULL) ON CONFLICT (sku) DO UPDATE SET stock_quantity = EXCLUDED.stock_quantity, size = EXCLUDED.size, active = EXCLUDED.active;
INSERT INTO prices (variant_id, amount, currency) SELECT id, 5400, 'Br' FROM product_variants WHERE sku = 'SKU-66800' AND NOT EXISTS (SELECT 1 FROM prices WHERE variant_id = product_variants.id);
INSERT INTO product_images (product_id, url, position) VALUES (376, '/images/376/img_0808.jpeg', 0) ON CONFLICT DO NOTHING;
INSERT INTO product_images (product_id, url, position) VALUES (376, '/images/376/img_0810.jpeg', 1) ON CONFLICT DO NOTHING;
INSERT INTO products (id, title, slug, description, thumbnail, active, base_price) VALUES (377, 'Bershka Matte Stiletto Pumps in Crimson', 'bershka-matte-stiletto-pumps-in-crimson', '', '/images/377/img_0794.jpeg', True, 5900) ON CONFLICT (id) DO UPDATE SET title = EXCLUDED.title, slug = EXCLUDED.slug, description = EXCLUDED.description, thumbnail = EXCLUDED.thumbnail, active = EXCLUDED.active, base_price = EXCLUDED.base_price;
INSERT INTO product_variants (product_id, sku, size, color, stock_quantity, price_adjustment, active, image) VALUES (377, 'SKU-66791', 'heel2 35', NULL, 1, 0, true, NULL) ON CONFLICT (sku) DO UPDATE SET stock_quantity = EXCLUDED.stock_quantity, size = EXCLUDED.size, active = EXCLUDED.active;
INSERT INTO prices (variant_id, amount, currency) SELECT id, 5900, 'Br' FROM product_variants WHERE sku = 'SKU-66791' AND NOT EXISTS (SELECT 1 FROM prices WHERE variant_id = product_variants.id);
INSERT INTO product_variants (product_id, sku, size, color, stock_quantity, price_adjustment, active, image) VALUES (377, 'SKU-66792', 'heel2 36', NULL, 1, 0, true, NULL) ON CONFLICT (sku) DO UPDATE SET stock_quantity = EXCLUDED.stock_quantity, size = EXCLUDED.size, active = EXCLUDED.active;
INSERT INTO prices (variant_id, amount, currency) SELECT id, 5900, 'Br' FROM product_variants WHERE sku = 'SKU-66792' AND NOT EXISTS (SELECT 1 FROM prices WHERE variant_id = product_variants.id);
INSERT INTO product_variants (product_id, sku, size, color, stock_quantity, price_adjustment, active, image) VALUES (377, 'SKU-66793', 'heel2 37', NULL, 1, 0, true, NULL) ON CONFLICT (sku) DO UPDATE SET stock_quantity = EXCLUDED.stock_quantity, size = EXCLUDED.size, active = EXCLUDED.active;
INSERT INTO prices (variant_id, amount, currency) SELECT id, 5900, 'Br' FROM product_variants WHERE sku = 'SKU-66793' AND NOT EXISTS (SELECT 1 FROM prices WHERE variant_id = product_variants.id);
INSERT INTO product_variants (product_id, sku, size, color, stock_quantity, price_adjustment, active, image) VALUES (377, 'SKU-66794', 'heel2 38', NULL, 1, 0, true, NULL) ON CONFLICT (sku) DO UPDATE SET stock_quantity = EXCLUDED.stock_quantity, size = EXCLUDED.size, active = EXCLUDED.active;
INSERT INTO prices (variant_id, amount, currency) SELECT id, 5900, 'Br' FROM product_variants WHERE sku = 'SKU-66794' AND NOT EXISTS (SELECT 1 FROM prices WHERE variant_id = product_variants.id);
INSERT INTO product_variants (product_id, sku, size, color, stock_quantity, price_adjustment, active, image) VALUES (377, 'SKU-66795', 'heel2 39', NULL, 1, 0, true, NULL) ON CONFLICT (sku) DO UPDATE SET stock_quantity = EXCLUDED.stock_quantity, size = EXCLUDED.size, active = EXCLUDED.active;
INSERT INTO prices (variant_id, amount, currency) SELECT id, 5900, 'Br' FROM product_variants WHERE sku = 'SKU-66795' AND NOT EXISTS (SELECT 1 FROM prices WHERE variant_id = product_variants.id);
INSERT INTO product_images (product_id, url, position) VALUES (377, '/images/377/img_0794.jpeg', 0) ON CONFLICT DO NOTHING;
INSERT INTO product_images (product_id, url, position) VALUES (377, '/images/377/img_0795.jpeg', 1) ON CONFLICT DO NOTHING;
INSERT INTO product_images (product_id, url, position) VALUES (377, '/images/377/img_0796.jpeg', 2) ON CONFLICT DO NOTHING;
INSERT INTO product_images (product_id, url, position) VALUES (377, '/images/377/img_0797.jpeg', 3) ON CONFLICT DO NOTHING;
INSERT INTO products (id, title, slug, description, thumbnail, active, base_price) VALUES (378, 'Sleeveless Knit Mini Dress with Contrast Trim', 'sleeveless-knit-mini-dress-with-contrast-trim', '', '/images/378/img_1183.jpeg', True, 4900) ON CONFLICT (id) DO UPDATE SET title = EXCLUDED.title, slug = EXCLUDED.slug, description = EXCLUDED.description, thumbnail = EXCLUDED.thumbnail, active = EXCLUDED.active, base_price = EXCLUDED.base_price;
INSERT INTO product_variants (product_id, sku, size, color, stock_quantity, price_adjustment, active, image) VALUES (378, 'SKU-66844', 'dress FREE', NULL, 1, 0, true, NULL) ON CONFLICT (sku) DO UPDATE SET stock_quantity = EXCLUDED.stock_quantity, size = EXCLUDED.size, active = EXCLUDED.active;
INSERT INTO prices (variant_id, amount, currency) SELECT id, 4900, 'Br' FROM product_variants WHERE sku = 'SKU-66844' AND NOT EXISTS (SELECT 1 FROM prices WHERE variant_id = product_variants.id);
INSERT INTO product_images (product_id, url, position) VALUES (378, '/images/378/img_1183.jpeg', 0) ON CONFLICT DO NOTHING;
INSERT INTO product_images (product_id, url, position) VALUES (378, '/images/378/img_1184.jpeg', 1) ON CONFLICT DO NOTHING;
INSERT INTO product_images (product_id, url, position) VALUES (378, '/images/378/img_1185.jpeg', 2) ON CONFLICT DO NOTHING;
INSERT INTO products (id, title, slug, description, thumbnail, active, base_price) VALUES (379, 'Casual Cotton Cap with Simple V Stitch Design Hat - Brown', 'casual-cotton-cap-with-simple-v-stitch-design-hat-brown', '', '/images/379/img_1169.jpeg', True, 1900) ON CONFLICT (id) DO UPDATE SET title = EXCLUDED.title, slug = EXCLUDED.slug, description = EXCLUDED.description, thumbnail = EXCLUDED.thumbnail, active = EXCLUDED.active, base_price = EXCLUDED.base_price;
INSERT INTO product_variants (product_id, sku, size, color, stock_quantity, price_adjustment, active, image) VALUES (379, 'SKU-66840', 'cap', NULL, 1, 0, true, NULL) ON CONFLICT (sku) DO UPDATE SET stock_quantity = EXCLUDED.stock_quantity, size = EXCLUDED.size, active = EXCLUDED.active;
INSERT INTO prices (variant_id, amount, currency) SELECT id, 1900, 'Br' FROM product_variants WHERE sku = 'SKU-66840' AND NOT EXISTS (SELECT 1 FROM prices WHERE variant_id = product_variants.id);
INSERT INTO product_images (product_id, url, position) VALUES (379, '/images/379/img_1169.jpeg', 0) ON CONFLICT DO NOTHING;
INSERT INTO products (id, title, slug, description, thumbnail, active, base_price) VALUES (380, 'Zara Gold Textured Slide Sandals Flat', 'zara-gold-textured-slide-sandals-flat', '', '/images/380/img_0422.jpeg', True, 4800) ON CONFLICT (id) DO UPDATE SET title = EXCLUDED.title, slug = EXCLUDED.slug, description = EXCLUDED.description, thumbnail = EXCLUDED.thumbnail, active = EXCLUDED.active, base_price = EXCLUDED.base_price;
INSERT INTO product_variants (product_id, sku, size, color, stock_quantity, price_adjustment, active, image) VALUES (380, 'SKU-66770', 'flat 35', NULL, 1, 0, true, NULL) ON CONFLICT (sku) DO UPDATE SET stock_quantity = EXCLUDED.stock_quantity, size = EXCLUDED.size, active = EXCLUDED.active;
INSERT INTO prices (variant_id, amount, currency) SELECT id, 4800, 'Br' FROM product_variants WHERE sku = 'SKU-66770' AND NOT EXISTS (SELECT 1 FROM prices WHERE variant_id = product_variants.id);
INSERT INTO product_variants (product_id, sku, size, color, stock_quantity, price_adjustment, active, image) VALUES (380, 'SKU-66771', 'flat 38', NULL, 1, 0, true, NULL) ON CONFLICT (sku) DO UPDATE SET stock_quantity = EXCLUDED.stock_quantity, size = EXCLUDED.size, active = EXCLUDED.active;
INSERT INTO prices (variant_id, amount, currency) SELECT id, 4800, 'Br' FROM product_variants WHERE sku = 'SKU-66771' AND NOT EXISTS (SELECT 1 FROM prices WHERE variant_id = product_variants.id);
INSERT INTO product_images (product_id, url, position) VALUES (380, '/images/380/img_0422.jpeg', 0) ON CONFLICT DO NOTHING;
INSERT INTO product_images (product_id, url, position) VALUES (380, '/images/380/img_0354.jpeg', 1) ON CONFLICT DO NOTHING;
INSERT INTO products (id, title, slug, description, thumbnail, active, base_price) VALUES (381, 'Forever 21 Active Wear High Quality Jumpsuit - Cream', 'jumpsuit-5', '', '/images/381/img_1297.jpeg', True, 5900) ON CONFLICT (id) DO UPDATE SET title = EXCLUDED.title, slug = EXCLUDED.slug, description = EXCLUDED.description, thumbnail = EXCLUDED.thumbnail, active = EXCLUDED.active, base_price = EXCLUDED.base_price;
INSERT INTO product_variants (product_id, sku, size, color, stock_quantity, price_adjustment, active, image) VALUES (381, 'SKU-66847', 'jumpsuit S', NULL, 1, 0, true, NULL) ON CONFLICT (sku) DO UPDATE SET stock_quantity = EXCLUDED.stock_quantity, size = EXCLUDED.size, active = EXCLUDED.active;
INSERT INTO prices (variant_id, amount, currency) SELECT id, 5900, 'Br' FROM product_variants WHERE sku = 'SKU-66847' AND NOT EXISTS (SELECT 1 FROM prices WHERE variant_id = product_variants.id);
INSERT INTO product_variants (product_id, sku, size, color, stock_quantity, price_adjustment, active, image) VALUES (381, 'SKU-66848', 'jumpsuit L', NULL, 1, 0, true, NULL) ON CONFLICT (sku) DO UPDATE SET stock_quantity = EXCLUDED.stock_quantity, size = EXCLUDED.size, active = EXCLUDED.active;
INSERT INTO prices (variant_id, amount, currency) SELECT id, 5900, 'Br' FROM product_variants WHERE sku = 'SKU-66848' AND NOT EXISTS (SELECT 1 FROM prices WHERE variant_id = product_variants.id);
INSERT INTO product_variants (product_id, sku, size, color, stock_quantity, price_adjustment, active, image) VALUES (381, 'SKU-66849', 'jumpsuit XL', NULL, 1, 0, true, NULL) ON CONFLICT (sku) DO UPDATE SET stock_quantity = EXCLUDED.stock_quantity, size = EXCLUDED.size, active = EXCLUDED.active;
INSERT INTO prices (variant_id, amount, currency) SELECT id, 5900, 'Br' FROM product_variants WHERE sku = 'SKU-66849' AND NOT EXISTS (SELECT 1 FROM prices WHERE variant_id = product_variants.id);
INSERT INTO product_images (product_id, url, position) VALUES (381, '/images/381/img_1297.jpeg', 0) ON CONFLICT DO NOTHING;
INSERT INTO products (id, title, slug, description, thumbnail, active, base_price) VALUES (382, 'Olive Asymmetric Cutout Halter Top', 'olive-asymmetric-cutout-halter-top', '', '/images/382/photo_2025-06-28-18.37.25.jpg', True, 1900) ON CONFLICT (id) DO UPDATE SET title = EXCLUDED.title, slug = EXCLUDED.slug, description = EXCLUDED.description, thumbnail = EXCLUDED.thumbnail, active = EXCLUDED.active, base_price = EXCLUDED.base_price;
INSERT INTO product_variants (product_id, sku, size, color, stock_quantity, price_adjustment, active, image) VALUES (382, 'SKU-67191', 'TOP S', NULL, 1, 0, true, NULL) ON CONFLICT (sku) DO UPDATE SET stock_quantity = EXCLUDED.stock_quantity, size = EXCLUDED.size, active = EXCLUDED.active;
INSERT INTO prices (variant_id, amount, currency) SELECT id, 1900, 'Br' FROM product_variants WHERE sku = 'SKU-67191' AND NOT EXISTS (SELECT 1 FROM prices WHERE variant_id = product_variants.id);
INSERT INTO product_variants (product_id, sku, size, color, stock_quantity, price_adjustment, active, image) VALUES (382, 'SKU-67192', 'TOP M', NULL, 1, 0, true, NULL) ON CONFLICT (sku) DO UPDATE SET stock_quantity = EXCLUDED.stock_quantity, size = EXCLUDED.size, active = EXCLUDED.active;
INSERT INTO prices (variant_id, amount, currency) SELECT id, 1900, 'Br' FROM product_variants WHERE sku = 'SKU-67192' AND NOT EXISTS (SELECT 1 FROM prices WHERE variant_id = product_variants.id);
INSERT INTO product_variants (product_id, sku, size, color, stock_quantity, price_adjustment, active, image) VALUES (382, 'SKU-67193', 'TOP L', NULL, 1, 0, true, NULL) ON CONFLICT (sku) DO UPDATE SET stock_quantity = EXCLUDED.stock_quantity, size = EXCLUDED.size, active = EXCLUDED.active;
INSERT INTO prices (variant_id, amount, currency) SELECT id, 1900, 'Br' FROM product_variants WHERE sku = 'SKU-67193' AND NOT EXISTS (SELECT 1 FROM prices WHERE variant_id = product_variants.id);
INSERT INTO product_images (product_id, url, position) VALUES (382, '/images/382/photo_2025-06-28-18.37.25.jpg', 0) ON CONFLICT DO NOTHING;
INSERT INTO products (id, title, slug, description, thumbnail, active, base_price) VALUES (383, 'Forever 21 Active Wear High Quality Jumpsuit - Black', 'forever-21-active-wear-high-quality-jumpsuit-black-2', '', '/images/383/img_1619.jpeg', True, 5900) ON CONFLICT (id) DO UPDATE SET title = EXCLUDED.title, slug = EXCLUDED.slug, description = EXCLUDED.description, thumbnail = EXCLUDED.thumbnail, active = EXCLUDED.active, base_price = EXCLUDED.base_price;
INSERT INTO product_variants (product_id, sku, size, color, stock_quantity, price_adjustment, active, image) VALUES (383, 'SKU-66878', 'jump XS-S', NULL, 1, 0, true, NULL) ON CONFLICT (sku) DO UPDATE SET stock_quantity = EXCLUDED.stock_quantity, size = EXCLUDED.size, active = EXCLUDED.active;
INSERT INTO prices (variant_id, amount, currency) SELECT id, 5900, 'Br' FROM product_variants WHERE sku = 'SKU-66878' AND NOT EXISTS (SELECT 1 FROM prices WHERE variant_id = product_variants.id);
INSERT INTO product_variants (product_id, sku, size, color, stock_quantity, price_adjustment, active, image) VALUES (383, 'SKU-66879', 'jump L-XL', NULL, 1, 0, true, NULL) ON CONFLICT (sku) DO UPDATE SET stock_quantity = EXCLUDED.stock_quantity, size = EXCLUDED.size, active = EXCLUDED.active;
INSERT INTO prices (variant_id, amount, currency) SELECT id, 5900, 'Br' FROM product_variants WHERE sku = 'SKU-66879' AND NOT EXISTS (SELECT 1 FROM prices WHERE variant_id = product_variants.id);
INSERT INTO product_images (product_id, url, position) VALUES (383, '/images/383/img_1619.jpeg', 0) ON CONFLICT DO NOTHING;
INSERT INTO product_images (product_id, url, position) VALUES (383, '/images/383/img_1620.jpeg', 1) ON CONFLICT DO NOTHING;
INSERT INTO product_images (product_id, url, position) VALUES (383, '/images/383/img_1621.jpeg', 2) ON CONFLICT DO NOTHING;
INSERT INTO products (id, title, slug, description, thumbnail, active, base_price) VALUES (384, 'Original Disney Kids Slipper - Pink', 'disney-pink-sho', '', '/images/384/img_2693.jpeg', True, 3400) ON CONFLICT (id) DO UPDATE SET title = EXCLUDED.title, slug = EXCLUDED.slug, description = EXCLUDED.description, thumbnail = EXCLUDED.thumbnail, active = EXCLUDED.active, base_price = EXCLUDED.base_price;
INSERT INTO product_variants (product_id, sku, size, color, stock_quantity, price_adjustment, active, image) VALUES (384, 'SKU-66582', 'Original Disney Kids Slipper  25', NULL, 1, 0, true, NULL) ON CONFLICT (sku) DO UPDATE SET stock_quantity = EXCLUDED.stock_quantity, size = EXCLUDED.size, active = EXCLUDED.active;
INSERT INTO prices (variant_id, amount, currency) SELECT id, 3400, 'Br' FROM product_variants WHERE sku = 'SKU-66582' AND NOT EXISTS (SELECT 1 FROM prices WHERE variant_id = product_variants.id);
INSERT INTO product_variants (product_id, sku, size, color, stock_quantity, price_adjustment, active, image) VALUES (384, 'SKU-66583', 'Original Disney Kids Slipper  26', NULL, 1, 0, true, NULL) ON CONFLICT (sku) DO UPDATE SET stock_quantity = EXCLUDED.stock_quantity, size = EXCLUDED.size, active = EXCLUDED.active;
INSERT INTO prices (variant_id, amount, currency) SELECT id, 3400, 'Br' FROM product_variants WHERE sku = 'SKU-66583' AND NOT EXISTS (SELECT 1 FROM prices WHERE variant_id = product_variants.id);
INSERT INTO product_variants (product_id, sku, size, color, stock_quantity, price_adjustment, active, image) VALUES (384, 'SKU-66584', 'Original Disney Kids Slipper 28', NULL, 1, 0, true, NULL) ON CONFLICT (sku) DO UPDATE SET stock_quantity = EXCLUDED.stock_quantity, size = EXCLUDED.size, active = EXCLUDED.active;
INSERT INTO prices (variant_id, amount, currency) SELECT id, 3400, 'Br' FROM product_variants WHERE sku = 'SKU-66584' AND NOT EXISTS (SELECT 1 FROM prices WHERE variant_id = product_variants.id);
INSERT INTO product_variants (product_id, sku, size, color, stock_quantity, price_adjustment, active, image) VALUES (384, 'SKU-66585', 'Original Disney Kids Slipper 29', NULL, 1, 0, true, NULL) ON CONFLICT (sku) DO UPDATE SET stock_quantity = EXCLUDED.stock_quantity, size = EXCLUDED.size, active = EXCLUDED.active;
INSERT INTO prices (variant_id, amount, currency) SELECT id, 3400, 'Br' FROM product_variants WHERE sku = 'SKU-66585' AND NOT EXISTS (SELECT 1 FROM prices WHERE variant_id = product_variants.id);
INSERT INTO product_images (product_id, url, position) VALUES (384, '/images/384/img_2693.jpeg', 0) ON CONFLICT DO NOTHING;
INSERT INTO product_images (product_id, url, position) VALUES (384, '/images/384/img_2692-1.jpeg', 1) ON CONFLICT DO NOTHING;
INSERT INTO product_images (product_id, url, position) VALUES (384, '/images/384/img_2690.jpeg', 2) ON CONFLICT DO NOTHING;
INSERT INTO product_images (product_id, url, position) VALUES (384, '/images/384/img_2696.jpeg', 3) ON CONFLICT DO NOTHING;
INSERT INTO products (id, title, slug, description, thumbnail, active, base_price) VALUES (385, 'Zara Crossbody Bag - Black', 'zara-brow-bag-copy', '', '/images/385/img_2538.jpeg', True, 5400) ON CONFLICT (id) DO UPDATE SET title = EXCLUDED.title, slug = EXCLUDED.slug, description = EXCLUDED.description, thumbnail = EXCLUDED.thumbnail, active = EXCLUDED.active, base_price = EXCLUDED.base_price;
INSERT INTO product_variants (product_id, sku, size, color, stock_quantity, price_adjustment, active, image) VALUES (385, '-copy-66560', 'Zara Crossbody Bag', NULL, 1, 0, true, NULL) ON CONFLICT (sku) DO UPDATE SET stock_quantity = EXCLUDED.stock_quantity, size = EXCLUDED.size, active = EXCLUDED.active;
INSERT INTO prices (variant_id, amount, currency) SELECT id, 5400, 'Br' FROM product_variants WHERE sku = '-copy-66560' AND NOT EXISTS (SELECT 1 FROM prices WHERE variant_id = product_variants.id);
INSERT INTO product_images (product_id, url, position) VALUES (385, '/images/385/img_2538.jpeg', 0) ON CONFLICT DO NOTHING;
INSERT INTO products (id, title, slug, description, thumbnail, active, base_price) VALUES (386, 'Elegant Knit Cardigan Top - Black', 'full-sleeve-knit-top-black', '', '/images/386/photo_2025-11-03-19.12.23.jpeg', True, 3500) ON CONFLICT (id) DO UPDATE SET title = EXCLUDED.title, slug = EXCLUDED.slug, description = EXCLUDED.description, thumbnail = EXCLUDED.thumbnail, active = EXCLUDED.active, base_price = EXCLUDED.base_price;
INSERT INTO product_variants (product_id, sku, size, color, stock_quantity, price_adjustment, active, image) VALUES (386, 'SKU-66566', 'Elegant Knit Cardigan Top FREE', NULL, 1, 0, true, NULL) ON CONFLICT (sku) DO UPDATE SET stock_quantity = EXCLUDED.stock_quantity, size = EXCLUDED.size, active = EXCLUDED.active;
INSERT INTO prices (variant_id, amount, currency) SELECT id, 3500, 'Br' FROM product_variants WHERE sku = 'SKU-66566' AND NOT EXISTS (SELECT 1 FROM prices WHERE variant_id = product_variants.id);
INSERT INTO product_images (product_id, url, position) VALUES (386, '/images/386/photo_2025-11-03-19.12.23.jpeg', 0) ON CONFLICT DO NOTHING;
INSERT INTO product_images (product_id, url, position) VALUES (386, '/images/386/photo_2025-11-03-19.12.21.jpeg', 1) ON CONFLICT DO NOTHING;
INSERT INTO products (id, title, slug, description, thumbnail, active, base_price) VALUES (387, 'White Trendy Corset Crop Top', 'corset-topnwhite', '', '/images/387/photo_2025-10-11-10.45.51.jpeg', True, 2800) ON CONFLICT (id) DO UPDATE SET title = EXCLUDED.title, slug = EXCLUDED.slug, description = EXCLUDED.description, thumbnail = EXCLUDED.thumbnail, active = EXCLUDED.active, base_price = EXCLUDED.base_price;
INSERT INTO product_variants (product_id, sku, size, color, stock_quantity, price_adjustment, active, image) VALUES (387, 'SKU-66580', 'White Trendy Corset Crop Top 36/80', NULL, 1, 0, true, NULL) ON CONFLICT (sku) DO UPDATE SET stock_quantity = EXCLUDED.stock_quantity, size = EXCLUDED.size, active = EXCLUDED.active;
INSERT INTO prices (variant_id, amount, currency) SELECT id, 2800, 'Br' FROM product_variants WHERE sku = 'SKU-66580' AND NOT EXISTS (SELECT 1 FROM prices WHERE variant_id = product_variants.id);
INSERT INTO product_images (product_id, url, position) VALUES (387, '/images/387/photo_2025-10-11-10.45.51.jpeg', 0) ON CONFLICT DO NOTHING;
INSERT INTO products (id, title, slug, description, thumbnail, active, base_price) VALUES (388, 'Original Disney Bluey & Bingo Court Kids Shoes', 'disney-sho2', '', '/images/388/img_2770.jpeg', True, 5400) ON CONFLICT (id) DO UPDATE SET title = EXCLUDED.title, slug = EXCLUDED.slug, description = EXCLUDED.description, thumbnail = EXCLUDED.thumbnail, active = EXCLUDED.active, base_price = EXCLUDED.base_price;
INSERT INTO product_variants (product_id, sku, size, color, stock_quantity, price_adjustment, active, image) VALUES (388, 'SKU-66617', 'Original Disney Bluey & Bingo Court Kids Shoes 39', NULL, 1, 0, true, NULL) ON CONFLICT (sku) DO UPDATE SET stock_quantity = EXCLUDED.stock_quantity, size = EXCLUDED.size, active = EXCLUDED.active;
INSERT INTO prices (variant_id, amount, currency) SELECT id, 5400, 'Br' FROM product_variants WHERE sku = 'SKU-66617' AND NOT EXISTS (SELECT 1 FROM prices WHERE variant_id = product_variants.id);
INSERT INTO product_images (product_id, url, position) VALUES (388, '/images/388/img_2770.jpeg', 0) ON CONFLICT DO NOTHING;
INSERT INTO product_images (product_id, url, position) VALUES (388, '/images/388/img_2775.jpeg', 1) ON CONFLICT DO NOTHING;
INSERT INTO product_images (product_id, url, position) VALUES (388, '/images/388/img_2776.jpeg', 2) ON CONFLICT DO NOTHING;
INSERT INTO product_images (product_id, url, position) VALUES (388, '/images/388/img_2777.jpeg', 3) ON CONFLICT DO NOTHING;
INSERT INTO product_images (product_id, url, position) VALUES (388, '/images/388/img_2778-1.jpeg', 4) ON CONFLICT DO NOTHING;
INSERT INTO products (id, title, slug, description, thumbnail, active, base_price) VALUES (389, 'Zara Golden Glam Flat Sandals', 'zara-golden-glam-flat-sandals', '', '/images/389/photo_2025-11-03-18.28.33.jpeg', True, 4800) ON CONFLICT (id) DO UPDATE SET title = EXCLUDED.title, slug = EXCLUDED.slug, description = EXCLUDED.description, thumbnail = EXCLUDED.thumbnail, active = EXCLUDED.active, base_price = EXCLUDED.base_price;
INSERT INTO product_variants (product_id, sku, size, color, stock_quantity, price_adjustment, active, image) VALUES (389, 'SKU-66507', 'Zara Golden Glam Flat Sandals', NULL, 1, 0, true, NULL) ON CONFLICT (sku) DO UPDATE SET stock_quantity = EXCLUDED.stock_quantity, size = EXCLUDED.size, active = EXCLUDED.active;
INSERT INTO prices (variant_id, amount, currency) SELECT id, 4800, 'Br' FROM product_variants WHERE sku = 'SKU-66507' AND NOT EXISTS (SELECT 1 FROM prices WHERE variant_id = product_variants.id);
INSERT INTO product_images (product_id, url, position) VALUES (389, '/images/389/photo_2025-11-03-18.28.33.jpeg', 0) ON CONFLICT DO NOTHING;
INSERT INTO product_images (product_id, url, position) VALUES (389, '/images/389/photo_2025-11-03-18.28.55.jpeg', 1) ON CONFLICT DO NOTHING;
INSERT INTO products (id, title, slug, description, thumbnail, active, base_price) VALUES (390, 'Original Disney princess Peach Twin Kids Shoes', 'original-disney-princess-peach-twin-kids-shoes', '', '/images/390/img_2742.jpeg', True, 5400) ON CONFLICT (id) DO UPDATE SET title = EXCLUDED.title, slug = EXCLUDED.slug, description = EXCLUDED.description, thumbnail = EXCLUDED.thumbnail, active = EXCLUDED.active, base_price = EXCLUDED.base_price;
INSERT INTO product_variants (product_id, sku, size, color, stock_quantity, price_adjustment, active, image) VALUES (390, 'SKU-66605', 'disney flat sho 32', NULL, 1, 0, true, NULL) ON CONFLICT (sku) DO UPDATE SET stock_quantity = EXCLUDED.stock_quantity, size = EXCLUDED.size, active = EXCLUDED.active;
INSERT INTO prices (variant_id, amount, currency) SELECT id, 5400, 'Br' FROM product_variants WHERE sku = 'SKU-66605' AND NOT EXISTS (SELECT 1 FROM prices WHERE variant_id = product_variants.id);
INSERT INTO product_variants (product_id, sku, size, color, stock_quantity, price_adjustment, active, image) VALUES (390, 'SKU-66606', 'disney flat sho 35', NULL, 1, 0, true, NULL) ON CONFLICT (sku) DO UPDATE SET stock_quantity = EXCLUDED.stock_quantity, size = EXCLUDED.size, active = EXCLUDED.active;
INSERT INTO prices (variant_id, amount, currency) SELECT id, 5400, 'Br' FROM product_variants WHERE sku = 'SKU-66606' AND NOT EXISTS (SELECT 1 FROM prices WHERE variant_id = product_variants.id);
INSERT INTO product_variants (product_id, sku, size, color, stock_quantity, price_adjustment, active, image) VALUES (390, 'SKU-66607', 'disney flat sho 36', NULL, 1, 0, true, NULL) ON CONFLICT (sku) DO UPDATE SET stock_quantity = EXCLUDED.stock_quantity, size = EXCLUDED.size, active = EXCLUDED.active;
INSERT INTO prices (variant_id, amount, currency) SELECT id, 5400, 'Br' FROM product_variants WHERE sku = 'SKU-66607' AND NOT EXISTS (SELECT 1 FROM prices WHERE variant_id = product_variants.id);
INSERT INTO product_variants (product_id, sku, size, color, stock_quantity, price_adjustment, active, image) VALUES (390, 'SKU-66608', 'disney flat sho 37', NULL, 1, 0, true, NULL) ON CONFLICT (sku) DO UPDATE SET stock_quantity = EXCLUDED.stock_quantity, size = EXCLUDED.size, active = EXCLUDED.active;
INSERT INTO prices (variant_id, amount, currency) SELECT id, 5400, 'Br' FROM product_variants WHERE sku = 'SKU-66608' AND NOT EXISTS (SELECT 1 FROM prices WHERE variant_id = product_variants.id);
INSERT INTO product_variants (product_id, sku, size, color, stock_quantity, price_adjustment, active, image) VALUES (390, 'SKU-66609', 'disney flat sho 41', NULL, 1, 0, true, NULL) ON CONFLICT (sku) DO UPDATE SET stock_quantity = EXCLUDED.stock_quantity, size = EXCLUDED.size, active = EXCLUDED.active;
INSERT INTO prices (variant_id, amount, currency) SELECT id, 5400, 'Br' FROM product_variants WHERE sku = 'SKU-66609' AND NOT EXISTS (SELECT 1 FROM prices WHERE variant_id = product_variants.id);
INSERT INTO product_images (product_id, url, position) VALUES (390, '/images/390/img_2742.jpeg', 0) ON CONFLICT DO NOTHING;
INSERT INTO product_images (product_id, url, position) VALUES (390, '/images/390/img_2738.png', 1) ON CONFLICT DO NOTHING;
INSERT INTO product_images (product_id, url, position) VALUES (390, '/images/390/img_2741.jpeg', 2) ON CONFLICT DO NOTHING;
INSERT INTO product_images (product_id, url, position) VALUES (390, '/images/390/img_2739.jpeg', 3) ON CONFLICT DO NOTHING;
INSERT INTO product_images (product_id, url, position) VALUES (390, '/images/390/img_2740.jpeg', 4) ON CONFLICT DO NOTHING;
INSERT INTO products (id, title, slug, description, thumbnail, active, base_price) VALUES (391, 'Zara Satine Bow Decore Heels', 'zara-satine-bow-decore-heels', '', '/images/391/img_0178.jpeg', True, 5900) ON CONFLICT (id) DO UPDATE SET title = EXCLUDED.title, slug = EXCLUDED.slug, description = EXCLUDED.description, thumbnail = EXCLUDED.thumbnail, active = EXCLUDED.active, base_price = EXCLUDED.base_price;
INSERT INTO product_variants (product_id, sku, size, color, stock_quantity, price_adjustment, active, image) VALUES (391, 'SKU-66714', 'heel 36', NULL, 1, 0, true, NULL) ON CONFLICT (sku) DO UPDATE SET stock_quantity = EXCLUDED.stock_quantity, size = EXCLUDED.size, active = EXCLUDED.active;
INSERT INTO prices (variant_id, amount, currency) SELECT id, 5900, 'Br' FROM product_variants WHERE sku = 'SKU-66714' AND NOT EXISTS (SELECT 1 FROM prices WHERE variant_id = product_variants.id);
INSERT INTO product_variants (product_id, sku, size, color, stock_quantity, price_adjustment, active, image) VALUES (391, 'SKU-66715', 'heel 39', NULL, 1, 0, true, NULL) ON CONFLICT (sku) DO UPDATE SET stock_quantity = EXCLUDED.stock_quantity, size = EXCLUDED.size, active = EXCLUDED.active;
INSERT INTO prices (variant_id, amount, currency) SELECT id, 5900, 'Br' FROM product_variants WHERE sku = 'SKU-66715' AND NOT EXISTS (SELECT 1 FROM prices WHERE variant_id = product_variants.id);
INSERT INTO product_images (product_id, url, position) VALUES (391, '/images/391/img_0178.jpeg', 0) ON CONFLICT DO NOTHING;
INSERT INTO product_images (product_id, url, position) VALUES (391, '/images/391/img_0177.jpeg', 1) ON CONFLICT DO NOTHING;
INSERT INTO product_images (product_id, url, position) VALUES (391, '/images/391/img_0180.jpeg', 2) ON CONFLICT DO NOTHING;
INSERT INTO product_images (product_id, url, position) VALUES (391, '/images/391/img_0179.jpeg', 3) ON CONFLICT DO NOTHING;
INSERT INTO products (id, title, slug, description, thumbnail, active, base_price) VALUES (392, 'Sexy Low-Cut Midi Dress', 'sexy-low-cut-midi-dress', '', '/images/392/img_2499.jpeg', True, 4800) ON CONFLICT (id) DO UPDATE SET title = EXCLUDED.title, slug = EXCLUDED.slug, description = EXCLUDED.description, thumbnail = EXCLUDED.thumbnail, active = EXCLUDED.active, base_price = EXCLUDED.base_price;
INSERT INTO product_variants (product_id, sku, size, color, stock_quantity, price_adjustment, active, image) VALUES (392, 'SKU-66552', 'Sexy Low-Cut Midi Dress M', NULL, 1, 0, true, NULL) ON CONFLICT (sku) DO UPDATE SET stock_quantity = EXCLUDED.stock_quantity, size = EXCLUDED.size, active = EXCLUDED.active;
INSERT INTO prices (variant_id, amount, currency) SELECT id, 4800, 'Br' FROM product_variants WHERE sku = 'SKU-66552' AND NOT EXISTS (SELECT 1 FROM prices WHERE variant_id = product_variants.id);
INSERT INTO product_variants (product_id, sku, size, color, stock_quantity, price_adjustment, active, image) VALUES (392, 'SKU-67504', 'Sexy Low-Cut Midi Dress S-M', NULL, 1, 0, true, NULL) ON CONFLICT (sku) DO UPDATE SET stock_quantity = EXCLUDED.stock_quantity, size = EXCLUDED.size, active = EXCLUDED.active;
INSERT INTO prices (variant_id, amount, currency) SELECT id, 4800, 'Br' FROM product_variants WHERE sku = 'SKU-67504' AND NOT EXISTS (SELECT 1 FROM prices WHERE variant_id = product_variants.id);
INSERT INTO product_images (product_id, url, position) VALUES (392, '/images/392/img_2499.jpeg', 0) ON CONFLICT DO NOTHING;
INSERT INTO products (id, title, slug, description, thumbnail, active, base_price) VALUES (393, 'Forever 21 Active Wear High Quality Jumpsuit - Brown', 'forever-21-active-wear-high-quality-jumpsuit-brown', '', '/images/393/img_2489.jpeg', True, 4900) ON CONFLICT (id) DO UPDATE SET title = EXCLUDED.title, slug = EXCLUDED.slug, description = EXCLUDED.description, thumbnail = EXCLUDED.thumbnail, active = EXCLUDED.active, base_price = EXCLUDED.base_price;
INSERT INTO product_variants (product_id, sku, size, color, stock_quantity, price_adjustment, active, image) VALUES (393, 'SKU-66550', 'Forever 21 Active Wear High Quality Jumpsuit M', NULL, 1, 0, true, NULL) ON CONFLICT (sku) DO UPDATE SET stock_quantity = EXCLUDED.stock_quantity, size = EXCLUDED.size, active = EXCLUDED.active;
INSERT INTO prices (variant_id, amount, currency) SELECT id, 4900, 'Br' FROM product_variants WHERE sku = 'SKU-66550' AND NOT EXISTS (SELECT 1 FROM prices WHERE variant_id = product_variants.id);
INSERT INTO product_images (product_id, url, position) VALUES (393, '/images/393/img_2489.jpeg', 0) ON CONFLICT DO NOTHING;
INSERT INTO products (id, title, slug, description, thumbnail, active, base_price) VALUES (394, 'Forever 21 Active Wear High Quality Jumpsuit', 'forever-21-active-wear-high-quality-jumpsuit', '', '/images/394/img_2485.jpeg', True, 5900) ON CONFLICT (id) DO UPDATE SET title = EXCLUDED.title, slug = EXCLUDED.slug, description = EXCLUDED.description, thumbnail = EXCLUDED.thumbnail, active = EXCLUDED.active, base_price = EXCLUDED.base_price;
INSERT INTO product_variants (product_id, sku, size, color, stock_quantity, price_adjustment, active, image) VALUES (394, 'SKU-66547', 'Forever 21 Active Wear High Quality Jumpsuit M', NULL, 1, 0, true, NULL) ON CONFLICT (sku) DO UPDATE SET stock_quantity = EXCLUDED.stock_quantity, size = EXCLUDED.size, active = EXCLUDED.active;
INSERT INTO prices (variant_id, amount, currency) SELECT id, 5900, 'Br' FROM product_variants WHERE sku = 'SKU-66547' AND NOT EXISTS (SELECT 1 FROM prices WHERE variant_id = product_variants.id);
INSERT INTO product_variants (product_id, sku, size, color, stock_quantity, price_adjustment, active, image) VALUES (394, 'SKU-66548', 'Forever 21 Active Wear High Quality Jumpsuit L', NULL, 1, 0, true, NULL) ON CONFLICT (sku) DO UPDATE SET stock_quantity = EXCLUDED.stock_quantity, size = EXCLUDED.size, active = EXCLUDED.active;
INSERT INTO prices (variant_id, amount, currency) SELECT id, 5900, 'Br' FROM product_variants WHERE sku = 'SKU-66548' AND NOT EXISTS (SELECT 1 FROM prices WHERE variant_id = product_variants.id);
INSERT INTO product_images (product_id, url, position) VALUES (394, '/images/394/img_2485.jpeg', 0) ON CONFLICT DO NOTHING;
INSERT INTO product_images (product_id, url, position) VALUES (394, '/images/394/img_2490.jpeg', 1) ON CONFLICT DO NOTHING;
INSERT INTO product_images (product_id, url, position) VALUES (394, '/images/394/img_2491.jpeg', 2) ON CONFLICT DO NOTHING;
INSERT INTO products (id, title, slug, description, thumbnail, active, base_price) VALUES (395, 'Forever 21 Active Wear High Quality Jumpsuit - Blue', 'forever-21-active-wear-high-quality-jumpsuit-blue', '', '/images/395/img_2478.jpeg', True, 5900) ON CONFLICT (id) DO UPDATE SET title = EXCLUDED.title, slug = EXCLUDED.slug, description = EXCLUDED.description, thumbnail = EXCLUDED.thumbnail, active = EXCLUDED.active, base_price = EXCLUDED.base_price;
INSERT INTO product_variants (product_id, sku, size, color, stock_quantity, price_adjustment, active, image) VALUES (395, 'SKU-66542', 'Forever 21 Active Wear High Quality Jumpsuit S', NULL, 1, 0, true, NULL) ON CONFLICT (sku) DO UPDATE SET stock_quantity = EXCLUDED.stock_quantity, size = EXCLUDED.size, active = EXCLUDED.active;
INSERT INTO prices (variant_id, amount, currency) SELECT id, 5900, 'Br' FROM product_variants WHERE sku = 'SKU-66542' AND NOT EXISTS (SELECT 1 FROM prices WHERE variant_id = product_variants.id);
INSERT INTO product_images (product_id, url, position) VALUES (395, '/images/395/img_2478.jpeg', 0) ON CONFLICT DO NOTHING;
INSERT INTO products (id, title, slug, description, thumbnail, active, base_price) VALUES (396, 'Original Fila Kids Slipper - Lavender', 'original-fila-kids-slipper-lavender', '', '/images/396/img_2708.jpeg', True, 3400) ON CONFLICT (id) DO UPDATE SET title = EXCLUDED.title, slug = EXCLUDED.slug, description = EXCLUDED.description, thumbnail = EXCLUDED.thumbnail, active = EXCLUDED.active, base_price = EXCLUDED.base_price;
INSERT INTO product_variants (product_id, sku, size, color, stock_quantity, price_adjustment, active, image) VALUES (396, 'SKU-66595', 'Original Fila Kids Slipper 29', NULL, 1, 0, true, NULL) ON CONFLICT (sku) DO UPDATE SET stock_quantity = EXCLUDED.stock_quantity, size = EXCLUDED.size, active = EXCLUDED.active;
INSERT INTO prices (variant_id, amount, currency) SELECT id, 3400, 'Br' FROM product_variants WHERE sku = 'SKU-66595' AND NOT EXISTS (SELECT 1 FROM prices WHERE variant_id = product_variants.id);
INSERT INTO product_variants (product_id, sku, size, color, stock_quantity, price_adjustment, active, image) VALUES (396, 'SKU-66596', 'Original Fila Kids Slipper 31', NULL, 1, 0, true, NULL) ON CONFLICT (sku) DO UPDATE SET stock_quantity = EXCLUDED.stock_quantity, size = EXCLUDED.size, active = EXCLUDED.active;
INSERT INTO prices (variant_id, amount, currency) SELECT id, 3400, 'Br' FROM product_variants WHERE sku = 'SKU-66596' AND NOT EXISTS (SELECT 1 FROM prices WHERE variant_id = product_variants.id);
INSERT INTO product_variants (product_id, sku, size, color, stock_quantity, price_adjustment, active, image) VALUES (396, 'SKU-66597', 'Original Fila Kids Slipper 32', NULL, 1, 0, true, NULL) ON CONFLICT (sku) DO UPDATE SET stock_quantity = EXCLUDED.stock_quantity, size = EXCLUDED.size, active = EXCLUDED.active;
INSERT INTO prices (variant_id, amount, currency) SELECT id, 3400, 'Br' FROM product_variants WHERE sku = 'SKU-66597' AND NOT EXISTS (SELECT 1 FROM prices WHERE variant_id = product_variants.id);
INSERT INTO product_variants (product_id, sku, size, color, stock_quantity, price_adjustment, active, image) VALUES (396, 'SKU-66598', 'Original Fila Kids Slipper 35', NULL, 1, 0, true, NULL) ON CONFLICT (sku) DO UPDATE SET stock_quantity = EXCLUDED.stock_quantity, size = EXCLUDED.size, active = EXCLUDED.active;
INSERT INTO prices (variant_id, amount, currency) SELECT id, 3400, 'Br' FROM product_variants WHERE sku = 'SKU-66598' AND NOT EXISTS (SELECT 1 FROM prices WHERE variant_id = product_variants.id);
INSERT INTO product_variants (product_id, sku, size, color, stock_quantity, price_adjustment, active, image) VALUES (396, 'SKU-66594', 'Original Fila Kids Slipper 28', NULL, 1, 0, true, NULL) ON CONFLICT (sku) DO UPDATE SET stock_quantity = EXCLUDED.stock_quantity, size = EXCLUDED.size, active = EXCLUDED.active;
INSERT INTO prices (variant_id, amount, currency) SELECT id, 3400, 'Br' FROM product_variants WHERE sku = 'SKU-66594' AND NOT EXISTS (SELECT 1 FROM prices WHERE variant_id = product_variants.id);
INSERT INTO product_images (product_id, url, position) VALUES (396, '/images/396/img_2708.jpeg', 0) ON CONFLICT DO NOTHING;
INSERT INTO product_images (product_id, url, position) VALUES (396, '/images/396/img_2710.jpeg', 1) ON CONFLICT DO NOTHING;
INSERT INTO product_images (product_id, url, position) VALUES (396, '/images/396/img_2712.jpeg', 2) ON CONFLICT DO NOTHING;
INSERT INTO product_images (product_id, url, position) VALUES (396, '/images/396/img_2709.jpeg', 3) ON CONFLICT DO NOTHING;
INSERT INTO product_images (product_id, url, position) VALUES (396, '/images/396/img_2711.jpeg', 4) ON CONFLICT DO NOTHING;
INSERT INTO products (id, title, slug, description, thumbnail, active, base_price) VALUES (397, 'Elegant Knit Cardigan Top ', 'elegant-knit-cardigan-top', '<ol><li><p></p></li></ol><p></p>', '/images/397/photo_2025-11-03-18.36.41.jpeg', True, 3500) ON CONFLICT (id) DO UPDATE SET title = EXCLUDED.title, slug = EXCLUDED.slug, description = EXCLUDED.description, thumbnail = EXCLUDED.thumbnail, active = EXCLUDED.active, base_price = EXCLUDED.base_price;
INSERT INTO product_variants (product_id, sku, size, color, stock_quantity, price_adjustment, active, image) VALUES (397, 'SKU-66564', 'full sleeve knit top', NULL, 1, 0, true, NULL) ON CONFLICT (sku) DO UPDATE SET stock_quantity = EXCLUDED.stock_quantity, size = EXCLUDED.size, active = EXCLUDED.active;
INSERT INTO prices (variant_id, amount, currency) SELECT id, 3500, 'Br' FROM product_variants WHERE sku = 'SKU-66564' AND NOT EXISTS (SELECT 1 FROM prices WHERE variant_id = product_variants.id);
INSERT INTO product_variants (product_id, sku, size, color, stock_quantity, price_adjustment, active, image) VALUES (397, 'SKU-66565', 'Elegant Knit Cardigan Top FREE', NULL, 1, 0, true, NULL) ON CONFLICT (sku) DO UPDATE SET stock_quantity = EXCLUDED.stock_quantity, size = EXCLUDED.size, active = EXCLUDED.active;
INSERT INTO prices (variant_id, amount, currency) SELECT id, 3500, 'Br' FROM product_variants WHERE sku = 'SKU-66565' AND NOT EXISTS (SELECT 1 FROM prices WHERE variant_id = product_variants.id);
INSERT INTO product_images (product_id, url, position) VALUES (397, '/images/397/photo_2025-11-03-18.36.41.jpeg', 0) ON CONFLICT DO NOTHING;
INSERT INTO product_images (product_id, url, position) VALUES (397, '/images/397/photo_2025-11-03-18.38.21.jpeg', 1) ON CONFLICT DO NOTHING;
INSERT INTO products (id, title, slug, description, thumbnail, active, base_price) VALUES (398, 'Forever 21 Active Wear High Quality Jumpsuit - Black', 'forever-21-active-wear-high-quality-jumpsuit-black', '', '/images/398/img_2494.jpeg', True, 4900) ON CONFLICT (id) DO UPDATE SET title = EXCLUDED.title, slug = EXCLUDED.slug, description = EXCLUDED.description, thumbnail = EXCLUDED.thumbnail, active = EXCLUDED.active, base_price = EXCLUDED.base_price;
INSERT INTO product_variants (product_id, sku, size, color, stock_quantity, price_adjustment, active, image) VALUES (398, 'SKU-66551', 'Forever 21 Active Wear High Quality Jumpsuit', NULL, 1, 0, true, NULL) ON CONFLICT (sku) DO UPDATE SET stock_quantity = EXCLUDED.stock_quantity, size = EXCLUDED.size, active = EXCLUDED.active;
INSERT INTO prices (variant_id, amount, currency) SELECT id, 4900, 'Br' FROM product_variants WHERE sku = 'SKU-66551' AND NOT EXISTS (SELECT 1 FROM prices WHERE variant_id = product_variants.id);
INSERT INTO product_images (product_id, url, position) VALUES (398, '/images/398/img_2494.jpeg', 0) ON CONFLICT DO NOTHING;
INSERT INTO product_images (product_id, url, position) VALUES (398, '/images/398/img_2495-1.jpeg', 1) ON CONFLICT DO NOTHING;
INSERT INTO product_images (product_id, url, position) VALUES (398, '/images/398/img_2495.jpeg', 2) ON CONFLICT DO NOTHING;
INSERT INTO products (id, title, slug, description, thumbnail, active, base_price) VALUES (399, 'Active Wear High Quality Jumpsuit', 'active-wear-high-quality-jumpsuit', '', '/images/399/img_2479.jpeg', True, 5900) ON CONFLICT (id) DO UPDATE SET title = EXCLUDED.title, slug = EXCLUDED.slug, description = EXCLUDED.description, thumbnail = EXCLUDED.thumbnail, active = EXCLUDED.active, base_price = EXCLUDED.base_price;
INSERT INTO product_variants (product_id, sku, size, color, stock_quantity, price_adjustment, active, image) VALUES (399, 'SKU-66543', 'Active Wear High Quality Jumpsuit M', NULL, 1, 0, true, NULL) ON CONFLICT (sku) DO UPDATE SET stock_quantity = EXCLUDED.stock_quantity, size = EXCLUDED.size, active = EXCLUDED.active;
INSERT INTO prices (variant_id, amount, currency) SELECT id, 5900, 'Br' FROM product_variants WHERE sku = 'SKU-66543' AND NOT EXISTS (SELECT 1 FROM prices WHERE variant_id = product_variants.id);
INSERT INTO product_images (product_id, url, position) VALUES (399, '/images/399/img_2479.jpeg', 0) ON CONFLICT DO NOTHING;
INSERT INTO products (id, title, slug, description, thumbnail, active, base_price) VALUES (400, 'Original Disney Pink and Blue Shoes', 'original-disney-pink-and-blue-shoes', '', '/images/400/img_2857.png', True, 5400) ON CONFLICT (id) DO UPDATE SET title = EXCLUDED.title, slug = EXCLUDED.slug, description = EXCLUDED.description, thumbnail = EXCLUDED.thumbnail, active = EXCLUDED.active, base_price = EXCLUDED.base_price;
INSERT INTO product_variants (product_id, sku, size, color, stock_quantity, price_adjustment, active, image) VALUES (400, '-copy-66644', 'disney sho12 25', NULL, 1, 0, true, NULL) ON CONFLICT (sku) DO UPDATE SET stock_quantity = EXCLUDED.stock_quantity, size = EXCLUDED.size, active = EXCLUDED.active;
INSERT INTO prices (variant_id, amount, currency) SELECT id, 5400, 'Br' FROM product_variants WHERE sku = '-copy-66644' AND NOT EXISTS (SELECT 1 FROM prices WHERE variant_id = product_variants.id);
INSERT INTO product_images (product_id, url, position) VALUES (400, '/images/400/img_2857.png', 0) ON CONFLICT DO NOTHING;
INSERT INTO product_images (product_id, url, position) VALUES (400, '/images/400/img_2856.png', 1) ON CONFLICT DO NOTHING;
INSERT INTO product_images (product_id, url, position) VALUES (400, '/images/400/img_2858.png', 2) ON CONFLICT DO NOTHING;
INSERT INTO product_images (product_id, url, position) VALUES (400, '/images/400/img_2859.png', 3) ON CONFLICT DO NOTHING;
INSERT INTO product_images (product_id, url, position) VALUES (400, '/images/400/img_2860.png', 4) ON CONFLICT DO NOTHING;
INSERT INTO product_images (product_id, url, position) VALUES (400, '/images/400/img_2861.png', 5) ON CONFLICT DO NOTHING;
INSERT INTO products (id, title, slug, description, thumbnail, active, base_price) VALUES (401, 'Disney Original Pink Mix Print Kids Shoe', 'disney-original-pink-mix-print-kids-shoe', '', '/images/401/img_2866.png', True, 5400) ON CONFLICT (id) DO UPDATE SET title = EXCLUDED.title, slug = EXCLUDED.slug, description = EXCLUDED.description, thumbnail = EXCLUDED.thumbnail, active = EXCLUDED.active, base_price = EXCLUDED.base_price;
INSERT INTO product_variants (product_id, sku, size, color, stock_quantity, price_adjustment, active, image) VALUES (401, 'SKU-66651', 'disney 15 27', NULL, 1, 0, true, NULL) ON CONFLICT (sku) DO UPDATE SET stock_quantity = EXCLUDED.stock_quantity, size = EXCLUDED.size, active = EXCLUDED.active;
INSERT INTO prices (variant_id, amount, currency) SELECT id, 5400, 'Br' FROM product_variants WHERE sku = 'SKU-66651' AND NOT EXISTS (SELECT 1 FROM prices WHERE variant_id = product_variants.id);
INSERT INTO product_images (product_id, url, position) VALUES (401, '/images/401/img_2866.png', 0) ON CONFLICT DO NOTHING;
INSERT INTO product_images (product_id, url, position) VALUES (401, '/images/401/img_2863.jpeg', 1) ON CONFLICT DO NOTHING;
INSERT INTO product_images (product_id, url, position) VALUES (401, '/images/401/img_2864.jpeg', 2) ON CONFLICT DO NOTHING;
INSERT INTO product_images (product_id, url, position) VALUES (401, '/images/401/img_2861.png', 3) ON CONFLICT DO NOTHING;
INSERT INTO products (id, title, slug, description, thumbnail, active, base_price) VALUES (402, 'Ground Up Looney Tunes Bugs Bunny and Friends Kids Shoe ', 'ground-up-looney-tunes-bugs-bunny-and-friends-kids-shoe', '', '/images/402/img_2911.jpeg', True, 5400) ON CONFLICT (id) DO UPDATE SET title = EXCLUDED.title, slug = EXCLUDED.slug, description = EXCLUDED.description, thumbnail = EXCLUDED.thumbnail, active = EXCLUDED.active, base_price = EXCLUDED.base_price;
INSERT INTO product_variants (product_id, sku, size, color, stock_quantity, price_adjustment, active, image) VALUES (402, 'SKU-66657', 'disney sho19 39', NULL, 1, 0, true, NULL) ON CONFLICT (sku) DO UPDATE SET stock_quantity = EXCLUDED.stock_quantity, size = EXCLUDED.size, active = EXCLUDED.active;
INSERT INTO prices (variant_id, amount, currency) SELECT id, 5400, 'Br' FROM product_variants WHERE sku = 'SKU-66657' AND NOT EXISTS (SELECT 1 FROM prices WHERE variant_id = product_variants.id);
INSERT INTO product_images (product_id, url, position) VALUES (402, '/images/402/img_2911.jpeg', 0) ON CONFLICT DO NOTHING;
INSERT INTO product_images (product_id, url, position) VALUES (402, '/images/402/img_2914.jpeg', 1) ON CONFLICT DO NOTHING;
INSERT INTO product_images (product_id, url, position) VALUES (402, '/images/402/img_2912.jpeg', 2) ON CONFLICT DO NOTHING;
INSERT INTO product_images (product_id, url, position) VALUES (402, '/images/402/img_2913.jpeg', 3) ON CONFLICT DO NOTHING;
INSERT INTO products (id, title, slug, description, thumbnail, active, base_price) VALUES (403, 'Forever21 The Golden Hour Dress', 'forever21-the-golden-hour-dress', '', '/images/403/photo_2025-10-11-18.18.46.jpeg', True, 3900) ON CONFLICT (id) DO UPDATE SET title = EXCLUDED.title, slug = EXCLUDED.slug, description = EXCLUDED.description, thumbnail = EXCLUDED.thumbnail, active = EXCLUDED.active, base_price = EXCLUDED.base_price;
INSERT INTO product_variants (product_id, sku, size, color, stock_quantity, price_adjustment, active, image) VALUES (403, 'SKU-66665', 'dress6 S-M', NULL, 1, 0, true, NULL) ON CONFLICT (sku) DO UPDATE SET stock_quantity = EXCLUDED.stock_quantity, size = EXCLUDED.size, active = EXCLUDED.active;
INSERT INTO prices (variant_id, amount, currency) SELECT id, 3900, 'Br' FROM product_variants WHERE sku = 'SKU-66665' AND NOT EXISTS (SELECT 1 FROM prices WHERE variant_id = product_variants.id);
INSERT INTO product_images (product_id, url, position) VALUES (403, '/images/403/photo_2025-10-11-18.18.46.jpeg', 0) ON CONFLICT DO NOTHING;
INSERT INTO products (id, title, slug, description, thumbnail, active, base_price) VALUES (404, 'Midnight Structured Tube Top', 'midnight-structured-tube-top', '', '/images/404/black_fishbone_corset_top_1752996695_caca25c0_progressive.jpg', True, 2900) ON CONFLICT (id) DO UPDATE SET title = EXCLUDED.title, slug = EXCLUDED.slug, description = EXCLUDED.description, thumbnail = EXCLUDED.thumbnail, active = EXCLUDED.active, base_price = EXCLUDED.base_price;
INSERT INTO product_variants (product_id, sku, size, color, stock_quantity, price_adjustment, active, image) VALUES (404, 'SKU-66683', 'off shoulder t S', NULL, 1, 0, true, NULL) ON CONFLICT (sku) DO UPDATE SET stock_quantity = EXCLUDED.stock_quantity, size = EXCLUDED.size, active = EXCLUDED.active;
INSERT INTO prices (variant_id, amount, currency) SELECT id, 2900, 'Br' FROM product_variants WHERE sku = 'SKU-66683' AND NOT EXISTS (SELECT 1 FROM prices WHERE variant_id = product_variants.id);
INSERT INTO product_variants (product_id, sku, size, color, stock_quantity, price_adjustment, active, image) VALUES (404, 'SKU-66684', 'off shoulder t XS', NULL, 1, 0, true, NULL) ON CONFLICT (sku) DO UPDATE SET stock_quantity = EXCLUDED.stock_quantity, size = EXCLUDED.size, active = EXCLUDED.active;
INSERT INTO prices (variant_id, amount, currency) SELECT id, 2900, 'Br' FROM product_variants WHERE sku = 'SKU-66684' AND NOT EXISTS (SELECT 1 FROM prices WHERE variant_id = product_variants.id);
INSERT INTO product_images (product_id, url, position) VALUES (404, '/images/404/black_fishbone_corset_top_1752996695_caca25c0_progressive.jpg', 0) ON CONFLICT DO NOTHING;
INSERT INTO product_images (product_id, url, position) VALUES (404, '/images/404/6118w9o13ul._uy350_.jpg', 1) ON CONFLICT DO NOTHING;
INSERT INTO product_images (product_id, url, position) VALUES (404, '/images/404/51pjunp8nl._ac_sx679_.jpg', 2) ON CONFLICT DO NOTHING;
INSERT INTO products (id, title, slug, description, thumbnail, active, base_price) VALUES (405, 'Active Wear High Quality Jumpsuit', 'active-wear-high-quality-jumpsuit-1', '', '/images/405/image-13.jpg', True, 5900) ON CONFLICT (id) DO UPDATE SET title = EXCLUDED.title, slug = EXCLUDED.slug, description = EXCLUDED.description, thumbnail = EXCLUDED.thumbnail, active = EXCLUDED.active, base_price = EXCLUDED.base_price;
INSERT INTO product_variants (product_id, sku, size, color, stock_quantity, price_adjustment, active, image) VALUES (405, 'SKU-66689', 'Active Wear High Quality Jumpsuit L', NULL, 1, 0, true, NULL) ON CONFLICT (sku) DO UPDATE SET stock_quantity = EXCLUDED.stock_quantity, size = EXCLUDED.size, active = EXCLUDED.active;
INSERT INTO prices (variant_id, amount, currency) SELECT id, 5900, 'Br' FROM product_variants WHERE sku = 'SKU-66689' AND NOT EXISTS (SELECT 1 FROM prices WHERE variant_id = product_variants.id);
INSERT INTO product_images (product_id, url, position) VALUES (405, '/images/405/image-13.jpg', 0) ON CONFLICT DO NOTHING;
INSERT INTO products (id, title, slug, description, thumbnail, active, base_price) VALUES (406, 'Sweetheart Plunge Mini Scatter Dress', 'sweetheart-plunge-mini-scatter-dress', '', '/images/406/img_0065.jpeg', True, 4500) ON CONFLICT (id) DO UPDATE SET title = EXCLUDED.title, slug = EXCLUDED.slug, description = EXCLUDED.description, thumbnail = EXCLUDED.thumbnail, active = EXCLUDED.active, base_price = EXCLUDED.base_price;
INSERT INTO product_variants (product_id, sku, size, color, stock_quantity, price_adjustment, active, image) VALUES (406, 'SKU-66702', 'deress2 S', NULL, 1, 0, true, NULL) ON CONFLICT (sku) DO UPDATE SET stock_quantity = EXCLUDED.stock_quantity, size = EXCLUDED.size, active = EXCLUDED.active;
INSERT INTO prices (variant_id, amount, currency) SELECT id, 4500, 'Br' FROM product_variants WHERE sku = 'SKU-66702' AND NOT EXISTS (SELECT 1 FROM prices WHERE variant_id = product_variants.id);
INSERT INTO product_variants (product_id, sku, size, color, stock_quantity, price_adjustment, active, image) VALUES (406, 'SKU-66703', 'deress2 M', NULL, 1, 0, true, NULL) ON CONFLICT (sku) DO UPDATE SET stock_quantity = EXCLUDED.stock_quantity, size = EXCLUDED.size, active = EXCLUDED.active;
INSERT INTO prices (variant_id, amount, currency) SELECT id, 4500, 'Br' FROM product_variants WHERE sku = 'SKU-66703' AND NOT EXISTS (SELECT 1 FROM prices WHERE variant_id = product_variants.id);
INSERT INTO product_variants (product_id, sku, size, color, stock_quantity, price_adjustment, active, image) VALUES (406, 'SKU-66704', 'deress2 L', NULL, 1, 0, true, NULL) ON CONFLICT (sku) DO UPDATE SET stock_quantity = EXCLUDED.stock_quantity, size = EXCLUDED.size, active = EXCLUDED.active;
INSERT INTO prices (variant_id, amount, currency) SELECT id, 4500, 'Br' FROM product_variants WHERE sku = 'SKU-66704' AND NOT EXISTS (SELECT 1 FROM prices WHERE variant_id = product_variants.id);
INSERT INTO product_images (product_id, url, position) VALUES (406, '/images/406/img_0065.jpeg', 0) ON CONFLICT DO NOTHING;
INSERT INTO product_images (product_id, url, position) VALUES (406, '/images/406/img_0066.jpeg', 1) ON CONFLICT DO NOTHING;
INSERT INTO products (id, title, slug, description, thumbnail, active, base_price) VALUES (407, 'Aqua Dream Corset Top', 'aqua-dream-corset-top', '', '/images/407/img_0004.jpeg', True, 2900) ON CONFLICT (id) DO UPDATE SET title = EXCLUDED.title, slug = EXCLUDED.slug, description = EXCLUDED.description, thumbnail = EXCLUDED.thumbnail, active = EXCLUDED.active, base_price = EXCLUDED.base_price;
INSERT INTO product_variants (product_id, sku, size, color, stock_quantity, price_adjustment, active, image) VALUES (407, 'SKU-66685', 'corset4 M', NULL, 1, 0, true, NULL) ON CONFLICT (sku) DO UPDATE SET stock_quantity = EXCLUDED.stock_quantity, size = EXCLUDED.size, active = EXCLUDED.active;
INSERT INTO prices (variant_id, amount, currency) SELECT id, 2900, 'Br' FROM product_variants WHERE sku = 'SKU-66685' AND NOT EXISTS (SELECT 1 FROM prices WHERE variant_id = product_variants.id);
INSERT INTO product_images (product_id, url, position) VALUES (407, '/images/407/img_0004.jpeg', 0) ON CONFLICT DO NOTHING;
INSERT INTO products (id, title, slug, description, thumbnail, active, base_price) VALUES (408, 'flat1Midnight Quilt Chain Slipper Flats ', 'flat1midnight-quilt-chain-slipper-flats', '', '/images/408/bbdc0950-632d-429d-b686-4838dec2861e-25958-000003acbb77b4f9_file.jpeg', True, 3900) ON CONFLICT (id) DO UPDATE SET title = EXCLUDED.title, slug = EXCLUDED.slug, description = EXCLUDED.description, thumbnail = EXCLUDED.thumbnail, active = EXCLUDED.active, base_price = EXCLUDED.base_price;
INSERT INTO product_variants (product_id, sku, size, color, stock_quantity, price_adjustment, active, image) VALUES (408, 'SKU-66673', 'flat1 37', NULL, 1, 0, true, NULL) ON CONFLICT (sku) DO UPDATE SET stock_quantity = EXCLUDED.stock_quantity, size = EXCLUDED.size, active = EXCLUDED.active;
INSERT INTO prices (variant_id, amount, currency) SELECT id, 3900, 'Br' FROM product_variants WHERE sku = 'SKU-66673' AND NOT EXISTS (SELECT 1 FROM prices WHERE variant_id = product_variants.id);
INSERT INTO product_images (product_id, url, position) VALUES (408, '/images/408/bbdc0950-632d-429d-b686-4838dec2861e-25958-000003acbb77b4f9_file.jpeg', 0) ON CONFLICT DO NOTHING;
INSERT INTO products (id, title, slug, description, thumbnail, active, base_price) VALUES (409, 'Forever21 The Sky Ribbed Turtleneck Bodysuit', 'forever21-the-sky-ribbed-turtleneck-bodysuit', '', '/images/409/photo_2025-10-11-12.22.01.jpeg', True, 3800) ON CONFLICT (id) DO UPDATE SET title = EXCLUDED.title, slug = EXCLUDED.slug, description = EXCLUDED.description, thumbnail = EXCLUDED.thumbnail, active = EXCLUDED.active, base_price = EXCLUDED.base_price;
INSERT INTO product_variants (product_id, sku, size, color, stock_quantity, price_adjustment, active, image) VALUES (409, 'SKU-66663', 'bodysuit 4 XL', NULL, 1, 0, true, NULL) ON CONFLICT (sku) DO UPDATE SET stock_quantity = EXCLUDED.stock_quantity, size = EXCLUDED.size, active = EXCLUDED.active;
INSERT INTO prices (variant_id, amount, currency) SELECT id, 3800, 'Br' FROM product_variants WHERE sku = 'SKU-66663' AND NOT EXISTS (SELECT 1 FROM prices WHERE variant_id = product_variants.id);
INSERT INTO product_variants (product_id, sku, size, color, stock_quantity, price_adjustment, active, image) VALUES (409, 'SKU-66664', 'bodysuit 4 2XL', NULL, 1, 0, true, NULL) ON CONFLICT (sku) DO UPDATE SET stock_quantity = EXCLUDED.stock_quantity, size = EXCLUDED.size, active = EXCLUDED.active;
INSERT INTO prices (variant_id, amount, currency) SELECT id, 3800, 'Br' FROM product_variants WHERE sku = 'SKU-66664' AND NOT EXISTS (SELECT 1 FROM prices WHERE variant_id = product_variants.id);
INSERT INTO product_images (product_id, url, position) VALUES (409, '/images/409/photo_2025-10-11-12.22.01.jpeg', 0) ON CONFLICT DO NOTHING;
INSERT INTO products (id, title, slug, description, thumbnail, active, base_price) VALUES (410, 'Active Wear High Quality Jumpsuit - Brown', 'active-wear-high-quality-jumpsuit-brown', '', '/images/410/photo_2025-10-13-15.56.29.jpeg', True, 5900) ON CONFLICT (id) DO UPDATE SET title = EXCLUDED.title, slug = EXCLUDED.slug, description = EXCLUDED.description, thumbnail = EXCLUDED.thumbnail, active = EXCLUDED.active, base_price = EXCLUDED.base_price;
INSERT INTO product_variants (product_id, sku, size, color, stock_quantity, price_adjustment, active, image) VALUES (410, 'SKU-66669', 'Active Wear High Quality Jumpsuit S', NULL, 1, 0, true, NULL) ON CONFLICT (sku) DO UPDATE SET stock_quantity = EXCLUDED.stock_quantity, size = EXCLUDED.size, active = EXCLUDED.active;
INSERT INTO prices (variant_id, amount, currency) SELECT id, 5900, 'Br' FROM product_variants WHERE sku = 'SKU-66669' AND NOT EXISTS (SELECT 1 FROM prices WHERE variant_id = product_variants.id);
INSERT INTO product_images (product_id, url, position) VALUES (410, '/images/410/photo_2025-10-13-15.56.29.jpeg', 0) ON CONFLICT DO NOTHING;
INSERT INTO products (id, title, slug, description, thumbnail, active, base_price) VALUES (411, 'Original Disney Pok Print Canvas Slip-On Kids Shoes', 'original-disney-poke-print-canvas-slip-on-kids-shoes', '', '/images/411/img_2804.jpeg', True, 5400) ON CONFLICT (id) DO UPDATE SET title = EXCLUDED.title, slug = EXCLUDED.slug, description = EXCLUDED.description, thumbnail = EXCLUDED.thumbnail, active = EXCLUDED.active, base_price = EXCLUDED.base_price;
INSERT INTO product_variants (product_id, sku, size, color, stock_quantity, price_adjustment, active, image) VALUES (411, 'SKU-66628', 'disney sho6 32', NULL, 1, 0, true, NULL) ON CONFLICT (sku) DO UPDATE SET stock_quantity = EXCLUDED.stock_quantity, size = EXCLUDED.size, active = EXCLUDED.active;
INSERT INTO prices (variant_id, amount, currency) SELECT id, 5400, 'Br' FROM product_variants WHERE sku = 'SKU-66628' AND NOT EXISTS (SELECT 1 FROM prices WHERE variant_id = product_variants.id);
INSERT INTO product_variants (product_id, sku, size, color, stock_quantity, price_adjustment, active, image) VALUES (411, 'SKU-66629', 'disney sho6 33', NULL, 1, 0, true, NULL) ON CONFLICT (sku) DO UPDATE SET stock_quantity = EXCLUDED.stock_quantity, size = EXCLUDED.size, active = EXCLUDED.active;
INSERT INTO prices (variant_id, amount, currency) SELECT id, 5400, 'Br' FROM product_variants WHERE sku = 'SKU-66629' AND NOT EXISTS (SELECT 1 FROM prices WHERE variant_id = product_variants.id);
INSERT INTO product_variants (product_id, sku, size, color, stock_quantity, price_adjustment, active, image) VALUES (411, 'SKU-66630', 'disney sho6 38', NULL, 1, 0, true, NULL) ON CONFLICT (sku) DO UPDATE SET stock_quantity = EXCLUDED.stock_quantity, size = EXCLUDED.size, active = EXCLUDED.active;
INSERT INTO prices (variant_id, amount, currency) SELECT id, 5400, 'Br' FROM product_variants WHERE sku = 'SKU-66630' AND NOT EXISTS (SELECT 1 FROM prices WHERE variant_id = product_variants.id);
INSERT INTO product_images (product_id, url, position) VALUES (411, '/images/411/img_2804.jpeg', 0) ON CONFLICT DO NOTHING;
INSERT INTO product_images (product_id, url, position) VALUES (411, '/images/411/img_2806.jpeg', 1) ON CONFLICT DO NOTHING;
INSERT INTO product_images (product_id, url, position) VALUES (411, '/images/411/img_2805.jpeg', 2) ON CONFLICT DO NOTHING;
INSERT INTO product_images (product_id, url, position) VALUES (411, '/images/411/img_2807.jpeg', 3) ON CONFLICT DO NOTHING;
INSERT INTO product_images (product_id, url, position) VALUES (411, '/images/411/img_2808.jpeg', 4) ON CONFLICT DO NOTHING;
INSERT INTO products (id, title, slug, description, thumbnail, active, base_price) VALUES (412, 'Disney Original Hawaiian Rollercoaster Kids Sneaker', 'disney-original-hawaiian-rollercoaster-kids-sneaker', '', '/images/412/img_2763.jpeg', True, 5400) ON CONFLICT (id) DO UPDATE SET title = EXCLUDED.title, slug = EXCLUDED.slug, description = EXCLUDED.description, thumbnail = EXCLUDED.thumbnail, active = EXCLUDED.active, base_price = EXCLUDED.base_price;
INSERT INTO product_variants (product_id, sku, size, color, stock_quantity, price_adjustment, active, image) VALUES (412, 'SKU-66622', 'disney sho4 37', NULL, 1, 0, true, NULL) ON CONFLICT (sku) DO UPDATE SET stock_quantity = EXCLUDED.stock_quantity, size = EXCLUDED.size, active = EXCLUDED.active;
INSERT INTO prices (variant_id, amount, currency) SELECT id, 5400, 'Br' FROM product_variants WHERE sku = 'SKU-66622' AND NOT EXISTS (SELECT 1 FROM prices WHERE variant_id = product_variants.id);
INSERT INTO product_variants (product_id, sku, size, color, stock_quantity, price_adjustment, active, image) VALUES (412, 'SKU-66623', 'disney sho4 38', NULL, 1, 0, true, NULL) ON CONFLICT (sku) DO UPDATE SET stock_quantity = EXCLUDED.stock_quantity, size = EXCLUDED.size, active = EXCLUDED.active;
INSERT INTO prices (variant_id, amount, currency) SELECT id, 5400, 'Br' FROM product_variants WHERE sku = 'SKU-66623' AND NOT EXISTS (SELECT 1 FROM prices WHERE variant_id = product_variants.id);
INSERT INTO product_images (product_id, url, position) VALUES (412, '/images/412/img_2763.jpeg', 0) ON CONFLICT DO NOTHING;
INSERT INTO product_images (product_id, url, position) VALUES (412, '/images/412/img_2764.jpeg', 1) ON CONFLICT DO NOTHING;
INSERT INTO product_images (product_id, url, position) VALUES (412, '/images/412/img_2765.jpeg', 2) ON CONFLICT DO NOTHING;
INSERT INTO product_images (product_id, url, position) VALUES (412, '/images/412/img_2767.jpeg', 3) ON CONFLICT DO NOTHING;
INSERT INTO products (id, title, slug, description, thumbnail, active, base_price) VALUES (413, 'Original Disney Peach''s Pink Power Kicks Kids Shoes ', 'original-disney-peachs-pink-power-kicks-kids-shoes', '', '/images/413/img_2874.jpeg', True, 5400) ON CONFLICT (id) DO UPDATE SET title = EXCLUDED.title, slug = EXCLUDED.slug, description = EXCLUDED.description, thumbnail = EXCLUDED.thumbnail, active = EXCLUDED.active, base_price = EXCLUDED.base_price;
INSERT INTO product_variants (product_id, sku, size, color, stock_quantity, price_adjustment, active, image) VALUES (413, 'SKU-66652', 'disney 16 32', NULL, 1, 0, true, NULL) ON CONFLICT (sku) DO UPDATE SET stock_quantity = EXCLUDED.stock_quantity, size = EXCLUDED.size, active = EXCLUDED.active;
INSERT INTO prices (variant_id, amount, currency) SELECT id, 5400, 'Br' FROM product_variants WHERE sku = 'SKU-66652' AND NOT EXISTS (SELECT 1 FROM prices WHERE variant_id = product_variants.id);
INSERT INTO product_variants (product_id, sku, size, color, stock_quantity, price_adjustment, active, image) VALUES (413, 'SKU-66653', 'disney 16 35', NULL, 1, 0, true, NULL) ON CONFLICT (sku) DO UPDATE SET stock_quantity = EXCLUDED.stock_quantity, size = EXCLUDED.size, active = EXCLUDED.active;
INSERT INTO prices (variant_id, amount, currency) SELECT id, 5400, 'Br' FROM product_variants WHERE sku = 'SKU-66653' AND NOT EXISTS (SELECT 1 FROM prices WHERE variant_id = product_variants.id);
INSERT INTO product_variants (product_id, sku, size, color, stock_quantity, price_adjustment, active, image) VALUES (413, 'SKU-66654', 'disney 16 37', NULL, 1, 0, true, NULL) ON CONFLICT (sku) DO UPDATE SET stock_quantity = EXCLUDED.stock_quantity, size = EXCLUDED.size, active = EXCLUDED.active;
INSERT INTO prices (variant_id, amount, currency) SELECT id, 5400, 'Br' FROM product_variants WHERE sku = 'SKU-66654' AND NOT EXISTS (SELECT 1 FROM prices WHERE variant_id = product_variants.id);
INSERT INTO product_images (product_id, url, position) VALUES (413, '/images/413/img_2874.jpeg', 0) ON CONFLICT DO NOTHING;
INSERT INTO product_images (product_id, url, position) VALUES (413, '/images/413/img_2878.jpeg', 1) ON CONFLICT DO NOTHING;
INSERT INTO product_images (product_id, url, position) VALUES (413, '/images/413/img_2876.jpeg', 2) ON CONFLICT DO NOTHING;
INSERT INTO product_images (product_id, url, position) VALUES (413, '/images/413/img_2880.jpeg', 3) ON CONFLICT DO NOTHING;
INSERT INTO product_images (product_id, url, position) VALUES (413, '/images/413/img_2879.jpeg', 4) ON CONFLICT DO NOTHING;
INSERT INTO products (id, title, slug, description, thumbnail, active, base_price) VALUES (414, 'Disney Elphaba & Glinda Trainer Kids Shoes ', 'disney-elphaba-glinda-trainer-kids-shoes', '', '/images/414/img_2835.jpeg', True, 5400) ON CONFLICT (id) DO UPDATE SET title = EXCLUDED.title, slug = EXCLUDED.slug, description = EXCLUDED.description, thumbnail = EXCLUDED.thumbnail, active = EXCLUDED.active, base_price = EXCLUDED.base_price;
INSERT INTO product_variants (product_id, sku, size, color, stock_quantity, price_adjustment, active, image) VALUES (414, 'SKU-66642', 'disney sho11 38', NULL, 1, 0, true, NULL) ON CONFLICT (sku) DO UPDATE SET stock_quantity = EXCLUDED.stock_quantity, size = EXCLUDED.size, active = EXCLUDED.active;
INSERT INTO prices (variant_id, amount, currency) SELECT id, 5400, 'Br' FROM product_variants WHERE sku = 'SKU-66642' AND NOT EXISTS (SELECT 1 FROM prices WHERE variant_id = product_variants.id);
INSERT INTO product_images (product_id, url, position) VALUES (414, '/images/414/img_2835.jpeg', 0) ON CONFLICT DO NOTHING;
INSERT INTO products (id, title, slug, description, thumbnail, active, base_price) VALUES (415, 'Disney The Grogu Force High-Top Kids Shoes ', 'disney-the-grogu-force-high-top-kids-shoes', '', '/images/415/img_2810.jpeg', True, 5400) ON CONFLICT (id) DO UPDATE SET title = EXCLUDED.title, slug = EXCLUDED.slug, description = EXCLUDED.description, thumbnail = EXCLUDED.thumbnail, active = EXCLUDED.active, base_price = EXCLUDED.base_price;
INSERT INTO product_variants (product_id, sku, size, color, stock_quantity, price_adjustment, active, image) VALUES (415, 'SKU-66633', 'disney  sho8 25', NULL, 1, 0, true, NULL) ON CONFLICT (sku) DO UPDATE SET stock_quantity = EXCLUDED.stock_quantity, size = EXCLUDED.size, active = EXCLUDED.active;
INSERT INTO prices (variant_id, amount, currency) SELECT id, 5400, 'Br' FROM product_variants WHERE sku = 'SKU-66633' AND NOT EXISTS (SELECT 1 FROM prices WHERE variant_id = product_variants.id);
INSERT INTO product_variants (product_id, sku, size, color, stock_quantity, price_adjustment, active, image) VALUES (415, 'SKU-66634', 'disney  sho8 26', NULL, 1, 0, true, NULL) ON CONFLICT (sku) DO UPDATE SET stock_quantity = EXCLUDED.stock_quantity, size = EXCLUDED.size, active = EXCLUDED.active;
INSERT INTO prices (variant_id, amount, currency) SELECT id, 5400, 'Br' FROM product_variants WHERE sku = 'SKU-66634' AND NOT EXISTS (SELECT 1 FROM prices WHERE variant_id = product_variants.id);
INSERT INTO product_variants (product_id, sku, size, color, stock_quantity, price_adjustment, active, image) VALUES (415, 'SKU-66635', 'disney  sho8 27', NULL, 1, 0, true, NULL) ON CONFLICT (sku) DO UPDATE SET stock_quantity = EXCLUDED.stock_quantity, size = EXCLUDED.size, active = EXCLUDED.active;
INSERT INTO prices (variant_id, amount, currency) SELECT id, 5400, 'Br' FROM product_variants WHERE sku = 'SKU-66635' AND NOT EXISTS (SELECT 1 FROM prices WHERE variant_id = product_variants.id);
INSERT INTO product_variants (product_id, sku, size, color, stock_quantity, price_adjustment, active, image) VALUES (415, 'SKU-66636', 'disney  sho8 28', NULL, 1, 0, true, NULL) ON CONFLICT (sku) DO UPDATE SET stock_quantity = EXCLUDED.stock_quantity, size = EXCLUDED.size, active = EXCLUDED.active;
INSERT INTO prices (variant_id, amount, currency) SELECT id, 5400, 'Br' FROM product_variants WHERE sku = 'SKU-66636' AND NOT EXISTS (SELECT 1 FROM prices WHERE variant_id = product_variants.id);
INSERT INTO product_images (product_id, url, position) VALUES (415, '/images/415/img_2810.jpeg', 0) ON CONFLICT DO NOTHING;
INSERT INTO product_images (product_id, url, position) VALUES (415, '/images/415/img_2812.png', 1) ON CONFLICT DO NOTHING;
INSERT INTO product_images (product_id, url, position) VALUES (415, '/images/415/img_2811.jpeg', 2) ON CONFLICT DO NOTHING;
INSERT INTO product_images (product_id, url, position) VALUES (415, '/images/415/img_2813.jpeg', 3) ON CONFLICT DO NOTHING;
INSERT INTO products (id, title, slug, description, thumbnail, active, base_price) VALUES (416, 'Zara The Minimalist Ankle Stiletto Heels ', 'zara-the-minimalist-ankle-stiletto-heels', '', '/images/416/photo_2025-11-03-19.16.02.jpeg', True, 5800) ON CONFLICT (id) DO UPDATE SET title = EXCLUDED.title, slug = EXCLUDED.slug, description = EXCLUDED.description, thumbnail = EXCLUDED.thumbnail, active = EXCLUDED.active, base_price = EXCLUDED.base_price;
INSERT INTO product_variants (product_id, sku, size, color, stock_quantity, price_adjustment, active, image) VALUES (416, 'SKU-66712', 'hell3 39', NULL, 1, 0, true, NULL) ON CONFLICT (sku) DO UPDATE SET stock_quantity = EXCLUDED.stock_quantity, size = EXCLUDED.size, active = EXCLUDED.active;
INSERT INTO prices (variant_id, amount, currency) SELECT id, 5800, 'Br' FROM product_variants WHERE sku = 'SKU-66712' AND NOT EXISTS (SELECT 1 FROM prices WHERE variant_id = product_variants.id);
INSERT INTO product_images (product_id, url, position) VALUES (416, '/images/416/photo_2025-11-03-19.16.02.jpeg', 0) ON CONFLICT DO NOTHING;
INSERT INTO product_images (product_id, url, position) VALUES (416, '/images/416/img_0181.jpeg', 1) ON CONFLICT DO NOTHING;
INSERT INTO product_images (product_id, url, position) VALUES (416, '/images/416/img_0182.jpeg', 2) ON CONFLICT DO NOTHING;
INSERT INTO product_images (product_id, url, position) VALUES (416, '/images/416/img_0183.jpeg', 3) ON CONFLICT DO NOTHING;
INSERT INTO products (id, title, slug, description, thumbnail, active, base_price) VALUES (417, 'The Sculpted Core Shaper Vest Top', 'the-sculpted-core-shaper-vest', '', '/images/417/img_0054.jpeg', True, 4600) ON CONFLICT (id) DO UPDATE SET title = EXCLUDED.title, slug = EXCLUDED.slug, description = EXCLUDED.description, thumbnail = EXCLUDED.thumbnail, active = EXCLUDED.active, base_price = EXCLUDED.base_price;
INSERT INTO product_variants (product_id, sku, size, color, stock_quantity, price_adjustment, active, image) VALUES (417, 'SKU-66700', 'cor2 S', NULL, 1, 0, true, NULL) ON CONFLICT (sku) DO UPDATE SET stock_quantity = EXCLUDED.stock_quantity, size = EXCLUDED.size, active = EXCLUDED.active;
INSERT INTO prices (variant_id, amount, currency) SELECT id, 4600, 'Br' FROM product_variants WHERE sku = 'SKU-66700' AND NOT EXISTS (SELECT 1 FROM prices WHERE variant_id = product_variants.id);
INSERT INTO product_variants (product_id, sku, size, color, stock_quantity, price_adjustment, active, image) VALUES (417, 'SKU-66701', 'cor2 M', NULL, 1, 0, true, NULL) ON CONFLICT (sku) DO UPDATE SET stock_quantity = EXCLUDED.stock_quantity, size = EXCLUDED.size, active = EXCLUDED.active;
INSERT INTO prices (variant_id, amount, currency) SELECT id, 4600, 'Br' FROM product_variants WHERE sku = 'SKU-66701' AND NOT EXISTS (SELECT 1 FROM prices WHERE variant_id = product_variants.id);
INSERT INTO product_images (product_id, url, position) VALUES (417, '/images/417/img_0054.jpeg', 0) ON CONFLICT DO NOTHING;
INSERT INTO product_images (product_id, url, position) VALUES (417, '/images/417/img_0056.jpeg', 1) ON CONFLICT DO NOTHING;
INSERT INTO product_images (product_id, url, position) VALUES (417, '/images/417/img_0055.jpeg', 2) ON CONFLICT DO NOTHING;
INSERT INTO products (id, title, slug, description, thumbnail, active, base_price) VALUES (418, 'Midnight Dot Sequin Corset Top', 'midnight-dot-sequin-corset-top', '', '/images/418/img_0008.jpeg', True, 3400) ON CONFLICT (id) DO UPDATE SET title = EXCLUDED.title, slug = EXCLUDED.slug, description = EXCLUDED.description, thumbnail = EXCLUDED.thumbnail, active = EXCLUDED.active, base_price = EXCLUDED.base_price;
INSERT INTO product_variants (product_id, sku, size, color, stock_quantity, price_adjustment, active, image) VALUES (418, 'SKU-66686', 'cor bra XS', NULL, 1, 0, true, NULL) ON CONFLICT (sku) DO UPDATE SET stock_quantity = EXCLUDED.stock_quantity, size = EXCLUDED.size, active = EXCLUDED.active;
INSERT INTO prices (variant_id, amount, currency) SELECT id, 3400, 'Br' FROM product_variants WHERE sku = 'SKU-66686' AND NOT EXISTS (SELECT 1 FROM prices WHERE variant_id = product_variants.id);
INSERT INTO product_variants (product_id, sku, size, color, stock_quantity, price_adjustment, active, image) VALUES (418, 'SKU-66687', 'cor bra S', NULL, 1, 0, true, NULL) ON CONFLICT (sku) DO UPDATE SET stock_quantity = EXCLUDED.stock_quantity, size = EXCLUDED.size, active = EXCLUDED.active;
INSERT INTO prices (variant_id, amount, currency) SELECT id, 3400, 'Br' FROM product_variants WHERE sku = 'SKU-66687' AND NOT EXISTS (SELECT 1 FROM prices WHERE variant_id = product_variants.id);
INSERT INTO product_variants (product_id, sku, size, color, stock_quantity, price_adjustment, active, image) VALUES (418, 'SKU-66688', 'cor bra M', NULL, 1, 0, true, NULL) ON CONFLICT (sku) DO UPDATE SET stock_quantity = EXCLUDED.stock_quantity, size = EXCLUDED.size, active = EXCLUDED.active;
INSERT INTO prices (variant_id, amount, currency) SELECT id, 3400, 'Br' FROM product_variants WHERE sku = 'SKU-66688' AND NOT EXISTS (SELECT 1 FROM prices WHERE variant_id = product_variants.id);
INSERT INTO product_images (product_id, url, position) VALUES (418, '/images/418/img_0008.jpeg', 0) ON CONFLICT DO NOTHING;
INSERT INTO product_images (product_id, url, position) VALUES (418, '/images/418/img_0010.jpeg', 1) ON CONFLICT DO NOTHING;
INSERT INTO product_images (product_id, url, position) VALUES (418, '/images/418/img_0009.jpeg', 2) ON CONFLICT DO NOTHING;
INSERT INTO products (id, title, slug, description, thumbnail, active, base_price) VALUES (419, 'The Cherry Gloss Mini Bag', 'the-cherry-gloss-mini-bag', '', '/images/419/img_0634.jpeg', True, 3900) ON CONFLICT (id) DO UPDATE SET title = EXCLUDED.title, slug = EXCLUDED.slug, description = EXCLUDED.description, thumbnail = EXCLUDED.thumbnail, active = EXCLUDED.active, base_price = EXCLUDED.base_price;
INSERT INTO product_variants (product_id, sku, size, color, stock_quantity, price_adjustment, active, image) VALUES (419, 'SKU-66776', 'bag', NULL, 1, 0, true, NULL) ON CONFLICT (sku) DO UPDATE SET stock_quantity = EXCLUDED.stock_quantity, size = EXCLUDED.size, active = EXCLUDED.active;
INSERT INTO prices (variant_id, amount, currency) SELECT id, 3900, 'Br' FROM product_variants WHERE sku = 'SKU-66776' AND NOT EXISTS (SELECT 1 FROM prices WHERE variant_id = product_variants.id);
INSERT INTO product_images (product_id, url, position) VALUES (419, '/images/419/img_0634.jpeg', 0) ON CONFLICT DO NOTHING;
INSERT INTO product_images (product_id, url, position) VALUES (419, '/images/419/img_0632.jpeg', 1) ON CONFLICT DO NOTHING;
INSERT INTO product_images (product_id, url, position) VALUES (419, '/images/419/img_0633.jpeg', 2) ON CONFLICT DO NOTHING;
INSERT INTO products (id, title, slug, description, thumbnail, active, base_price) VALUES (420, 'Ruby Popcorn Cardigan Top', 'ruby-popcorn-cardigan-top', '', '/images/420/photo_2025-11-03-18.50.56.jpeg', True, 4400) ON CONFLICT (id) DO UPDATE SET title = EXCLUDED.title, slug = EXCLUDED.slug, description = EXCLUDED.description, thumbnail = EXCLUDED.thumbnail, active = EXCLUDED.active, base_price = EXCLUDED.base_price;
INSERT INTO product_variants (product_id, sku, size, color, stock_quantity, price_adjustment, active, image) VALUES (420, 'SKU-66769', 'cardigan  FREE', NULL, 1, 0, true, NULL) ON CONFLICT (sku) DO UPDATE SET stock_quantity = EXCLUDED.stock_quantity, size = EXCLUDED.size, active = EXCLUDED.active;
INSERT INTO prices (variant_id, amount, currency) SELECT id, 4400, 'Br' FROM product_variants WHERE sku = 'SKU-66769' AND NOT EXISTS (SELECT 1 FROM prices WHERE variant_id = product_variants.id);
INSERT INTO product_images (product_id, url, position) VALUES (420, '/images/420/photo_2025-11-03-18.50.56.jpeg', 0) ON CONFLICT DO NOTHING;
INSERT INTO product_images (product_id, url, position) VALUES (420, '/images/420/photo_2025-11-03-18.50.58.jpeg', 1) ON CONFLICT DO NOTHING;
INSERT INTO product_images (product_id, url, position) VALUES (420, '/images/420/img_0350.jpeg', 2) ON CONFLICT DO NOTHING;
INSERT INTO products (id, title, slug, description, thumbnail, active, base_price) VALUES (421, 'Nike High Neck Jumpsuit - White', 'nike-high-neck-jumpsuit-white', '', '/images/421/img_0345.jpeg', True, 3900) ON CONFLICT (id) DO UPDATE SET title = EXCLUDED.title, slug = EXCLUDED.slug, description = EXCLUDED.description, thumbnail = EXCLUDED.thumbnail, active = EXCLUDED.active, base_price = EXCLUDED.base_price;
INSERT INTO product_variants (product_id, sku, size, color, stock_quantity, price_adjustment, active, image) VALUES (421, 'SKU-66760', 'Nike High Neck Jumpsuit - White M', NULL, 1, 0, true, NULL) ON CONFLICT (sku) DO UPDATE SET stock_quantity = EXCLUDED.stock_quantity, size = EXCLUDED.size, active = EXCLUDED.active;
INSERT INTO prices (variant_id, amount, currency) SELECT id, 3900, 'Br' FROM product_variants WHERE sku = 'SKU-66760' AND NOT EXISTS (SELECT 1 FROM prices WHERE variant_id = product_variants.id);
INSERT INTO product_variants (product_id, sku, size, color, stock_quantity, price_adjustment, active, image) VALUES (421, 'SKU-66759', 'Nike High Neck Jumpsuit - White S', NULL, 1, 0, true, NULL) ON CONFLICT (sku) DO UPDATE SET stock_quantity = EXCLUDED.stock_quantity, size = EXCLUDED.size, active = EXCLUDED.active;
INSERT INTO prices (variant_id, amount, currency) SELECT id, 3900, 'Br' FROM product_variants WHERE sku = 'SKU-66759' AND NOT EXISTS (SELECT 1 FROM prices WHERE variant_id = product_variants.id);
INSERT INTO product_variants (product_id, sku, size, color, stock_quantity, price_adjustment, active, image) VALUES (421, 'SKU-66761', 'Nike High Neck Jumpsuit - White L', NULL, 1, 0, true, NULL) ON CONFLICT (sku) DO UPDATE SET stock_quantity = EXCLUDED.stock_quantity, size = EXCLUDED.size, active = EXCLUDED.active;
INSERT INTO prices (variant_id, amount, currency) SELECT id, 3900, 'Br' FROM product_variants WHERE sku = 'SKU-66761' AND NOT EXISTS (SELECT 1 FROM prices WHERE variant_id = product_variants.id);
INSERT INTO product_images (product_id, url, position) VALUES (421, '/images/421/img_0345.jpeg', 0) ON CONFLICT DO NOTHING;
INSERT INTO products (id, title, slug, description, thumbnail, active, base_price) VALUES (422, 'Forever 21 Active Wear High Quality Jumpsuit - Gray ', 'forever-21-active-wear-high-quality-jumpsuit-gray', '', '/images/422/img_2476__02.jpeg', True, 5900) ON CONFLICT (id) DO UPDATE SET title = EXCLUDED.title, slug = EXCLUDED.slug, description = EXCLUDED.description, thumbnail = EXCLUDED.thumbnail, active = EXCLUDED.active, base_price = EXCLUDED.base_price;
INSERT INTO product_variants (product_id, sku, size, color, stock_quantity, price_adjustment, active, image) VALUES (422, 'SKU-66730', 'Forever 21 Active Wear High Quality Jumpsuit M-L', NULL, 1, 0, true, NULL) ON CONFLICT (sku) DO UPDATE SET stock_quantity = EXCLUDED.stock_quantity, size = EXCLUDED.size, active = EXCLUDED.active;
INSERT INTO prices (variant_id, amount, currency) SELECT id, 5900, 'Br' FROM product_variants WHERE sku = 'SKU-66730' AND NOT EXISTS (SELECT 1 FROM prices WHERE variant_id = product_variants.id);
INSERT INTO product_images (product_id, url, position) VALUES (422, '/images/422/img_2476__02.jpeg', 0) ON CONFLICT DO NOTHING;
INSERT INTO products (id, title, slug, description, thumbnail, active, base_price) VALUES (423, 'Skater Distressed Long Shorts', 'skater-distressed-long-shorts', '', '/images/423/img_0228.jpeg', True, 4400) ON CONFLICT (id) DO UPDATE SET title = EXCLUDED.title, slug = EXCLUDED.slug, description = EXCLUDED.description, thumbnail = EXCLUDED.thumbnail, active = EXCLUDED.active, base_price = EXCLUDED.base_price;
INSERT INTO product_variants (product_id, sku, size, color, stock_quantity, price_adjustment, active, image) VALUES (423, 'SKU-66740', 'short L', NULL, 1, 0, true, NULL) ON CONFLICT (sku) DO UPDATE SET stock_quantity = EXCLUDED.stock_quantity, size = EXCLUDED.size, active = EXCLUDED.active;
INSERT INTO prices (variant_id, amount, currency) SELECT id, 4400, 'Br' FROM product_variants WHERE sku = 'SKU-66740' AND NOT EXISTS (SELECT 1 FROM prices WHERE variant_id = product_variants.id);
INSERT INTO product_variants (product_id, sku, size, color, stock_quantity, price_adjustment, active, image) VALUES (423, 'SKU-66741', 'short 2XL', NULL, 1, 0, true, NULL) ON CONFLICT (sku) DO UPDATE SET stock_quantity = EXCLUDED.stock_quantity, size = EXCLUDED.size, active = EXCLUDED.active;
INSERT INTO prices (variant_id, amount, currency) SELECT id, 4400, 'Br' FROM product_variants WHERE sku = 'SKU-66741' AND NOT EXISTS (SELECT 1 FROM prices WHERE variant_id = product_variants.id);
INSERT INTO product_images (product_id, url, position) VALUES (423, '/images/423/img_0228.jpeg', 0) ON CONFLICT DO NOTHING;
INSERT INTO product_images (product_id, url, position) VALUES (423, '/images/423/img_0226.jpeg', 1) ON CONFLICT DO NOTHING;
INSERT INTO products (id, title, slug, description, thumbnail, active, base_price) VALUES (424, 'Zara The ''90s Noir Shoulder Bag', 'zara-the-90s-noir-shoulder-bag', '', '/images/424/img_0252.jpeg', True, 4400) ON CONFLICT (id) DO UPDATE SET title = EXCLUDED.title, slug = EXCLUDED.slug, description = EXCLUDED.description, thumbnail = EXCLUDED.thumbnail, active = EXCLUDED.active, base_price = EXCLUDED.base_price;
INSERT INTO product_variants (product_id, sku, size, color, stock_quantity, price_adjustment, active, image) VALUES (424, 'SKU-66749', 'bag', NULL, 1, 0, true, NULL) ON CONFLICT (sku) DO UPDATE SET stock_quantity = EXCLUDED.stock_quantity, size = EXCLUDED.size, active = EXCLUDED.active;
INSERT INTO prices (variant_id, amount, currency) SELECT id, 4400, 'Br' FROM product_variants WHERE sku = 'SKU-66749' AND NOT EXISTS (SELECT 1 FROM prices WHERE variant_id = product_variants.id);
INSERT INTO product_images (product_id, url, position) VALUES (424, '/images/424/img_0252.jpeg', 0) ON CONFLICT DO NOTHING;
INSERT INTO product_images (product_id, url, position) VALUES (424, '/images/424/img_0253.jpeg', 1) ON CONFLICT DO NOTHING;
INSERT INTO product_images (product_id, url, position) VALUES (424, '/images/424/img_0254.jpeg', 2) ON CONFLICT DO NOTHING;
INSERT INTO products (id, title, slug, description, thumbnail, active, base_price) VALUES (425, 'Vertical Stripe Wide-Leg Jeans', 'vertical-stripe-wide-leg-jeans', '', '/images/425/img_0236.jpeg', True, 5400) ON CONFLICT (id) DO UPDATE SET title = EXCLUDED.title, slug = EXCLUDED.slug, description = EXCLUDED.description, thumbnail = EXCLUDED.thumbnail, active = EXCLUDED.active, base_price = EXCLUDED.base_price;
INSERT INTO product_variants (product_id, sku, size, color, stock_quantity, price_adjustment, active, image) VALUES (425, 'SKU-66737', 'jeans S', NULL, 1, 0, true, NULL) ON CONFLICT (sku) DO UPDATE SET stock_quantity = EXCLUDED.stock_quantity, size = EXCLUDED.size, active = EXCLUDED.active;
INSERT INTO prices (variant_id, amount, currency) SELECT id, 5400, 'Br' FROM product_variants WHERE sku = 'SKU-66737' AND NOT EXISTS (SELECT 1 FROM prices WHERE variant_id = product_variants.id);
INSERT INTO product_images (product_id, url, position) VALUES (425, '/images/425/img_0236.jpeg', 0) ON CONFLICT DO NOTHING;
INSERT INTO products (id, title, slug, description, thumbnail, active, base_price) VALUES (426, 'Ribbed Seamless Biker Romper - Blue', 'azure-flex-romper', '', '/images/426/img_0220.jpeg', True, 4900) ON CONFLICT (id) DO UPDATE SET title = EXCLUDED.title, slug = EXCLUDED.slug, description = EXCLUDED.description, thumbnail = EXCLUDED.thumbnail, active = EXCLUDED.active, base_price = EXCLUDED.base_price;
INSERT INTO product_variants (product_id, sku, size, color, stock_quantity, price_adjustment, active, image) VALUES (426, 'SKU-66731', 'romper 1 M', NULL, 1, 0, true, NULL) ON CONFLICT (sku) DO UPDATE SET stock_quantity = EXCLUDED.stock_quantity, size = EXCLUDED.size, active = EXCLUDED.active;
INSERT INTO prices (variant_id, amount, currency) SELECT id, 4900, 'Br' FROM product_variants WHERE sku = 'SKU-66731' AND NOT EXISTS (SELECT 1 FROM prices WHERE variant_id = product_variants.id);
INSERT INTO product_variants (product_id, sku, size, color, stock_quantity, price_adjustment, active, image) VALUES (426, 'SKU-66732', 'romper 1 L', NULL, 1, 0, true, NULL) ON CONFLICT (sku) DO UPDATE SET stock_quantity = EXCLUDED.stock_quantity, size = EXCLUDED.size, active = EXCLUDED.active;
INSERT INTO prices (variant_id, amount, currency) SELECT id, 4900, 'Br' FROM product_variants WHERE sku = 'SKU-66732' AND NOT EXISTS (SELECT 1 FROM prices WHERE variant_id = product_variants.id);
INSERT INTO product_variants (product_id, sku, size, color, stock_quantity, price_adjustment, active, image) VALUES (426, 'SKU-67243', 'romper 1 S', NULL, 1, 0, true, NULL) ON CONFLICT (sku) DO UPDATE SET stock_quantity = EXCLUDED.stock_quantity, size = EXCLUDED.size, active = EXCLUDED.active;
INSERT INTO prices (variant_id, amount, currency) SELECT id, 4900, 'Br' FROM product_variants WHERE sku = 'SKU-67243' AND NOT EXISTS (SELECT 1 FROM prices WHERE variant_id = product_variants.id);
INSERT INTO product_images (product_id, url, position) VALUES (426, '/images/426/img_0220.jpeg', 0) ON CONFLICT DO NOTHING;
INSERT INTO product_images (product_id, url, position) VALUES (426, '/images/426/img_0206.jpeg', 1) ON CONFLICT DO NOTHING;
INSERT INTO products (id, title, slug, description, thumbnail, active, base_price) VALUES (427, 'Zara Neon Coral Cross-Strap Pump Heels', 'zara-neon-coral-cross-strap-pump-heels', '', '/images/427/img_0185.jpeg', True, 5900) ON CONFLICT (id) DO UPDATE SET title = EXCLUDED.title, slug = EXCLUDED.slug, description = EXCLUDED.description, thumbnail = EXCLUDED.thumbnail, active = EXCLUDED.active, base_price = EXCLUDED.base_price;
INSERT INTO product_variants (product_id, sku, size, color, stock_quantity, price_adjustment, active, image) VALUES (427, 'SKU-66716', 'hell2 36', NULL, 1, 0, true, NULL) ON CONFLICT (sku) DO UPDATE SET stock_quantity = EXCLUDED.stock_quantity, size = EXCLUDED.size, active = EXCLUDED.active;
INSERT INTO prices (variant_id, amount, currency) SELECT id, 5900, 'Br' FROM product_variants WHERE sku = 'SKU-66716' AND NOT EXISTS (SELECT 1 FROM prices WHERE variant_id = product_variants.id);
INSERT INTO product_variants (product_id, sku, size, color, stock_quantity, price_adjustment, active, image) VALUES (427, 'SKU-66717', 'hell2 37', NULL, 1, 0, true, NULL) ON CONFLICT (sku) DO UPDATE SET stock_quantity = EXCLUDED.stock_quantity, size = EXCLUDED.size, active = EXCLUDED.active;
INSERT INTO prices (variant_id, amount, currency) SELECT id, 5900, 'Br' FROM product_variants WHERE sku = 'SKU-66717' AND NOT EXISTS (SELECT 1 FROM prices WHERE variant_id = product_variants.id);
INSERT INTO product_variants (product_id, sku, size, color, stock_quantity, price_adjustment, active, image) VALUES (427, 'SKU-66718', 'hell2 39', NULL, 1, 0, true, NULL) ON CONFLICT (sku) DO UPDATE SET stock_quantity = EXCLUDED.stock_quantity, size = EXCLUDED.size, active = EXCLUDED.active;
INSERT INTO prices (variant_id, amount, currency) SELECT id, 5900, 'Br' FROM product_variants WHERE sku = 'SKU-66718' AND NOT EXISTS (SELECT 1 FROM prices WHERE variant_id = product_variants.id);
INSERT INTO product_variants (product_id, sku, size, color, stock_quantity, price_adjustment, active, image) VALUES (427, 'SKU-66719', 'hell2 40', NULL, 1, 0, true, NULL) ON CONFLICT (sku) DO UPDATE SET stock_quantity = EXCLUDED.stock_quantity, size = EXCLUDED.size, active = EXCLUDED.active;
INSERT INTO prices (variant_id, amount, currency) SELECT id, 5900, 'Br' FROM product_variants WHERE sku = 'SKU-66719' AND NOT EXISTS (SELECT 1 FROM prices WHERE variant_id = product_variants.id);
INSERT INTO product_images (product_id, url, position) VALUES (427, '/images/427/img_0185.jpeg', 0) ON CONFLICT DO NOTHING;
INSERT INTO product_images (product_id, url, position) VALUES (427, '/images/427/img_0184.jpeg', 1) ON CONFLICT DO NOTHING;
INSERT INTO products (id, title, slug, description, thumbnail, active, base_price) VALUES (428, 'Vintage Bloom Lace Corset Top', 'vintage-bloom-lace-corset-top', '', '/images/428/photo_2025-11-03-19.22.44.jpeg', True, 2800) ON CONFLICT (id) DO UPDATE SET title = EXCLUDED.title, slug = EXCLUDED.slug, description = EXCLUDED.description, thumbnail = EXCLUDED.thumbnail, active = EXCLUDED.active, base_price = EXCLUDED.base_price;
INSERT INTO product_variants (product_id, sku, size, color, stock_quantity, price_adjustment, active, image) VALUES (428, 'SKU-66785', 'croptop 78/82', NULL, 1, 0, true, NULL) ON CONFLICT (sku) DO UPDATE SET stock_quantity = EXCLUDED.stock_quantity, size = EXCLUDED.size, active = EXCLUDED.active;
INSERT INTO prices (variant_id, amount, currency) SELECT id, 2800, 'Br' FROM product_variants WHERE sku = 'SKU-66785' AND NOT EXISTS (SELECT 1 FROM prices WHERE variant_id = product_variants.id);
INSERT INTO product_variants (product_id, sku, size, color, stock_quantity, price_adjustment, active, image) VALUES (428, 'SKU-66784', 'croptop 73/77', NULL, 1, 0, true, NULL) ON CONFLICT (sku) DO UPDATE SET stock_quantity = EXCLUDED.stock_quantity, size = EXCLUDED.size, active = EXCLUDED.active;
INSERT INTO prices (variant_id, amount, currency) SELECT id, 2800, 'Br' FROM product_variants WHERE sku = 'SKU-66784' AND NOT EXISTS (SELECT 1 FROM prices WHERE variant_id = product_variants.id);
INSERT INTO product_images (product_id, url, position) VALUES (428, '/images/428/photo_2025-11-03-19.22.44.jpeg', 0) ON CONFLICT DO NOTHING;
INSERT INTO product_images (product_id, url, position) VALUES (428, '/images/428/img_0686.jpeg', 1) ON CONFLICT DO NOTHING;
INSERT INTO products (id, title, slug, description, thumbnail, active, base_price) VALUES (429, 'Red Strappy Bustier Top', 'red-strappy-bustier-top', '', '/images/429/img_0667.jpeg', True, 2800) ON CONFLICT (id) DO UPDATE SET title = EXCLUDED.title, slug = EXCLUDED.slug, description = EXCLUDED.description, thumbnail = EXCLUDED.thumbnail, active = EXCLUDED.active, base_price = EXCLUDED.base_price;
INSERT INTO product_variants (product_id, sku, size, color, stock_quantity, price_adjustment, active, image) VALUES (429, 'SKU-66779', 'crop top 38/85', NULL, 1, 0, true, NULL) ON CONFLICT (sku) DO UPDATE SET stock_quantity = EXCLUDED.stock_quantity, size = EXCLUDED.size, active = EXCLUDED.active;
INSERT INTO prices (variant_id, amount, currency) SELECT id, 2800, 'Br' FROM product_variants WHERE sku = 'SKU-66779' AND NOT EXISTS (SELECT 1 FROM prices WHERE variant_id = product_variants.id);
INSERT INTO product_images (product_id, url, position) VALUES (429, '/images/429/img_0667.jpeg', 0) ON CONFLICT DO NOTHING;
INSERT INTO product_images (product_id, url, position) VALUES (429, '/images/429/img_0666.jpeg', 1) ON CONFLICT DO NOTHING;
INSERT INTO product_images (product_id, url, position) VALUES (429, '/images/429/img_0665.jpeg', 2) ON CONFLICT DO NOTHING;
INSERT INTO products (id, title, slug, description, thumbnail, active, base_price) VALUES (430, 'Vintage Burgundy Shoulder Bag', 'vintage-burgundy-shoulder-bag', '', '/images/430/img_0630.jpeg', True, 4500) ON CONFLICT (id) DO UPDATE SET title = EXCLUDED.title, slug = EXCLUDED.slug, description = EXCLUDED.description, thumbnail = EXCLUDED.thumbnail, active = EXCLUDED.active, base_price = EXCLUDED.base_price;
INSERT INTO product_variants (product_id, sku, size, color, stock_quantity, price_adjustment, active, image) VALUES (430, 'SKU-66775', 'bag', NULL, 1, 0, true, NULL) ON CONFLICT (sku) DO UPDATE SET stock_quantity = EXCLUDED.stock_quantity, size = EXCLUDED.size, active = EXCLUDED.active;
INSERT INTO prices (variant_id, amount, currency) SELECT id, 4500, 'Br' FROM product_variants WHERE sku = 'SKU-66775' AND NOT EXISTS (SELECT 1 FROM prices WHERE variant_id = product_variants.id);
INSERT INTO product_images (product_id, url, position) VALUES (430, '/images/430/img_0630.jpeg', 0) ON CONFLICT DO NOTHING;
INSERT INTO products (id, title, slug, description, thumbnail, active, base_price) VALUES (431, 'Velvet Corset Crop Top', 'velvet-corset-crop-top', '', '/images/431/img_0276.jpeg', True, 2800) ON CONFLICT (id) DO UPDATE SET title = EXCLUDED.title, slug = EXCLUDED.slug, description = EXCLUDED.description, thumbnail = EXCLUDED.thumbnail, active = EXCLUDED.active, base_price = EXCLUDED.base_price;
INSERT INTO product_variants (product_id, sku, size, color, stock_quantity, price_adjustment, active, image) VALUES (431, 'SKU-66754', 'crop top 36/40', NULL, 1, 0, true, NULL) ON CONFLICT (sku) DO UPDATE SET stock_quantity = EXCLUDED.stock_quantity, size = EXCLUDED.size, active = EXCLUDED.active;
INSERT INTO prices (variant_id, amount, currency) SELECT id, 2800, 'Br' FROM product_variants WHERE sku = 'SKU-66754' AND NOT EXISTS (SELECT 1 FROM prices WHERE variant_id = product_variants.id);
INSERT INTO product_images (product_id, url, position) VALUES (431, '/images/431/img_0276.jpeg', 0) ON CONFLICT DO NOTHING;
INSERT INTO product_images (product_id, url, position) VALUES (431, '/images/431/img_0277.jpeg', 1) ON CONFLICT DO NOTHING;
INSERT INTO products (id, title, slug, description, thumbnail, active, base_price) VALUES (432, 'Lace-Up Printed Corset Top', 'lace-up-printed-corset-top', '', '/images/432/photo_2025-11-03-19.27.35.jpeg', True, 2400) ON CONFLICT (id) DO UPDATE SET title = EXCLUDED.title, slug = EXCLUDED.slug, description = EXCLUDED.description, thumbnail = EXCLUDED.thumbnail, active = EXCLUDED.active, base_price = EXCLUDED.base_price;
INSERT INTO product_variants (product_id, sku, size, color, stock_quantity, price_adjustment, active, image) VALUES (432, 'SKU-66752', 'top XL', NULL, 1, 0, true, NULL) ON CONFLICT (sku) DO UPDATE SET stock_quantity = EXCLUDED.stock_quantity, size = EXCLUDED.size, active = EXCLUDED.active;
INSERT INTO prices (variant_id, amount, currency) SELECT id, 2400, 'Br' FROM product_variants WHERE sku = 'SKU-66752' AND NOT EXISTS (SELECT 1 FROM prices WHERE variant_id = product_variants.id);
INSERT INTO product_images (product_id, url, position) VALUES (432, '/images/432/photo_2025-11-03-19.27.35.jpeg', 0) ON CONFLICT DO NOTHING;
INSERT INTO products (id, title, slug, description, thumbnail, active, base_price) VALUES (433, 'Ribbed Seamless Biker Romper - Grey', 'ribbed-seamless-biker-romper-grey', '', '/images/433/img_0225.jpeg', True, 4900) ON CONFLICT (id) DO UPDATE SET title = EXCLUDED.title, slug = EXCLUDED.slug, description = EXCLUDED.description, thumbnail = EXCLUDED.thumbnail, active = EXCLUDED.active, base_price = EXCLUDED.base_price;
INSERT INTO product_variants (product_id, sku, size, color, stock_quantity, price_adjustment, active, image) VALUES (433, 'SKU-66742', 'romp M', NULL, 1, 0, true, NULL) ON CONFLICT (sku) DO UPDATE SET stock_quantity = EXCLUDED.stock_quantity, size = EXCLUDED.size, active = EXCLUDED.active;
INSERT INTO prices (variant_id, amount, currency) SELECT id, 4900, 'Br' FROM product_variants WHERE sku = 'SKU-66742' AND NOT EXISTS (SELECT 1 FROM prices WHERE variant_id = product_variants.id);
INSERT INTO product_variants (product_id, sku, size, color, stock_quantity, price_adjustment, active, image) VALUES (433, 'SKU-66743', 'romp L', NULL, 1, 0, true, NULL) ON CONFLICT (sku) DO UPDATE SET stock_quantity = EXCLUDED.stock_quantity, size = EXCLUDED.size, active = EXCLUDED.active;
INSERT INTO prices (variant_id, amount, currency) SELECT id, 4900, 'Br' FROM product_variants WHERE sku = 'SKU-66743' AND NOT EXISTS (SELECT 1 FROM prices WHERE variant_id = product_variants.id);
INSERT INTO product_images (product_id, url, position) VALUES (433, '/images/433/img_0225.jpeg', 0) ON CONFLICT DO NOTHING;
INSERT INTO products (id, title, slug, description, thumbnail, active, base_price) VALUES (434, 'Black Bow Knit Cardigan', 'black-bow-knit-cardigan', '', '/images/434/photo_2025-11-03-19.20.45.jpeg', True, 4400) ON CONFLICT (id) DO UPDATE SET title = EXCLUDED.title, slug = EXCLUDED.slug, description = EXCLUDED.description, thumbnail = EXCLUDED.thumbnail, active = EXCLUDED.active, base_price = EXCLUDED.base_price;
INSERT INTO product_variants (product_id, sku, size, color, stock_quantity, price_adjustment, active, image) VALUES (434, 'SKU-66728', 'knot2 FREE', NULL, 1, 0, true, NULL) ON CONFLICT (sku) DO UPDATE SET stock_quantity = EXCLUDED.stock_quantity, size = EXCLUDED.size, active = EXCLUDED.active;
INSERT INTO prices (variant_id, amount, currency) SELECT id, 4400, 'Br' FROM product_variants WHERE sku = 'SKU-66728' AND NOT EXISTS (SELECT 1 FROM prices WHERE variant_id = product_variants.id);
INSERT INTO product_images (product_id, url, position) VALUES (434, '/images/434/photo_2025-11-03-19.20.45.jpeg', 0) ON CONFLICT DO NOTHING;
INSERT INTO product_images (product_id, url, position) VALUES (434, '/images/434/img_0200.jpeg', 1) ON CONFLICT DO NOTHING;
INSERT INTO product_images (product_id, url, position) VALUES (434, '/images/434/img_0201.jpeg', 2) ON CONFLICT DO NOTHING;
INSERT INTO products (id, title, slug, description, thumbnail, active, base_price) VALUES (435, 'Scarlet Bustier Red Corset Crop Top  ', 'scarlet-bustier-red-corset-crop-top', '', '/images/435/photo_2025-11-03-19.19.21.jpeg', True, 2800) ON CONFLICT (id) DO UPDATE SET title = EXCLUDED.title, slug = EXCLUDED.slug, description = EXCLUDED.description, thumbnail = EXCLUDED.thumbnail, active = EXCLUDED.active, base_price = EXCLUDED.base_price;
INSERT INTO product_variants (product_id, sku, size, color, stock_quantity, price_adjustment, active, image) VALUES (435, 'SKU-66782', 'crop top 34/75', NULL, 1, 0, true, NULL) ON CONFLICT (sku) DO UPDATE SET stock_quantity = EXCLUDED.stock_quantity, size = EXCLUDED.size, active = EXCLUDED.active;
INSERT INTO prices (variant_id, amount, currency) SELECT id, 2800, 'Br' FROM product_variants WHERE sku = 'SKU-66782' AND NOT EXISTS (SELECT 1 FROM prices WHERE variant_id = product_variants.id);
INSERT INTO product_variants (product_id, sku, size, color, stock_quantity, price_adjustment, active, image) VALUES (435, 'SKU-66783', 'crop top 38/85', NULL, 1, 0, true, NULL) ON CONFLICT (sku) DO UPDATE SET stock_quantity = EXCLUDED.stock_quantity, size = EXCLUDED.size, active = EXCLUDED.active;
INSERT INTO prices (variant_id, amount, currency) SELECT id, 2800, 'Br' FROM product_variants WHERE sku = 'SKU-66783' AND NOT EXISTS (SELECT 1 FROM prices WHERE variant_id = product_variants.id);
INSERT INTO product_images (product_id, url, position) VALUES (435, '/images/435/photo_2025-11-03-19.19.21.jpeg', 0) ON CONFLICT DO NOTHING;
INSERT INTO product_images (product_id, url, position) VALUES (435, '/images/435/img_0668.jpeg', 1) ON CONFLICT DO NOTHING;
INSERT INTO products (id, title, slug, description, thumbnail, active, base_price) VALUES (436, 'Sleek One-Piece Romper with Front Zipper Swimming Suit', 'sleek-one-piece-romper-with-front-zipper-swimming-suit', '', '/images/436/img_1096.jpeg', True, 3900) ON CONFLICT (id) DO UPDATE SET title = EXCLUDED.title, slug = EXCLUDED.slug, description = EXCLUDED.description, thumbnail = EXCLUDED.thumbnail, active = EXCLUDED.active, base_price = EXCLUDED.base_price;
INSERT INTO product_variants (product_id, sku, size, color, stock_quantity, price_adjustment, active, image) VALUES (436, 'SKU-66832', 'swimsuit M', NULL, 1, 0, true, NULL) ON CONFLICT (sku) DO UPDATE SET stock_quantity = EXCLUDED.stock_quantity, size = EXCLUDED.size, active = EXCLUDED.active;
INSERT INTO prices (variant_id, amount, currency) SELECT id, 3900, 'Br' FROM product_variants WHERE sku = 'SKU-66832' AND NOT EXISTS (SELECT 1 FROM prices WHERE variant_id = product_variants.id);
INSERT INTO product_variants (product_id, sku, size, color, stock_quantity, price_adjustment, active, image) VALUES (436, 'SKU-66833', 'swimsuit L', NULL, 1, 0, true, NULL) ON CONFLICT (sku) DO UPDATE SET stock_quantity = EXCLUDED.stock_quantity, size = EXCLUDED.size, active = EXCLUDED.active;
INSERT INTO prices (variant_id, amount, currency) SELECT id, 3900, 'Br' FROM product_variants WHERE sku = 'SKU-66833' AND NOT EXISTS (SELECT 1 FROM prices WHERE variant_id = product_variants.id);
INSERT INTO product_variants (product_id, sku, size, color, stock_quantity, price_adjustment, active, image) VALUES (436, 'SKU-66834', 'swimsuit XL', NULL, 1, 0, true, NULL) ON CONFLICT (sku) DO UPDATE SET stock_quantity = EXCLUDED.stock_quantity, size = EXCLUDED.size, active = EXCLUDED.active;
INSERT INTO prices (variant_id, amount, currency) SELECT id, 3900, 'Br' FROM product_variants WHERE sku = 'SKU-66834' AND NOT EXISTS (SELECT 1 FROM prices WHERE variant_id = product_variants.id);
INSERT INTO product_images (product_id, url, position) VALUES (436, '/images/436/img_1096.jpeg', 0) ON CONFLICT DO NOTHING;
INSERT INTO product_images (product_id, url, position) VALUES (436, '/images/436/img_1097.jpeg', 1) ON CONFLICT DO NOTHING;
INSERT INTO products (id, title, slug, description, thumbnail, active, base_price) VALUES (437, 'Forever21 Dark Noir Low-Cut Stretchy Tank Top Thong Bodysuit', 'forever21-dark-noir-low-cut-stretchy-tank-top-thong-bodysuit', '', '/images/437/photo_2025-09-22-19.03.00.jpeg', True, 2900) ON CONFLICT (id) DO UPDATE SET title = EXCLUDED.title, slug = EXCLUDED.slug, description = EXCLUDED.description, thumbnail = EXCLUDED.thumbnail, active = EXCLUDED.active, base_price = EXCLUDED.base_price;
INSERT INTO product_variants (product_id, sku, size, color, stock_quantity, price_adjustment, active, image) VALUES (437, 'SKU-67027', 'bodysuit L', NULL, 1, 0, true, NULL) ON CONFLICT (sku) DO UPDATE SET stock_quantity = EXCLUDED.stock_quantity, size = EXCLUDED.size, active = EXCLUDED.active;
INSERT INTO prices (variant_id, amount, currency) SELECT id, 2900, 'Br' FROM product_variants WHERE sku = 'SKU-67027' AND NOT EXISTS (SELECT 1 FROM prices WHERE variant_id = product_variants.id);
INSERT INTO product_images (product_id, url, position) VALUES (437, '/images/437/photo_2025-09-22-19.03.00.jpeg', 0) ON CONFLICT DO NOTHING;
INSERT INTO product_images (product_id, url, position) VALUES (437, '/images/437/forever21-dark-noir-low-cut-stretchy-tank-top-thong-bodysuit.png', 1) ON CONFLICT DO NOTHING;
INSERT INTO products (id, title, slug, description, thumbnail, active, base_price) VALUES (438, 'Forever21 Light Lavender Purple and White Striped Heart Detail Bodysuit', 'forever21-light-lavender-purple-and-white-striped-heart-detail-bodysuit', '', '/images/438/photo_2025-09-22-19.03.24.jpeg', True, 2900) ON CONFLICT (id) DO UPDATE SET title = EXCLUDED.title, slug = EXCLUDED.slug, description = EXCLUDED.description, thumbnail = EXCLUDED.thumbnail, active = EXCLUDED.active, base_price = EXCLUDED.base_price;
INSERT INTO product_variants (product_id, sku, size, color, stock_quantity, price_adjustment, active, image) VALUES (438, 'SKU-67032', 'bodysuit M', NULL, 1, 0, true, NULL) ON CONFLICT (sku) DO UPDATE SET stock_quantity = EXCLUDED.stock_quantity, size = EXCLUDED.size, active = EXCLUDED.active;
INSERT INTO prices (variant_id, amount, currency) SELECT id, 2900, 'Br' FROM product_variants WHERE sku = 'SKU-67032' AND NOT EXISTS (SELECT 1 FROM prices WHERE variant_id = product_variants.id);
INSERT INTO product_images (product_id, url, position) VALUES (438, '/images/438/photo_2025-09-22-19.03.24.jpeg', 0) ON CONFLICT DO NOTHING;
INSERT INTO product_images (product_id, url, position) VALUES (438, '/images/438/photo_2025-11-03-17.58.45.jpeg', 1) ON CONFLICT DO NOTHING;
INSERT INTO products (id, title, slug, description, thumbnail, active, base_price) VALUES (439, 'Forever21 Sleeveless White Criss-Cross Strap Open Back Tank Top', 'forever21-sleeveless-white-criss-cross-strap-open-back-tank-top', '', '/images/439/photo_2025-09-20-14.39.04.jpeg', True, 2400) ON CONFLICT (id) DO UPDATE SET title = EXCLUDED.title, slug = EXCLUDED.slug, description = EXCLUDED.description, thumbnail = EXCLUDED.thumbnail, active = EXCLUDED.active, base_price = EXCLUDED.base_price;
INSERT INTO product_variants (product_id, sku, size, color, stock_quantity, price_adjustment, active, image) VALUES (439, 'SKU-67033', 'top M', NULL, 1, 0, true, NULL) ON CONFLICT (sku) DO UPDATE SET stock_quantity = EXCLUDED.stock_quantity, size = EXCLUDED.size, active = EXCLUDED.active;
INSERT INTO prices (variant_id, amount, currency) SELECT id, 2400, 'Br' FROM product_variants WHERE sku = 'SKU-67033' AND NOT EXISTS (SELECT 1 FROM prices WHERE variant_id = product_variants.id);
INSERT INTO product_images (product_id, url, position) VALUES (439, '/images/439/photo_2025-09-20-14.39.04.jpeg', 0) ON CONFLICT DO NOTHING;
INSERT INTO products (id, title, slug, description, thumbnail, active, base_price) VALUES (440, 'Classic Brown Solid Color Sleeveless Bodycon Dress - White', 'classic-brown-solid-color-sleeveless-bodycon-dress-white', '', '/images/440/img_9537.jpeg', True, 3900) ON CONFLICT (id) DO UPDATE SET title = EXCLUDED.title, slug = EXCLUDED.slug, description = EXCLUDED.description, thumbnail = EXCLUDED.thumbnail, active = EXCLUDED.active, base_price = EXCLUDED.base_price;
INSERT INTO product_variants (product_id, sku, size, color, stock_quantity, price_adjustment, active, image) VALUES (440, 'SKU-67096', 'DRESS S', NULL, 1, 0, true, NULL) ON CONFLICT (sku) DO UPDATE SET stock_quantity = EXCLUDED.stock_quantity, size = EXCLUDED.size, active = EXCLUDED.active;
INSERT INTO prices (variant_id, amount, currency) SELECT id, 3900, 'Br' FROM product_variants WHERE sku = 'SKU-67096' AND NOT EXISTS (SELECT 1 FROM prices WHERE variant_id = product_variants.id);
INSERT INTO product_variants (product_id, sku, size, color, stock_quantity, price_adjustment, active, image) VALUES (440, 'SKU-67097', 'DRESS M', NULL, 1, 0, true, NULL) ON CONFLICT (sku) DO UPDATE SET stock_quantity = EXCLUDED.stock_quantity, size = EXCLUDED.size, active = EXCLUDED.active;
INSERT INTO prices (variant_id, amount, currency) SELECT id, 3900, 'Br' FROM product_variants WHERE sku = 'SKU-67097' AND NOT EXISTS (SELECT 1 FROM prices WHERE variant_id = product_variants.id);
INSERT INTO product_images (product_id, url, position) VALUES (440, '/images/440/img_9537.jpeg', 0) ON CONFLICT DO NOTHING;
INSERT INTO product_images (product_id, url, position) VALUES (440, '/images/440/img_9535.jpeg', 1) ON CONFLICT DO NOTHING;
INSERT INTO product_images (product_id, url, position) VALUES (440, '/images/440/img_9536.jpeg', 2) ON CONFLICT DO NOTHING;
INSERT INTO products (id, title, slug, description, thumbnail, active, base_price) VALUES (441, 'Edgy Black Faux Leather Strappy Block Heel Sandals', 'edgy-black-faux-leather-strappy-block-heel-sandals', '', '/images/441/img_1110.jpeg', True, 5600) ON CONFLICT (id) DO UPDATE SET title = EXCLUDED.title, slug = EXCLUDED.slug, description = EXCLUDED.description, thumbnail = EXCLUDED.thumbnail, active = EXCLUDED.active, base_price = EXCLUDED.base_price;
INSERT INTO product_variants (product_id, sku, size, color, stock_quantity, price_adjustment, active, image) VALUES (441, 'SKU-67061', 'SHO 38', NULL, 1, 0, true, NULL) ON CONFLICT (sku) DO UPDATE SET stock_quantity = EXCLUDED.stock_quantity, size = EXCLUDED.size, active = EXCLUDED.active;
INSERT INTO prices (variant_id, amount, currency) SELECT id, 5600, 'Br' FROM product_variants WHERE sku = 'SKU-67061' AND NOT EXISTS (SELECT 1 FROM prices WHERE variant_id = product_variants.id);
INSERT INTO product_images (product_id, url, position) VALUES (441, '/images/441/img_1110.jpeg', 0) ON CONFLICT DO NOTHING;
INSERT INTO product_images (product_id, url, position) VALUES (441, '/images/441/img_1109.jpeg', 1) ON CONFLICT DO NOTHING;
INSERT INTO products (id, title, slug, description, thumbnail, active, base_price) VALUES (442, 'Forever21 Grey Fitted Long-Sleeve Crew Neck Bodysuit', 'forever21-grey-fitted-long-sleeve-crew-neck-bodysuit', '', '/images/442/photo_2025-09-22-19.03.27.jpeg', True, 2900) ON CONFLICT (id) DO UPDATE SET title = EXCLUDED.title, slug = EXCLUDED.slug, description = EXCLUDED.description, thumbnail = EXCLUDED.thumbnail, active = EXCLUDED.active, base_price = EXCLUDED.base_price;
INSERT INTO product_variants (product_id, sku, size, color, stock_quantity, price_adjustment, active, image) VALUES (442, 'SKU-67018', 'bodysuit S', NULL, 1, 0, true, NULL) ON CONFLICT (sku) DO UPDATE SET stock_quantity = EXCLUDED.stock_quantity, size = EXCLUDED.size, active = EXCLUDED.active;
INSERT INTO prices (variant_id, amount, currency) SELECT id, 2900, 'Br' FROM product_variants WHERE sku = 'SKU-67018' AND NOT EXISTS (SELECT 1 FROM prices WHERE variant_id = product_variants.id);
INSERT INTO product_images (product_id, url, position) VALUES (442, '/images/442/photo_2025-09-22-19.03.27.jpeg', 0) ON CONFLICT DO NOTHING;
INSERT INTO product_images (product_id, url, position) VALUES (442, '/images/442/forever21-grey-fitted-long-sleeve-crew-neck-bodysuit.png', 1) ON CONFLICT DO NOTHING;
INSERT INTO products (id, title, slug, description, thumbnail, active, base_price) VALUES (443, 'Black and White Contrast Panel Sleeveless Maxi Tank Dress', 'black-and-white-contrast-panel-sleeveless-maxi-tank-dress', '', '/images/443/img_1122.jpeg', True, 5600) ON CONFLICT (id) DO UPDATE SET title = EXCLUDED.title, slug = EXCLUDED.slug, description = EXCLUDED.description, thumbnail = EXCLUDED.thumbnail, active = EXCLUDED.active, base_price = EXCLUDED.base_price;
INSERT INTO product_variants (product_id, sku, size, color, stock_quantity, price_adjustment, active, image) VALUES (443, 'SKU-67065', 'dress S', NULL, 1, 0, true, NULL) ON CONFLICT (sku) DO UPDATE SET stock_quantity = EXCLUDED.stock_quantity, size = EXCLUDED.size, active = EXCLUDED.active;
INSERT INTO prices (variant_id, amount, currency) SELECT id, 5600, 'Br' FROM product_variants WHERE sku = 'SKU-67065' AND NOT EXISTS (SELECT 1 FROM prices WHERE variant_id = product_variants.id);
INSERT INTO product_variants (product_id, sku, size, color, stock_quantity, price_adjustment, active, image) VALUES (443, 'SKU-67066', 'dress M', NULL, 1, 0, true, NULL) ON CONFLICT (sku) DO UPDATE SET stock_quantity = EXCLUDED.stock_quantity, size = EXCLUDED.size, active = EXCLUDED.active;
INSERT INTO prices (variant_id, amount, currency) SELECT id, 5600, 'Br' FROM product_variants WHERE sku = 'SKU-67066' AND NOT EXISTS (SELECT 1 FROM prices WHERE variant_id = product_variants.id);
INSERT INTO product_variants (product_id, sku, size, color, stock_quantity, price_adjustment, active, image) VALUES (443, 'SKU-67067', 'dress L', NULL, 1, 0, true, NULL) ON CONFLICT (sku) DO UPDATE SET stock_quantity = EXCLUDED.stock_quantity, size = EXCLUDED.size, active = EXCLUDED.active;
INSERT INTO prices (variant_id, amount, currency) SELECT id, 5600, 'Br' FROM product_variants WHERE sku = 'SKU-67067' AND NOT EXISTS (SELECT 1 FROM prices WHERE variant_id = product_variants.id);
INSERT INTO product_images (product_id, url, position) VALUES (443, '/images/443/img_1122.jpeg', 0) ON CONFLICT DO NOTHING;
INSERT INTO product_images (product_id, url, position) VALUES (443, '/images/443/img_1127.jpeg', 1) ON CONFLICT DO NOTHING;
INSERT INTO product_images (product_id, url, position) VALUES (443, '/images/443/img_1119.jpeg', 2) ON CONFLICT DO NOTHING;
INSERT INTO product_images (product_id, url, position) VALUES (443, '/images/443/img_1120.jpeg', 3) ON CONFLICT DO NOTHING;
INSERT INTO products (id, title, slug, description, thumbnail, active, base_price) VALUES (444, 'Clean White Sleeveless Sweetheart Neckline Tie-Front Crop Top', 'clean-white-sleeveless-sweetheart-neckline-tie-front-crop-top', '', '/images/444/img_0121.jpeg', True, 2900) ON CONFLICT (id) DO UPDATE SET title = EXCLUDED.title, slug = EXCLUDED.slug, description = EXCLUDED.description, thumbnail = EXCLUDED.thumbnail, active = EXCLUDED.active, base_price = EXCLUDED.base_price;
INSERT INTO product_variants (product_id, sku, size, color, stock_quantity, price_adjustment, active, image) VALUES (444, 'SKU-67127', 'TOP S', NULL, 1, 0, true, NULL) ON CONFLICT (sku) DO UPDATE SET stock_quantity = EXCLUDED.stock_quantity, size = EXCLUDED.size, active = EXCLUDED.active;
INSERT INTO prices (variant_id, amount, currency) SELECT id, 2900, 'Br' FROM product_variants WHERE sku = 'SKU-67127' AND NOT EXISTS (SELECT 1 FROM prices WHERE variant_id = product_variants.id);
INSERT INTO product_variants (product_id, sku, size, color, stock_quantity, price_adjustment, active, image) VALUES (444, 'SKU-67128', 'TOP M', NULL, 1, 0, true, NULL) ON CONFLICT (sku) DO UPDATE SET stock_quantity = EXCLUDED.stock_quantity, size = EXCLUDED.size, active = EXCLUDED.active;
INSERT INTO prices (variant_id, amount, currency) SELECT id, 2900, 'Br' FROM product_variants WHERE sku = 'SKU-67128' AND NOT EXISTS (SELECT 1 FROM prices WHERE variant_id = product_variants.id);
INSERT INTO product_variants (product_id, sku, size, color, stock_quantity, price_adjustment, active, image) VALUES (444, 'SKU-67129', 'TOP L', NULL, 1, 0, true, NULL) ON CONFLICT (sku) DO UPDATE SET stock_quantity = EXCLUDED.stock_quantity, size = EXCLUDED.size, active = EXCLUDED.active;
INSERT INTO prices (variant_id, amount, currency) SELECT id, 2900, 'Br' FROM product_variants WHERE sku = 'SKU-67129' AND NOT EXISTS (SELECT 1 FROM prices WHERE variant_id = product_variants.id);
INSERT INTO product_images (product_id, url, position) VALUES (444, '/images/444/img_0121.jpeg', 0) ON CONFLICT DO NOTHING;
INSERT INTO products (id, title, slug, description, thumbnail, active, base_price) VALUES (445, 'Vibrant Cobalt Blue Ruched Side Sleeveless Mini Scatter Dress', 'vibrant-cobalt-blue-ruched-side-sleeveless-mini-scatter-dress', '', '/images/445/img_0324.jpeg', True, 4400) ON CONFLICT (id) DO UPDATE SET title = EXCLUDED.title, slug = EXCLUDED.slug, description = EXCLUDED.description, thumbnail = EXCLUDED.thumbnail, active = EXCLUDED.active, base_price = EXCLUDED.base_price;
INSERT INTO product_variants (product_id, sku, size, color, stock_quantity, price_adjustment, active, image) VALUES (445, 'SKU-67134', 'DRESS FREE', NULL, 1, 0, true, NULL) ON CONFLICT (sku) DO UPDATE SET stock_quantity = EXCLUDED.stock_quantity, size = EXCLUDED.size, active = EXCLUDED.active;
INSERT INTO prices (variant_id, amount, currency) SELECT id, 4400, 'Br' FROM product_variants WHERE sku = 'SKU-67134' AND NOT EXISTS (SELECT 1 FROM prices WHERE variant_id = product_variants.id);
INSERT INTO product_images (product_id, url, position) VALUES (445, '/images/445/img_0324.jpeg', 0) ON CONFLICT DO NOTHING;
INSERT INTO product_images (product_id, url, position) VALUES (445, '/images/445/img_0325.jpeg', 1) ON CONFLICT DO NOTHING;
INSERT INTO products (id, title, slug, description, thumbnail, active, base_price) VALUES (446, 'North Face Puffer Vest Jacket', 'north-face-puffer-vest-jacket', '', '/images/446/img_7796.jpeg', True, 3900) ON CONFLICT (id) DO UPDATE SET title = EXCLUDED.title, slug = EXCLUDED.slug, description = EXCLUDED.description, thumbnail = EXCLUDED.thumbnail, active = EXCLUDED.active, base_price = EXCLUDED.base_price;
INSERT INTO product_variants (product_id, sku, size, color, stock_quantity, price_adjustment, active, image) VALUES (446, 'SKU-67203', 'JACKET S-M', NULL, 1, 0, true, NULL) ON CONFLICT (sku) DO UPDATE SET stock_quantity = EXCLUDED.stock_quantity, size = EXCLUDED.size, active = EXCLUDED.active;
INSERT INTO prices (variant_id, amount, currency) SELECT id, 3900, 'Br' FROM product_variants WHERE sku = 'SKU-67203' AND NOT EXISTS (SELECT 1 FROM prices WHERE variant_id = product_variants.id);
INSERT INTO product_images (product_id, url, position) VALUES (446, '/images/446/img_7796.jpeg', 0) ON CONFLICT DO NOTHING;
INSERT INTO products (id, title, slug, description, thumbnail, active, base_price) VALUES (447, 'ALO Tank Top - Burgendy', 'alo-tank-top-burgendy', '', '/images/447/img_7539.jpeg', True, 1900) ON CONFLICT (id) DO UPDATE SET title = EXCLUDED.title, slug = EXCLUDED.slug, description = EXCLUDED.description, thumbnail = EXCLUDED.thumbnail, active = EXCLUDED.active, base_price = EXCLUDED.base_price;
INSERT INTO product_variants (product_id, sku, size, color, stock_quantity, price_adjustment, active, image) VALUES (447, 'SKU-67177', 'TOP S', NULL, 1, 0, true, NULL) ON CONFLICT (sku) DO UPDATE SET stock_quantity = EXCLUDED.stock_quantity, size = EXCLUDED.size, active = EXCLUDED.active;
INSERT INTO prices (variant_id, amount, currency) SELECT id, 1900, 'Br' FROM product_variants WHERE sku = 'SKU-67177' AND NOT EXISTS (SELECT 1 FROM prices WHERE variant_id = product_variants.id);
INSERT INTO product_variants (product_id, sku, size, color, stock_quantity, price_adjustment, active, image) VALUES (447, 'SKU-67178', 'TOP M', NULL, 1, 0, true, NULL) ON CONFLICT (sku) DO UPDATE SET stock_quantity = EXCLUDED.stock_quantity, size = EXCLUDED.size, active = EXCLUDED.active;
INSERT INTO prices (variant_id, amount, currency) SELECT id, 1900, 'Br' FROM product_variants WHERE sku = 'SKU-67178' AND NOT EXISTS (SELECT 1 FROM prices WHERE variant_id = product_variants.id);
INSERT INTO product_variants (product_id, sku, size, color, stock_quantity, price_adjustment, active, image) VALUES (447, 'SKU-67179', 'TOP L', NULL, 1, 0, true, NULL) ON CONFLICT (sku) DO UPDATE SET stock_quantity = EXCLUDED.stock_quantity, size = EXCLUDED.size, active = EXCLUDED.active;
INSERT INTO prices (variant_id, amount, currency) SELECT id, 1900, 'Br' FROM product_variants WHERE sku = 'SKU-67179' AND NOT EXISTS (SELECT 1 FROM prices WHERE variant_id = product_variants.id);
INSERT INTO product_images (product_id, url, position) VALUES (447, '/images/447/img_7539.jpeg', 0) ON CONFLICT DO NOTHING;
INSERT INTO products (id, title, slug, description, thumbnail, active, base_price) VALUES (448, 'Cat Lable Asymetric Offshoulder Sweater - Grey Blue', 'cat-lable-asymetric-offshoulder-sweater-b', '', '/images/448/img_9714.jpeg', True, 2900) ON CONFLICT (id) DO UPDATE SET title = EXCLUDED.title, slug = EXCLUDED.slug, description = EXCLUDED.description, thumbnail = EXCLUDED.thumbnail, active = EXCLUDED.active, base_price = EXCLUDED.base_price;
INSERT INTO product_variants (product_id, sku, size, color, stock_quantity, price_adjustment, active, image) VALUES (448, 'SKU-67144', 'TOP S', NULL, 1, 0, true, NULL) ON CONFLICT (sku) DO UPDATE SET stock_quantity = EXCLUDED.stock_quantity, size = EXCLUDED.size, active = EXCLUDED.active;
INSERT INTO prices (variant_id, amount, currency) SELECT id, 2900, 'Br' FROM product_variants WHERE sku = 'SKU-67144' AND NOT EXISTS (SELECT 1 FROM prices WHERE variant_id = product_variants.id);
INSERT INTO product_variants (product_id, sku, size, color, stock_quantity, price_adjustment, active, image) VALUES (448, 'SKU-67145', 'TOP M', NULL, 1, 0, true, NULL) ON CONFLICT (sku) DO UPDATE SET stock_quantity = EXCLUDED.stock_quantity, size = EXCLUDED.size, active = EXCLUDED.active;
INSERT INTO prices (variant_id, amount, currency) SELECT id, 2900, 'Br' FROM product_variants WHERE sku = 'SKU-67145' AND NOT EXISTS (SELECT 1 FROM prices WHERE variant_id = product_variants.id);
INSERT INTO product_variants (product_id, sku, size, color, stock_quantity, price_adjustment, active, image) VALUES (448, 'SKU-67146', 'TOP L', NULL, 1, 0, true, NULL) ON CONFLICT (sku) DO UPDATE SET stock_quantity = EXCLUDED.stock_quantity, size = EXCLUDED.size, active = EXCLUDED.active;
INSERT INTO prices (variant_id, amount, currency) SELECT id, 2900, 'Br' FROM product_variants WHERE sku = 'SKU-67146' AND NOT EXISTS (SELECT 1 FROM prices WHERE variant_id = product_variants.id);
INSERT INTO product_images (product_id, url, position) VALUES (448, '/images/448/img_9714.jpeg', 0) ON CONFLICT DO NOTHING;
INSERT INTO product_images (product_id, url, position) VALUES (448, '/images/448/img_9708.jpeg', 1) ON CONFLICT DO NOTHING;
INSERT INTO products (id, title, slug, description, thumbnail, active, base_price) VALUES (449, 'Classic Blue Jean Rolled Hem Summer Casual Shorts', 'classic-blue-jean-rolled-hem-summer-casual-shorts', '', '/images/449/img_2880.jpg', True, 4400) ON CONFLICT (id) DO UPDATE SET title = EXCLUDED.title, slug = EXCLUDED.slug, description = EXCLUDED.description, thumbnail = EXCLUDED.thumbnail, active = EXCLUDED.active, base_price = EXCLUDED.base_price;
INSERT INTO product_variants (product_id, sku, size, color, stock_quantity, price_adjustment, active, image) VALUES (449, 'SKU-67343', 'SHORT S', NULL, 1, 0, true, NULL) ON CONFLICT (sku) DO UPDATE SET stock_quantity = EXCLUDED.stock_quantity, size = EXCLUDED.size, active = EXCLUDED.active;
INSERT INTO prices (variant_id, amount, currency) SELECT id, 4400, 'Br' FROM product_variants WHERE sku = 'SKU-67343' AND NOT EXISTS (SELECT 1 FROM prices WHERE variant_id = product_variants.id);
INSERT INTO product_variants (product_id, sku, size, color, stock_quantity, price_adjustment, active, image) VALUES (449, 'SKU-67344', 'SHORT M', NULL, 1, 0, true, NULL) ON CONFLICT (sku) DO UPDATE SET stock_quantity = EXCLUDED.stock_quantity, size = EXCLUDED.size, active = EXCLUDED.active;
INSERT INTO prices (variant_id, amount, currency) SELECT id, 4400, 'Br' FROM product_variants WHERE sku = 'SKU-67344' AND NOT EXISTS (SELECT 1 FROM prices WHERE variant_id = product_variants.id);
INSERT INTO product_variants (product_id, sku, size, color, stock_quantity, price_adjustment, active, image) VALUES (449, 'SKU-67345', 'SHORT L', NULL, 1, 0, true, NULL) ON CONFLICT (sku) DO UPDATE SET stock_quantity = EXCLUDED.stock_quantity, size = EXCLUDED.size, active = EXCLUDED.active;
INSERT INTO prices (variant_id, amount, currency) SELECT id, 4400, 'Br' FROM product_variants WHERE sku = 'SKU-67345' AND NOT EXISTS (SELECT 1 FROM prices WHERE variant_id = product_variants.id);
INSERT INTO product_variants (product_id, sku, size, color, stock_quantity, price_adjustment, active, image) VALUES (449, 'SKU-67346', 'SHORT XL', NULL, 1, 0, true, NULL) ON CONFLICT (sku) DO UPDATE SET stock_quantity = EXCLUDED.stock_quantity, size = EXCLUDED.size, active = EXCLUDED.active;
INSERT INTO prices (variant_id, amount, currency) SELECT id, 4400, 'Br' FROM product_variants WHERE sku = 'SKU-67346' AND NOT EXISTS (SELECT 1 FROM prices WHERE variant_id = product_variants.id);
INSERT INTO product_images (product_id, url, position) VALUES (449, '/images/449/img_2880.jpg', 0) ON CONFLICT DO NOTHING;
INSERT INTO product_images (product_id, url, position) VALUES (449, '/images/449/img_2878.jpg', 1) ON CONFLICT DO NOTHING;
INSERT INTO products (id, title, slug, description, thumbnail, active, base_price) VALUES (450, 'Elegant Light Tan Crochet Detailed Long Sleeve Sweater Top ', 'elegant-light-tan-crochet-detailed-long-sleeve-sweater-top', '', '/images/450/img_3016.jpg', True, 4400) ON CONFLICT (id) DO UPDATE SET title = EXCLUDED.title, slug = EXCLUDED.slug, description = EXCLUDED.description, thumbnail = EXCLUDED.thumbnail, active = EXCLUDED.active, base_price = EXCLUDED.base_price;
INSERT INTO product_variants (product_id, sku, size, color, stock_quantity, price_adjustment, active, image) VALUES (450, 'SKU-67373', 'cardigan  FREE', NULL, 1, 0, true, NULL) ON CONFLICT (sku) DO UPDATE SET stock_quantity = EXCLUDED.stock_quantity, size = EXCLUDED.size, active = EXCLUDED.active;
INSERT INTO prices (variant_id, amount, currency) SELECT id, 4400, 'Br' FROM product_variants WHERE sku = 'SKU-67373' AND NOT EXISTS (SELECT 1 FROM prices WHERE variant_id = product_variants.id);
INSERT INTO product_images (product_id, url, position) VALUES (450, '/images/450/img_3016.jpg', 0) ON CONFLICT DO NOTHING;
INSERT INTO product_images (product_id, url, position) VALUES (450, '/images/450/img_3019.jpg', 1) ON CONFLICT DO NOTHING;
INSERT INTO products (id, title, slug, description, thumbnail, active, base_price) VALUES (451, 'Warm Beige Ribbed Knit Bodycon Strapless Mini Dress', 'warm-beige-ribbed-knit-bodycon-strapless-mini-dress', '', '/images/451/img_2933-2.jpg', True, 4900) ON CONFLICT (id) DO UPDATE SET title = EXCLUDED.title, slug = EXCLUDED.slug, description = EXCLUDED.description, thumbnail = EXCLUDED.thumbnail, active = EXCLUDED.active, base_price = EXCLUDED.base_price;
INSERT INTO product_variants (product_id, sku, size, color, stock_quantity, price_adjustment, active, image) VALUES (451, 'SKU-67352', 'knit dress S-M', NULL, 1, 0, true, NULL) ON CONFLICT (sku) DO UPDATE SET stock_quantity = EXCLUDED.stock_quantity, size = EXCLUDED.size, active = EXCLUDED.active;
INSERT INTO prices (variant_id, amount, currency) SELECT id, 4900, 'Br' FROM product_variants WHERE sku = 'SKU-67352' AND NOT EXISTS (SELECT 1 FROM prices WHERE variant_id = product_variants.id);
INSERT INTO product_images (product_id, url, position) VALUES (451, '/images/451/img_2933-2.jpg', 0) ON CONFLICT DO NOTHING;
INSERT INTO product_images (product_id, url, position) VALUES (451, '/images/451/img_2932__02.jpg', 1) ON CONFLICT DO NOTHING;
INSERT INTO product_images (product_id, url, position) VALUES (451, '/images/451/img_2931-2.jpg', 2) ON CONFLICT DO NOTHING;
INSERT INTO products (id, title, slug, description, thumbnail, active, base_price) VALUES (452, 'Pale Blue Wash High-Waisted Raw Hem Boyfriend Denim Shorts', 'pale-blue-wash-high-waisted-raw-hem-boyfriend-denim-shorts', '', '/images/452/img_2882.jpg', True, 4400) ON CONFLICT (id) DO UPDATE SET title = EXCLUDED.title, slug = EXCLUDED.slug, description = EXCLUDED.description, thumbnail = EXCLUDED.thumbnail, active = EXCLUDED.active, base_price = EXCLUDED.base_price;
INSERT INTO product_variants (product_id, sku, size, color, stock_quantity, price_adjustment, active, image) VALUES (452, 'SKU-67335', 'SHORT S', NULL, 1, 0, true, NULL) ON CONFLICT (sku) DO UPDATE SET stock_quantity = EXCLUDED.stock_quantity, size = EXCLUDED.size, active = EXCLUDED.active;
INSERT INTO prices (variant_id, amount, currency) SELECT id, 4400, 'Br' FROM product_variants WHERE sku = 'SKU-67335' AND NOT EXISTS (SELECT 1 FROM prices WHERE variant_id = product_variants.id);
INSERT INTO product_variants (product_id, sku, size, color, stock_quantity, price_adjustment, active, image) VALUES (452, 'SKU-67336', 'SHORT M', NULL, 1, 0, true, NULL) ON CONFLICT (sku) DO UPDATE SET stock_quantity = EXCLUDED.stock_quantity, size = EXCLUDED.size, active = EXCLUDED.active;
INSERT INTO prices (variant_id, amount, currency) SELECT id, 4400, 'Br' FROM product_variants WHERE sku = 'SKU-67336' AND NOT EXISTS (SELECT 1 FROM prices WHERE variant_id = product_variants.id);
INSERT INTO product_variants (product_id, sku, size, color, stock_quantity, price_adjustment, active, image) VALUES (452, 'SKU-67337', 'SHORT L', NULL, 1, 0, true, NULL) ON CONFLICT (sku) DO UPDATE SET stock_quantity = EXCLUDED.stock_quantity, size = EXCLUDED.size, active = EXCLUDED.active;
INSERT INTO prices (variant_id, amount, currency) SELECT id, 4400, 'Br' FROM product_variants WHERE sku = 'SKU-67337' AND NOT EXISTS (SELECT 1 FROM prices WHERE variant_id = product_variants.id);
INSERT INTO product_variants (product_id, sku, size, color, stock_quantity, price_adjustment, active, image) VALUES (452, 'SKU-67338', 'SHORT XL', NULL, 1, 0, true, NULL) ON CONFLICT (sku) DO UPDATE SET stock_quantity = EXCLUDED.stock_quantity, size = EXCLUDED.size, active = EXCLUDED.active;
INSERT INTO prices (variant_id, amount, currency) SELECT id, 4400, 'Br' FROM product_variants WHERE sku = 'SKU-67338' AND NOT EXISTS (SELECT 1 FROM prices WHERE variant_id = product_variants.id);
INSERT INTO product_variants (product_id, sku, size, color, stock_quantity, price_adjustment, active, image) VALUES (452, 'SKU-67339', 'SHORT 2XL', NULL, 1, 0, true, NULL) ON CONFLICT (sku) DO UPDATE SET stock_quantity = EXCLUDED.stock_quantity, size = EXCLUDED.size, active = EXCLUDED.active;
INSERT INTO prices (variant_id, amount, currency) SELECT id, 4400, 'Br' FROM product_variants WHERE sku = 'SKU-67339' AND NOT EXISTS (SELECT 1 FROM prices WHERE variant_id = product_variants.id);
INSERT INTO product_images (product_id, url, position) VALUES (452, '/images/452/img_2882.jpg', 0) ON CONFLICT DO NOTHING;
INSERT INTO product_images (product_id, url, position) VALUES (452, '/images/452/img_2883.jpg', 1) ON CONFLICT DO NOTHING;
INSERT INTO products (id, title, slug, description, thumbnail, active, base_price) VALUES (453, 'Grey Long-Sleeve Maxi Dress with Flared Hem', 'grey-long-sleeve-maxi-dress-with-flared-hem', '', '/images/453/img_7370.jpeg', True, 5400) ON CONFLICT (id) DO UPDATE SET title = EXCLUDED.title, slug = EXCLUDED.slug, description = EXCLUDED.description, thumbnail = EXCLUDED.thumbnail, active = EXCLUDED.active, base_price = EXCLUDED.base_price;
INSERT INTO product_variants (product_id, sku, size, color, stock_quantity, price_adjustment, active, image) VALUES (453, 'SKU-67181', 'DRES M', NULL, 1, 0, true, NULL) ON CONFLICT (sku) DO UPDATE SET stock_quantity = EXCLUDED.stock_quantity, size = EXCLUDED.size, active = EXCLUDED.active;
INSERT INTO prices (variant_id, amount, currency) SELECT id, 5400, 'Br' FROM product_variants WHERE sku = 'SKU-67181' AND NOT EXISTS (SELECT 1 FROM prices WHERE variant_id = product_variants.id);
INSERT INTO product_variants (product_id, sku, size, color, stock_quantity, price_adjustment, active, image) VALUES (453, 'SKU-67182', 'DRES L', NULL, 1, 0, true, NULL) ON CONFLICT (sku) DO UPDATE SET stock_quantity = EXCLUDED.stock_quantity, size = EXCLUDED.size, active = EXCLUDED.active;
INSERT INTO prices (variant_id, amount, currency) SELECT id, 5400, 'Br' FROM product_variants WHERE sku = 'SKU-67182' AND NOT EXISTS (SELECT 1 FROM prices WHERE variant_id = product_variants.id);
INSERT INTO product_variants (product_id, sku, size, color, stock_quantity, price_adjustment, active, image) VALUES (453, '0-67238', 'DRES S', NULL, 1, 0, true, NULL) ON CONFLICT (sku) DO UPDATE SET stock_quantity = EXCLUDED.stock_quantity, size = EXCLUDED.size, active = EXCLUDED.active;
INSERT INTO prices (variant_id, amount, currency) SELECT id, 5400, 'Br' FROM product_variants WHERE sku = '0-67238' AND NOT EXISTS (SELECT 1 FROM prices WHERE variant_id = product_variants.id);
INSERT INTO product_images (product_id, url, position) VALUES (453, '/images/453/img_7370.jpeg', 0) ON CONFLICT DO NOTHING;
INSERT INTO product_images (product_id, url, position) VALUES (453, '/images/453/img_7369.jpeg', 1) ON CONFLICT DO NOTHING;
INSERT INTO product_images (product_id, url, position) VALUES (453, '/images/453/img_7371.jpeg', 2) ON CONFLICT DO NOTHING;
INSERT INTO products (id, title, slug, description, thumbnail, active, base_price) VALUES (454, 'Basic Cream Ribbed Knit Fitted Cami and Midi Skirt Set', 'basic-cream-ribbed-knit-fitted-cami-and-midi-skirt-set', '', '/images/454/img_6802.jpeg', True, 4800) ON CONFLICT (id) DO UPDATE SET title = EXCLUDED.title, slug = EXCLUDED.slug, description = EXCLUDED.description, thumbnail = EXCLUDED.thumbnail, active = EXCLUDED.active, base_price = EXCLUDED.base_price;
INSERT INTO product_variants (product_id, sku, size, color, stock_quantity, price_adjustment, active, image) VALUES (454, 'SKU-67225', 'SET L', NULL, 1, 0, true, NULL) ON CONFLICT (sku) DO UPDATE SET stock_quantity = EXCLUDED.stock_quantity, size = EXCLUDED.size, active = EXCLUDED.active;
INSERT INTO prices (variant_id, amount, currency) SELECT id, 4800, 'Br' FROM product_variants WHERE sku = 'SKU-67225' AND NOT EXISTS (SELECT 1 FROM prices WHERE variant_id = product_variants.id);
INSERT INTO product_images (product_id, url, position) VALUES (454, '/images/454/img_6802.jpeg', 0) ON CONFLICT DO NOTHING;
INSERT INTO product_images (product_id, url, position) VALUES (454, '/images/454/img_6803.jpeg', 1) ON CONFLICT DO NOTHING;
INSERT INTO products (id, title, slug, description, thumbnail, active, base_price) VALUES (455, 'Clean White Button-Front Flowy Long-Sleeve Summer Dress', 'clean-white-button-front-flowy-long-sleeve-summer-dress', '', '/images/455/img_1356.jpeg', True, 4400) ON CONFLICT (id) DO UPDATE SET title = EXCLUDED.title, slug = EXCLUDED.slug, description = EXCLUDED.description, thumbnail = EXCLUDED.thumbnail, active = EXCLUDED.active, base_price = EXCLUDED.base_price;
INSERT INTO product_variants (product_id, sku, size, color, stock_quantity, price_adjustment, active, image) VALUES (455, 'SKU-67221', 'DRESS S-M', NULL, 1, 0, true, NULL) ON CONFLICT (sku) DO UPDATE SET stock_quantity = EXCLUDED.stock_quantity, size = EXCLUDED.size, active = EXCLUDED.active;
INSERT INTO prices (variant_id, amount, currency) SELECT id, 4400, 'Br' FROM product_variants WHERE sku = 'SKU-67221' AND NOT EXISTS (SELECT 1 FROM prices WHERE variant_id = product_variants.id);
INSERT INTO product_images (product_id, url, position) VALUES (455, '/images/455/img_1356.jpeg', 0) ON CONFLICT DO NOTHING;
INSERT INTO product_images (product_id, url, position) VALUES (455, '/images/455/img_1357.jpeg', 1) ON CONFLICT DO NOTHING;
INSERT INTO product_images (product_id, url, position) VALUES (455, '/images/455/clean-white-button-front-flowy-long-sleeve-summer-dres.jpeg', 2) ON CONFLICT DO NOTHING;
INSERT INTO products (id, title, slug, description, thumbnail, active, base_price) VALUES (456, 'Dark Charcoal Grey Sparkling Decor High-Waisted Wide Leg Jeans', 'dark-charcoal-grey-sparkling-decor-high-waisted-wide-leg-jeans', '', '/images/456/img_2836.jpg', True, 5600) ON CONFLICT (id) DO UPDATE SET title = EXCLUDED.title, slug = EXCLUDED.slug, description = EXCLUDED.description, thumbnail = EXCLUDED.thumbnail, active = EXCLUDED.active, base_price = EXCLUDED.base_price;
INSERT INTO product_variants (product_id, sku, size, color, stock_quantity, price_adjustment, active, image) VALUES (456, 'SKU-67272', 'JEANS S', NULL, 1, 0, true, NULL) ON CONFLICT (sku) DO UPDATE SET stock_quantity = EXCLUDED.stock_quantity, size = EXCLUDED.size, active = EXCLUDED.active;
INSERT INTO prices (variant_id, amount, currency) SELECT id, 5600, 'Br' FROM product_variants WHERE sku = 'SKU-67272' AND NOT EXISTS (SELECT 1 FROM prices WHERE variant_id = product_variants.id);
INSERT INTO product_variants (product_id, sku, size, color, stock_quantity, price_adjustment, active, image) VALUES (456, 'SKU-67273', 'JEANS M', NULL, 1, 0, true, NULL) ON CONFLICT (sku) DO UPDATE SET stock_quantity = EXCLUDED.stock_quantity, size = EXCLUDED.size, active = EXCLUDED.active;
INSERT INTO prices (variant_id, amount, currency) SELECT id, 5600, 'Br' FROM product_variants WHERE sku = 'SKU-67273' AND NOT EXISTS (SELECT 1 FROM prices WHERE variant_id = product_variants.id);
INSERT INTO product_variants (product_id, sku, size, color, stock_quantity, price_adjustment, active, image) VALUES (456, 'SKU-67274', 'JEANS L', NULL, 1, 0, true, NULL) ON CONFLICT (sku) DO UPDATE SET stock_quantity = EXCLUDED.stock_quantity, size = EXCLUDED.size, active = EXCLUDED.active;
INSERT INTO prices (variant_id, amount, currency) SELECT id, 5600, 'Br' FROM product_variants WHERE sku = 'SKU-67274' AND NOT EXISTS (SELECT 1 FROM prices WHERE variant_id = product_variants.id);
INSERT INTO product_variants (product_id, sku, size, color, stock_quantity, price_adjustment, active, image) VALUES (456, 'SKU-67275', 'JEANS XL', NULL, 1, 0, true, NULL) ON CONFLICT (sku) DO UPDATE SET stock_quantity = EXCLUDED.stock_quantity, size = EXCLUDED.size, active = EXCLUDED.active;
INSERT INTO prices (variant_id, amount, currency) SELECT id, 5600, 'Br' FROM product_variants WHERE sku = 'SKU-67275' AND NOT EXISTS (SELECT 1 FROM prices WHERE variant_id = product_variants.id);
INSERT INTO product_images (product_id, url, position) VALUES (456, '/images/456/img_2836.jpg', 0) ON CONFLICT DO NOTHING;
INSERT INTO product_images (product_id, url, position) VALUES (456, '/images/456/img_2837.jpg', 1) ON CONFLICT DO NOTHING;
INSERT INTO products (id, title, slug, description, thumbnail, active, base_price) VALUES (457, 'Unique Pink and Tan Two-Tone Patchwork High-Rise Straight Jeans', 'unique-pink-and-tan-two-tone-patchwork-high-rise-straight-jeans', '', '/images/457/img_2866.jpg', True, 5400) ON CONFLICT (id) DO UPDATE SET title = EXCLUDED.title, slug = EXCLUDED.slug, description = EXCLUDED.description, thumbnail = EXCLUDED.thumbnail, active = EXCLUDED.active, base_price = EXCLUDED.base_price;
INSERT INTO product_variants (product_id, sku, size, color, stock_quantity, price_adjustment, active, image) VALUES (457, 'SKU-67282', 'JEANS S', NULL, 1, 0, true, NULL) ON CONFLICT (sku) DO UPDATE SET stock_quantity = EXCLUDED.stock_quantity, size = EXCLUDED.size, active = EXCLUDED.active;
INSERT INTO prices (variant_id, amount, currency) SELECT id, 5400, 'Br' FROM product_variants WHERE sku = 'SKU-67282' AND NOT EXISTS (SELECT 1 FROM prices WHERE variant_id = product_variants.id);
INSERT INTO product_variants (product_id, sku, size, color, stock_quantity, price_adjustment, active, image) VALUES (457, 'SKU-67283', 'JEANS M', NULL, 1, 0, true, NULL) ON CONFLICT (sku) DO UPDATE SET stock_quantity = EXCLUDED.stock_quantity, size = EXCLUDED.size, active = EXCLUDED.active;
INSERT INTO prices (variant_id, amount, currency) SELECT id, 5400, 'Br' FROM product_variants WHERE sku = 'SKU-67283' AND NOT EXISTS (SELECT 1 FROM prices WHERE variant_id = product_variants.id);
INSERT INTO product_variants (product_id, sku, size, color, stock_quantity, price_adjustment, active, image) VALUES (457, 'SKU-67284', 'JEANS L', NULL, 1, 0, true, NULL) ON CONFLICT (sku) DO UPDATE SET stock_quantity = EXCLUDED.stock_quantity, size = EXCLUDED.size, active = EXCLUDED.active;
INSERT INTO prices (variant_id, amount, currency) SELECT id, 5400, 'Br' FROM product_variants WHERE sku = 'SKU-67284' AND NOT EXISTS (SELECT 1 FROM prices WHERE variant_id = product_variants.id);
INSERT INTO product_variants (product_id, sku, size, color, stock_quantity, price_adjustment, active, image) VALUES (457, 'SKU-67285', 'JEANS XL', NULL, 1, 0, true, NULL) ON CONFLICT (sku) DO UPDATE SET stock_quantity = EXCLUDED.stock_quantity, size = EXCLUDED.size, active = EXCLUDED.active;
INSERT INTO prices (variant_id, amount, currency) SELECT id, 5400, 'Br' FROM product_variants WHERE sku = 'SKU-67285' AND NOT EXISTS (SELECT 1 FROM prices WHERE variant_id = product_variants.id);
INSERT INTO product_images (product_id, url, position) VALUES (457, '/images/457/img_2866.jpg', 0) ON CONFLICT DO NOTHING;
INSERT INTO product_images (product_id, url, position) VALUES (457, '/images/457/img_2869.jpg', 1) ON CONFLICT DO NOTHING;
INSERT INTO product_images (product_id, url, position) VALUES (457, '/images/457/img_2867.jpg', 2) ON CONFLICT DO NOTHING;
INSERT INTO product_images (product_id, url, position) VALUES (457, '/images/457/img_2868.jpg', 3) ON CONFLICT DO NOTHING;
INSERT INTO products (id, title, slug, description, thumbnail, active, base_price) VALUES (458, 'Light Blue and Yellow Tie-Dye Paint Splash Design Jeans', 'light-blue-and-yellow-tie-dye-paint-splash-design-jeans', '', '/images/458/img_2859.jpg', True, 5400) ON CONFLICT (id) DO UPDATE SET title = EXCLUDED.title, slug = EXCLUDED.slug, description = EXCLUDED.description, thumbnail = EXCLUDED.thumbnail, active = EXCLUDED.active, base_price = EXCLUDED.base_price;
INSERT INTO product_variants (product_id, sku, size, color, stock_quantity, price_adjustment, active, image) VALUES (458, 'SKU-67291', 'JEANS S', NULL, 1, 0, true, NULL) ON CONFLICT (sku) DO UPDATE SET stock_quantity = EXCLUDED.stock_quantity, size = EXCLUDED.size, active = EXCLUDED.active;
INSERT INTO prices (variant_id, amount, currency) SELECT id, 5400, 'Br' FROM product_variants WHERE sku = 'SKU-67291' AND NOT EXISTS (SELECT 1 FROM prices WHERE variant_id = product_variants.id);
INSERT INTO product_variants (product_id, sku, size, color, stock_quantity, price_adjustment, active, image) VALUES (458, 'SKU-67292', 'JEANS M', NULL, 1, 0, true, NULL) ON CONFLICT (sku) DO UPDATE SET stock_quantity = EXCLUDED.stock_quantity, size = EXCLUDED.size, active = EXCLUDED.active;
INSERT INTO prices (variant_id, amount, currency) SELECT id, 5400, 'Br' FROM product_variants WHERE sku = 'SKU-67292' AND NOT EXISTS (SELECT 1 FROM prices WHERE variant_id = product_variants.id);
INSERT INTO product_variants (product_id, sku, size, color, stock_quantity, price_adjustment, active, image) VALUES (458, 'SKU-67293', 'JEANS L', NULL, 1, 0, true, NULL) ON CONFLICT (sku) DO UPDATE SET stock_quantity = EXCLUDED.stock_quantity, size = EXCLUDED.size, active = EXCLUDED.active;
INSERT INTO prices (variant_id, amount, currency) SELECT id, 5400, 'Br' FROM product_variants WHERE sku = 'SKU-67293' AND NOT EXISTS (SELECT 1 FROM prices WHERE variant_id = product_variants.id);
INSERT INTO product_variants (product_id, sku, size, color, stock_quantity, price_adjustment, active, image) VALUES (458, 'SKU-67294', 'JEANS XL', NULL, 1, 0, true, NULL) ON CONFLICT (sku) DO UPDATE SET stock_quantity = EXCLUDED.stock_quantity, size = EXCLUDED.size, active = EXCLUDED.active;
INSERT INTO prices (variant_id, amount, currency) SELECT id, 5400, 'Br' FROM product_variants WHERE sku = 'SKU-67294' AND NOT EXISTS (SELECT 1 FROM prices WHERE variant_id = product_variants.id);
INSERT INTO product_images (product_id, url, position) VALUES (458, '/images/458/img_2859.jpg', 0) ON CONFLICT DO NOTHING;
INSERT INTO product_images (product_id, url, position) VALUES (458, '/images/458/img_2861.jpg', 1) ON CONFLICT DO NOTHING;
INSERT INTO product_images (product_id, url, position) VALUES (458, '/images/458/img_2860.jpg', 2) ON CONFLICT DO NOTHING;
INSERT INTO products (id, title, slug, description, thumbnail, active, base_price) VALUES (459, 'Distressed Charcoal Black Oversized Denim Jacket with Print Trim', 'distressed-charcoal-black-oversized-denim-jacket-with-print-trim', '', '/images/459/img_2885.jpg', True, 4500) ON CONFLICT (id) DO UPDATE SET title = EXCLUDED.title, slug = EXCLUDED.slug, description = EXCLUDED.description, thumbnail = EXCLUDED.thumbnail, active = EXCLUDED.active, base_price = EXCLUDED.base_price;
INSERT INTO product_variants (product_id, sku, size, color, stock_quantity, price_adjustment, active, image) VALUES (459, 'SKU-67353', 'JACK S', NULL, 1, 0, true, NULL) ON CONFLICT (sku) DO UPDATE SET stock_quantity = EXCLUDED.stock_quantity, size = EXCLUDED.size, active = EXCLUDED.active;
INSERT INTO prices (variant_id, amount, currency) SELECT id, 4500, 'Br' FROM product_variants WHERE sku = 'SKU-67353' AND NOT EXISTS (SELECT 1 FROM prices WHERE variant_id = product_variants.id);
INSERT INTO product_variants (product_id, sku, size, color, stock_quantity, price_adjustment, active, image) VALUES (459, 'SKU-67354', 'JACK M', NULL, 1, 0, true, NULL) ON CONFLICT (sku) DO UPDATE SET stock_quantity = EXCLUDED.stock_quantity, size = EXCLUDED.size, active = EXCLUDED.active;
INSERT INTO prices (variant_id, amount, currency) SELECT id, 4500, 'Br' FROM product_variants WHERE sku = 'SKU-67354' AND NOT EXISTS (SELECT 1 FROM prices WHERE variant_id = product_variants.id);
INSERT INTO product_variants (product_id, sku, size, color, stock_quantity, price_adjustment, active, image) VALUES (459, 'SKU-67355', 'JACK L', NULL, 1, 0, true, NULL) ON CONFLICT (sku) DO UPDATE SET stock_quantity = EXCLUDED.stock_quantity, size = EXCLUDED.size, active = EXCLUDED.active;
INSERT INTO prices (variant_id, amount, currency) SELECT id, 4500, 'Br' FROM product_variants WHERE sku = 'SKU-67355' AND NOT EXISTS (SELECT 1 FROM prices WHERE variant_id = product_variants.id);
INSERT INTO product_variants (product_id, sku, size, color, stock_quantity, price_adjustment, active, image) VALUES (459, 'SKU-67356', 'JACK XL', NULL, 1, 0, true, NULL) ON CONFLICT (sku) DO UPDATE SET stock_quantity = EXCLUDED.stock_quantity, size = EXCLUDED.size, active = EXCLUDED.active;
INSERT INTO prices (variant_id, amount, currency) SELECT id, 4500, 'Br' FROM product_variants WHERE sku = 'SKU-67356' AND NOT EXISTS (SELECT 1 FROM prices WHERE variant_id = product_variants.id);
INSERT INTO product_variants (product_id, sku, size, color, stock_quantity, price_adjustment, active, image) VALUES (459, 'SKU-67357', 'JACK 2XL', NULL, 1, 0, true, NULL) ON CONFLICT (sku) DO UPDATE SET stock_quantity = EXCLUDED.stock_quantity, size = EXCLUDED.size, active = EXCLUDED.active;
INSERT INTO prices (variant_id, amount, currency) SELECT id, 4500, 'Br' FROM product_variants WHERE sku = 'SKU-67357' AND NOT EXISTS (SELECT 1 FROM prices WHERE variant_id = product_variants.id);
INSERT INTO product_variants (product_id, sku, size, color, stock_quantity, price_adjustment, active, image) VALUES (459, 'SKU-67358', 'JACK 3XL', NULL, 1, 0, true, NULL) ON CONFLICT (sku) DO UPDATE SET stock_quantity = EXCLUDED.stock_quantity, size = EXCLUDED.size, active = EXCLUDED.active;
INSERT INTO prices (variant_id, amount, currency) SELECT id, 4500, 'Br' FROM product_variants WHERE sku = 'SKU-67358' AND NOT EXISTS (SELECT 1 FROM prices WHERE variant_id = product_variants.id);
INSERT INTO product_images (product_id, url, position) VALUES (459, '/images/459/img_2885.jpg', 0) ON CONFLICT DO NOTHING;
INSERT INTO product_images (product_id, url, position) VALUES (459, '/images/459/img_2884.jpg', 1) ON CONFLICT DO NOTHING;
INSERT INTO products (id, title, slug, description, thumbnail, active, base_price) VALUES (460, 'Rose Pink Plaid Pattern Soft Knit Cardigan Sweater', 'rose-pink-plaid-pattern-soft-knit-cardigan-sweater', '', '/images/460/img_6891.jpeg', True, 4400) ON CONFLICT (id) DO UPDATE SET title = EXCLUDED.title, slug = EXCLUDED.slug, description = EXCLUDED.description, thumbnail = EXCLUDED.thumbnail, active = EXCLUDED.active, base_price = EXCLUDED.base_price;
INSERT INTO product_variants (product_id, sku, size, color, stock_quantity, price_adjustment, active, image) VALUES (460, 'SKU-67227', 'KNIT FREE', NULL, 1, 0, true, NULL) ON CONFLICT (sku) DO UPDATE SET stock_quantity = EXCLUDED.stock_quantity, size = EXCLUDED.size, active = EXCLUDED.active;
INSERT INTO prices (variant_id, amount, currency) SELECT id, 4400, 'Br' FROM product_variants WHERE sku = 'SKU-67227' AND NOT EXISTS (SELECT 1 FROM prices WHERE variant_id = product_variants.id);
INSERT INTO product_images (product_id, url, position) VALUES (460, '/images/460/img_6891.jpeg', 0) ON CONFLICT DO NOTHING;
INSERT INTO product_images (product_id, url, position) VALUES (460, '/images/460/img_6892.jpeg', 1) ON CONFLICT DO NOTHING;
INSERT INTO products (id, title, slug, description, thumbnail, active, base_price) VALUES (461, 'Deep Wine Red Ruched Strappy Back Bodycon Mini Dress', 'deep-wine-red-ruched-strappy-back-bodycon-mini-dress', '', '/images/461/img_7082.jpeg', True, 5400) ON CONFLICT (id) DO UPDATE SET title = EXCLUDED.title, slug = EXCLUDED.slug, description = EXCLUDED.description, thumbnail = EXCLUDED.thumbnail, active = EXCLUDED.active, base_price = EXCLUDED.base_price;
INSERT INTO product_variants (product_id, sku, size, color, stock_quantity, price_adjustment, active, image) VALUES (461, 'SKU-67231', 'DRESS S', NULL, 1, 0, true, NULL) ON CONFLICT (sku) DO UPDATE SET stock_quantity = EXCLUDED.stock_quantity, size = EXCLUDED.size, active = EXCLUDED.active;
INSERT INTO prices (variant_id, amount, currency) SELECT id, 5400, 'Br' FROM product_variants WHERE sku = 'SKU-67231' AND NOT EXISTS (SELECT 1 FROM prices WHERE variant_id = product_variants.id);
INSERT INTO product_variants (product_id, sku, size, color, stock_quantity, price_adjustment, active, image) VALUES (461, 'SKU-67232', 'DRESS M', NULL, 1, 0, true, NULL) ON CONFLICT (sku) DO UPDATE SET stock_quantity = EXCLUDED.stock_quantity, size = EXCLUDED.size, active = EXCLUDED.active;
INSERT INTO prices (variant_id, amount, currency) SELECT id, 5400, 'Br' FROM product_variants WHERE sku = 'SKU-67232' AND NOT EXISTS (SELECT 1 FROM prices WHERE variant_id = product_variants.id);
INSERT INTO product_images (product_id, url, position) VALUES (461, '/images/461/img_7082.jpeg', 0) ON CONFLICT DO NOTHING;
INSERT INTO product_images (product_id, url, position) VALUES (461, '/images/461/img_7083.jpeg', 1) ON CONFLICT DO NOTHING;
INSERT INTO products (id, title, slug, description, thumbnail, active, base_price) VALUES (462, 'Bright White Cowl Neck Sleeveless Draped Top', 'bright-white-cowl-neck-sleeveless-draped-top', '', '/images/462/img_0116.jpeg', True, 2500) ON CONFLICT (id) DO UPDATE SET title = EXCLUDED.title, slug = EXCLUDED.slug, description = EXCLUDED.description, thumbnail = EXCLUDED.thumbnail, active = EXCLUDED.active, base_price = EXCLUDED.base_price;
INSERT INTO product_variants (product_id, sku, size, color, stock_quantity, price_adjustment, active, image) VALUES (462, 'SKU-67235', 'TOP S-M', NULL, 1, 0, true, NULL) ON CONFLICT (sku) DO UPDATE SET stock_quantity = EXCLUDED.stock_quantity, size = EXCLUDED.size, active = EXCLUDED.active;
INSERT INTO prices (variant_id, amount, currency) SELECT id, 2500, 'Br' FROM product_variants WHERE sku = 'SKU-67235' AND NOT EXISTS (SELECT 1 FROM prices WHERE variant_id = product_variants.id);
INSERT INTO product_images (product_id, url, position) VALUES (462, '/images/462/img_0116.jpeg', 0) ON CONFLICT DO NOTHING;
INSERT INTO products (id, title, slug, description, thumbnail, active, base_price) VALUES (463, 'Classic Black Cropped Blazer and Wide Leg Trousers Two-Piece Set', 'classic-black-cropped-blazer-and-wide-leg-trousers-two-piece-set', '', '/images/463/img_7550.jpeg', True, 5400) ON CONFLICT (id) DO UPDATE SET title = EXCLUDED.title, slug = EXCLUDED.slug, description = EXCLUDED.description, thumbnail = EXCLUDED.thumbnail, active = EXCLUDED.active, base_price = EXCLUDED.base_price;
INSERT INTO product_variants (product_id, sku, size, color, stock_quantity, price_adjustment, active, image) VALUES (463, 'SKU-67248', 'SET M', NULL, 1, 0, true, NULL) ON CONFLICT (sku) DO UPDATE SET stock_quantity = EXCLUDED.stock_quantity, size = EXCLUDED.size, active = EXCLUDED.active;
INSERT INTO prices (variant_id, amount, currency) SELECT id, 5400, 'Br' FROM product_variants WHERE sku = 'SKU-67248' AND NOT EXISTS (SELECT 1 FROM prices WHERE variant_id = product_variants.id);
INSERT INTO product_variants (product_id, sku, size, color, stock_quantity, price_adjustment, active, image) VALUES (463, 'SKU-67249', 'SET L', NULL, 1, 0, true, NULL) ON CONFLICT (sku) DO UPDATE SET stock_quantity = EXCLUDED.stock_quantity, size = EXCLUDED.size, active = EXCLUDED.active;
INSERT INTO prices (variant_id, amount, currency) SELECT id, 5400, 'Br' FROM product_variants WHERE sku = 'SKU-67249' AND NOT EXISTS (SELECT 1 FROM prices WHERE variant_id = product_variants.id);
INSERT INTO product_variants (product_id, sku, size, color, stock_quantity, price_adjustment, active, image) VALUES (463, 'SKU-67247', 'SET S', NULL, 1, 0, true, NULL) ON CONFLICT (sku) DO UPDATE SET stock_quantity = EXCLUDED.stock_quantity, size = EXCLUDED.size, active = EXCLUDED.active;
INSERT INTO prices (variant_id, amount, currency) SELECT id, 5400, 'Br' FROM product_variants WHERE sku = 'SKU-67247' AND NOT EXISTS (SELECT 1 FROM prices WHERE variant_id = product_variants.id);
INSERT INTO product_images (product_id, url, position) VALUES (463, '/images/463/img_7550.jpeg', 0) ON CONFLICT DO NOTHING;
INSERT INTO products (id, title, slug, description, thumbnail, active, base_price) VALUES (464, 'Mesh Sleeve Classy Mini Dress', 'mesh-sleeve-classy-mi', '', '/images/464/img_2906.jpg', True, 5400) ON CONFLICT (id) DO UPDATE SET title = EXCLUDED.title, slug = EXCLUDED.slug, description = EXCLUDED.description, thumbnail = EXCLUDED.thumbnail, active = EXCLUDED.active, base_price = EXCLUDED.base_price;
INSERT INTO product_variants (product_id, sku, size, color, stock_quantity, price_adjustment, active, image) VALUES (464, 'SKU-67253', 'DRESS S', NULL, 1, 0, true, NULL) ON CONFLICT (sku) DO UPDATE SET stock_quantity = EXCLUDED.stock_quantity, size = EXCLUDED.size, active = EXCLUDED.active;
INSERT INTO prices (variant_id, amount, currency) SELECT id, 5400, 'Br' FROM product_variants WHERE sku = 'SKU-67253' AND NOT EXISTS (SELECT 1 FROM prices WHERE variant_id = product_variants.id);
INSERT INTO product_variants (product_id, sku, size, color, stock_quantity, price_adjustment, active, image) VALUES (464, 'SKU-67254', 'DRESS M', NULL, 1, 0, true, NULL) ON CONFLICT (sku) DO UPDATE SET stock_quantity = EXCLUDED.stock_quantity, size = EXCLUDED.size, active = EXCLUDED.active;
INSERT INTO prices (variant_id, amount, currency) SELECT id, 5400, 'Br' FROM product_variants WHERE sku = 'SKU-67254' AND NOT EXISTS (SELECT 1 FROM prices WHERE variant_id = product_variants.id);
INSERT INTO product_variants (product_id, sku, size, color, stock_quantity, price_adjustment, active, image) VALUES (464, 'SKU-67255', 'DRESS L', NULL, 1, 0, true, NULL) ON CONFLICT (sku) DO UPDATE SET stock_quantity = EXCLUDED.stock_quantity, size = EXCLUDED.size, active = EXCLUDED.active;
INSERT INTO prices (variant_id, amount, currency) SELECT id, 5400, 'Br' FROM product_variants WHERE sku = 'SKU-67255' AND NOT EXISTS (SELECT 1 FROM prices WHERE variant_id = product_variants.id);
INSERT INTO product_images (product_id, url, position) VALUES (464, '/images/464/img_2906.jpg', 0) ON CONFLICT DO NOTHING;
INSERT INTO product_images (product_id, url, position) VALUES (464, '/images/464/img_2907.jpg', 1) ON CONFLICT DO NOTHING;
INSERT INTO product_images (product_id, url, position) VALUES (464, '/images/464/img_2908.jpg', 2) ON CONFLICT DO NOTHING;
INSERT INTO products (id, title, slug, description, thumbnail, active, base_price) VALUES (465, 'Pearl Chain Decor Distressed Jeans ', 'pearl-chain-decor-distressed-jeans', '', '/images/465/img_2840.jpg', True, 6400) ON CONFLICT (id) DO UPDATE SET title = EXCLUDED.title, slug = EXCLUDED.slug, description = EXCLUDED.description, thumbnail = EXCLUDED.thumbnail, active = EXCLUDED.active, base_price = EXCLUDED.base_price;
INSERT INTO product_variants (product_id, sku, size, color, stock_quantity, price_adjustment, active, image) VALUES (465, 'SKU-67267', 'JEANS S', NULL, 1, 0, true, NULL) ON CONFLICT (sku) DO UPDATE SET stock_quantity = EXCLUDED.stock_quantity, size = EXCLUDED.size, active = EXCLUDED.active;
INSERT INTO prices (variant_id, amount, currency) SELECT id, 6400, 'Br' FROM product_variants WHERE sku = 'SKU-67267' AND NOT EXISTS (SELECT 1 FROM prices WHERE variant_id = product_variants.id);
INSERT INTO product_variants (product_id, sku, size, color, stock_quantity, price_adjustment, active, image) VALUES (465, 'SKU-67268', 'JEANS M', NULL, 1, 0, true, NULL) ON CONFLICT (sku) DO UPDATE SET stock_quantity = EXCLUDED.stock_quantity, size = EXCLUDED.size, active = EXCLUDED.active;
INSERT INTO prices (variant_id, amount, currency) SELECT id, 6400, 'Br' FROM product_variants WHERE sku = 'SKU-67268' AND NOT EXISTS (SELECT 1 FROM prices WHERE variant_id = product_variants.id);
INSERT INTO product_variants (product_id, sku, size, color, stock_quantity, price_adjustment, active, image) VALUES (465, 'SKU-67269', 'JEANS L', NULL, 1, 0, true, NULL) ON CONFLICT (sku) DO UPDATE SET stock_quantity = EXCLUDED.stock_quantity, size = EXCLUDED.size, active = EXCLUDED.active;
INSERT INTO prices (variant_id, amount, currency) SELECT id, 6400, 'Br' FROM product_variants WHERE sku = 'SKU-67269' AND NOT EXISTS (SELECT 1 FROM prices WHERE variant_id = product_variants.id);
INSERT INTO product_variants (product_id, sku, size, color, stock_quantity, price_adjustment, active, image) VALUES (465, 'SKU-67270', 'JEANS XL', NULL, 1, 0, true, NULL) ON CONFLICT (sku) DO UPDATE SET stock_quantity = EXCLUDED.stock_quantity, size = EXCLUDED.size, active = EXCLUDED.active;
INSERT INTO prices (variant_id, amount, currency) SELECT id, 6400, 'Br' FROM product_variants WHERE sku = 'SKU-67270' AND NOT EXISTS (SELECT 1 FROM prices WHERE variant_id = product_variants.id);
INSERT INTO product_variants (product_id, sku, size, color, stock_quantity, price_adjustment, active, image) VALUES (465, 'SKU-67271', 'JEANS 2XL', NULL, 1, 0, true, NULL) ON CONFLICT (sku) DO UPDATE SET stock_quantity = EXCLUDED.stock_quantity, size = EXCLUDED.size, active = EXCLUDED.active;
INSERT INTO prices (variant_id, amount, currency) SELECT id, 6400, 'Br' FROM product_variants WHERE sku = 'SKU-67271' AND NOT EXISTS (SELECT 1 FROM prices WHERE variant_id = product_variants.id);
INSERT INTO product_images (product_id, url, position) VALUES (465, '/images/465/img_2840.jpg', 0) ON CONFLICT DO NOTHING;
INSERT INTO product_images (product_id, url, position) VALUES (465, '/images/465/img_2841.jpg', 1) ON CONFLICT DO NOTHING;
INSERT INTO product_images (product_id, url, position) VALUES (465, '/images/465/img_2839.jpg', 2) ON CONFLICT DO NOTHING;
INSERT INTO products (id, title, slug, description, thumbnail, active, base_price) VALUES (466, 'Ripped Distressed Loose Fit Jeans', 'ripped-distressed-loose-fit-jeans', '', '/images/466/img_2845.jpg', True, 5400) ON CONFLICT (id) DO UPDATE SET title = EXCLUDED.title, slug = EXCLUDED.slug, description = EXCLUDED.description, thumbnail = EXCLUDED.thumbnail, active = EXCLUDED.active, base_price = EXCLUDED.base_price;
INSERT INTO product_variants (product_id, sku, size, color, stock_quantity, price_adjustment, active, image) VALUES (466, 'SKU-67309', 'JEANS S', NULL, 1, 0, true, NULL) ON CONFLICT (sku) DO UPDATE SET stock_quantity = EXCLUDED.stock_quantity, size = EXCLUDED.size, active = EXCLUDED.active;
INSERT INTO prices (variant_id, amount, currency) SELECT id, 5400, 'Br' FROM product_variants WHERE sku = 'SKU-67309' AND NOT EXISTS (SELECT 1 FROM prices WHERE variant_id = product_variants.id);
INSERT INTO product_variants (product_id, sku, size, color, stock_quantity, price_adjustment, active, image) VALUES (466, 'SKU-67310', 'JEANS M', NULL, 1, 0, true, NULL) ON CONFLICT (sku) DO UPDATE SET stock_quantity = EXCLUDED.stock_quantity, size = EXCLUDED.size, active = EXCLUDED.active;
INSERT INTO prices (variant_id, amount, currency) SELECT id, 5400, 'Br' FROM product_variants WHERE sku = 'SKU-67310' AND NOT EXISTS (SELECT 1 FROM prices WHERE variant_id = product_variants.id);
INSERT INTO product_variants (product_id, sku, size, color, stock_quantity, price_adjustment, active, image) VALUES (466, 'SKU-67311', 'JEANS L', NULL, 1, 0, true, NULL) ON CONFLICT (sku) DO UPDATE SET stock_quantity = EXCLUDED.stock_quantity, size = EXCLUDED.size, active = EXCLUDED.active;
INSERT INTO prices (variant_id, amount, currency) SELECT id, 5400, 'Br' FROM product_variants WHERE sku = 'SKU-67311' AND NOT EXISTS (SELECT 1 FROM prices WHERE variant_id = product_variants.id);
INSERT INTO product_variants (product_id, sku, size, color, stock_quantity, price_adjustment, active, image) VALUES (466, 'SKU-67312', 'JEANS XL', NULL, 1, 0, true, NULL) ON CONFLICT (sku) DO UPDATE SET stock_quantity = EXCLUDED.stock_quantity, size = EXCLUDED.size, active = EXCLUDED.active;
INSERT INTO prices (variant_id, amount, currency) SELECT id, 5400, 'Br' FROM product_variants WHERE sku = 'SKU-67312' AND NOT EXISTS (SELECT 1 FROM prices WHERE variant_id = product_variants.id);
INSERT INTO product_images (product_id, url, position) VALUES (466, '/images/466/img_2845.jpg', 0) ON CONFLICT DO NOTHING;
INSERT INTO products (id, title, slug, description, thumbnail, active, base_price) VALUES (467, 'Faded Light Blue Wash High-Waisted Wide Leg Distressed Jeans', 'faded-light-blue-wash-high-waisted-wide-leg-distressed-jeans', '', '/images/467/img_3100.jpg', True, 5400) ON CONFLICT (id) DO UPDATE SET title = EXCLUDED.title, slug = EXCLUDED.slug, description = EXCLUDED.description, thumbnail = EXCLUDED.thumbnail, active = EXCLUDED.active, base_price = EXCLUDED.base_price;
INSERT INTO product_variants (product_id, sku, size, color, stock_quantity, price_adjustment, active, image) VALUES (467, 'SKU-67479', 'JEANS L', NULL, 1, 0, true, NULL) ON CONFLICT (sku) DO UPDATE SET stock_quantity = EXCLUDED.stock_quantity, size = EXCLUDED.size, active = EXCLUDED.active;
INSERT INTO prices (variant_id, amount, currency) SELECT id, 5400, 'Br' FROM product_variants WHERE sku = 'SKU-67479' AND NOT EXISTS (SELECT 1 FROM prices WHERE variant_id = product_variants.id);
INSERT INTO product_images (product_id, url, position) VALUES (467, '/images/467/img_3100.jpg', 0) ON CONFLICT DO NOTHING;
INSERT INTO product_images (product_id, url, position) VALUES (467, '/images/467/img_3098.jpg', 1) ON CONFLICT DO NOTHING;
INSERT INTO product_images (product_id, url, position) VALUES (467, '/images/467/img_3099.jpg', 2) ON CONFLICT DO NOTHING;
INSERT INTO products (id, title, slug, description, thumbnail, active, base_price) VALUES (468, 'High-Waisted Button Front Denim Mini Skirt', 'high-waisted-button-front-denim-mini-skirt-1', '', '/images/468/img_2992.jpg', True, 4400) ON CONFLICT (id) DO UPDATE SET title = EXCLUDED.title, slug = EXCLUDED.slug, description = EXCLUDED.description, thumbnail = EXCLUDED.thumbnail, active = EXCLUDED.active, base_price = EXCLUDED.base_price;
INSERT INTO product_variants (product_id, sku, size, color, stock_quantity, price_adjustment, active, image) VALUES (468, 'SKU-67450', 'SKIRT S', NULL, 1, 0, true, NULL) ON CONFLICT (sku) DO UPDATE SET stock_quantity = EXCLUDED.stock_quantity, size = EXCLUDED.size, active = EXCLUDED.active;
INSERT INTO prices (variant_id, amount, currency) SELECT id, 4400, 'Br' FROM product_variants WHERE sku = 'SKU-67450' AND NOT EXISTS (SELECT 1 FROM prices WHERE variant_id = product_variants.id);
INSERT INTO product_variants (product_id, sku, size, color, stock_quantity, price_adjustment, active, image) VALUES (468, 'SKU-67451', 'SKIRT M', NULL, 1, 0, true, NULL) ON CONFLICT (sku) DO UPDATE SET stock_quantity = EXCLUDED.stock_quantity, size = EXCLUDED.size, active = EXCLUDED.active;
INSERT INTO prices (variant_id, amount, currency) SELECT id, 4400, 'Br' FROM product_variants WHERE sku = 'SKU-67451' AND NOT EXISTS (SELECT 1 FROM prices WHERE variant_id = product_variants.id);
INSERT INTO product_variants (product_id, sku, size, color, stock_quantity, price_adjustment, active, image) VALUES (468, 'SKU-67452', 'SKIRT L', NULL, 1, 0, true, NULL) ON CONFLICT (sku) DO UPDATE SET stock_quantity = EXCLUDED.stock_quantity, size = EXCLUDED.size, active = EXCLUDED.active;
INSERT INTO prices (variant_id, amount, currency) SELECT id, 4400, 'Br' FROM product_variants WHERE sku = 'SKU-67452' AND NOT EXISTS (SELECT 1 FROM prices WHERE variant_id = product_variants.id);
INSERT INTO product_images (product_id, url, position) VALUES (468, '/images/468/img_2992.jpg', 0) ON CONFLICT DO NOTHING;
INSERT INTO product_images (product_id, url, position) VALUES (468, '/images/468/img_2994-2.jpg', 1) ON CONFLICT DO NOTHING;
INSERT INTO products (id, title, slug, description, thumbnail, active, base_price) VALUES (469, 'Dark Mocha Brown Ribbed Knit Long-Sleeve Bodycon Maxi Dress', 'dark-mocha-brown-ribbed-knit-long-sleeve-bodycon-maxi-dress', '', '/images/469/img_3033.jpg', True, 4900) ON CONFLICT (id) DO UPDATE SET title = EXCLUDED.title, slug = EXCLUDED.slug, description = EXCLUDED.description, thumbnail = EXCLUDED.thumbnail, active = EXCLUDED.active, base_price = EXCLUDED.base_price;
INSERT INTO product_variants (product_id, sku, size, color, stock_quantity, price_adjustment, active, image) VALUES (469, 'SKU-67453', 'DRESS S', NULL, 1, 0, true, NULL) ON CONFLICT (sku) DO UPDATE SET stock_quantity = EXCLUDED.stock_quantity, size = EXCLUDED.size, active = EXCLUDED.active;
INSERT INTO prices (variant_id, amount, currency) SELECT id, 4900, 'Br' FROM product_variants WHERE sku = 'SKU-67453' AND NOT EXISTS (SELECT 1 FROM prices WHERE variant_id = product_variants.id);
INSERT INTO product_variants (product_id, sku, size, color, stock_quantity, price_adjustment, active, image) VALUES (469, 'SKU-67454', 'DRESS M', NULL, 1, 0, true, NULL) ON CONFLICT (sku) DO UPDATE SET stock_quantity = EXCLUDED.stock_quantity, size = EXCLUDED.size, active = EXCLUDED.active;
INSERT INTO prices (variant_id, amount, currency) SELECT id, 4900, 'Br' FROM product_variants WHERE sku = 'SKU-67454' AND NOT EXISTS (SELECT 1 FROM prices WHERE variant_id = product_variants.id);
INSERT INTO product_variants (product_id, sku, size, color, stock_quantity, price_adjustment, active, image) VALUES (469, 'SKU-67455', 'DRESS L', NULL, 1, 0, true, NULL) ON CONFLICT (sku) DO UPDATE SET stock_quantity = EXCLUDED.stock_quantity, size = EXCLUDED.size, active = EXCLUDED.active;
INSERT INTO prices (variant_id, amount, currency) SELECT id, 4900, 'Br' FROM product_variants WHERE sku = 'SKU-67455' AND NOT EXISTS (SELECT 1 FROM prices WHERE variant_id = product_variants.id);
INSERT INTO product_images (product_id, url, position) VALUES (469, '/images/469/img_3033.jpg', 0) ON CONFLICT DO NOTHING;
INSERT INTO product_images (product_id, url, position) VALUES (469, '/images/469/img_3035.jpg', 1) ON CONFLICT DO NOTHING;
INSERT INTO products (id, title, slug, description, thumbnail, active, base_price) VALUES (470, 'Cream Ribbed Knit Long-Sleeve Deep V-Neck Wrap Top', 'cream-ribbed-knit-long-sleeve-deep-v-neck-wrap-top', '', '/images/470/img_3011.jpg', True, 3500) ON CONFLICT (id) DO UPDATE SET title = EXCLUDED.title, slug = EXCLUDED.slug, description = EXCLUDED.description, thumbnail = EXCLUDED.thumbnail, active = EXCLUDED.active, base_price = EXCLUDED.base_price;
INSERT INTO product_variants (product_id, sku, size, color, stock_quantity, price_adjustment, active, image) VALUES (470, 'SKU-67449', 'KNIT FREE', NULL, 1, 0, true, NULL) ON CONFLICT (sku) DO UPDATE SET stock_quantity = EXCLUDED.stock_quantity, size = EXCLUDED.size, active = EXCLUDED.active;
INSERT INTO prices (variant_id, amount, currency) SELECT id, 3500, 'Br' FROM product_variants WHERE sku = 'SKU-67449' AND NOT EXISTS (SELECT 1 FROM prices WHERE variant_id = product_variants.id);
INSERT INTO product_images (product_id, url, position) VALUES (470, '/images/470/img_3011.jpg', 0) ON CONFLICT DO NOTHING;
INSERT INTO product_images (product_id, url, position) VALUES (470, '/images/470/img_3013.jpg', 1) ON CONFLICT DO NOTHING;
INSERT INTO products (id, title, slug, description, thumbnail, active, base_price) VALUES (471, 'Light Heather Grey Open Front Textured Knit Long Cardigan', 'light-heather-grey-open-front-textured-knit-long-cardigan', '', '/images/471/img_3039.jpg', True, 4400) ON CONFLICT (id) DO UPDATE SET title = EXCLUDED.title, slug = EXCLUDED.slug, description = EXCLUDED.description, thumbnail = EXCLUDED.thumbnail, active = EXCLUDED.active, base_price = EXCLUDED.base_price;
INSERT INTO product_variants (product_id, sku, size, color, stock_quantity, price_adjustment, active, image) VALUES (471, 'SKU-67461', 'CARDIGAN FREE', NULL, 1, 0, true, NULL) ON CONFLICT (sku) DO UPDATE SET stock_quantity = EXCLUDED.stock_quantity, size = EXCLUDED.size, active = EXCLUDED.active;
INSERT INTO prices (variant_id, amount, currency) SELECT id, 4400, 'Br' FROM product_variants WHERE sku = 'SKU-67461' AND NOT EXISTS (SELECT 1 FROM prices WHERE variant_id = product_variants.id);
INSERT INTO product_images (product_id, url, position) VALUES (471, '/images/471/img_3039.jpg', 0) ON CONFLICT DO NOTHING;
INSERT INTO product_images (product_id, url, position) VALUES (471, '/images/471/img_3040.jpg', 1) ON CONFLICT DO NOTHING;
INSERT INTO products (id, title, slug, description, thumbnail, active, base_price) VALUES (472, 'Classic Black Long-Sleeve Ribbed Knit Mock Neck Dress', 'classic-black-long-sleeve-ribbed-knit-mock-neck-dress', '', '/images/472/img_2943__02.jpg', True, 5400) ON CONFLICT (id) DO UPDATE SET title = EXCLUDED.title, slug = EXCLUDED.slug, description = EXCLUDED.description, thumbnail = EXCLUDED.thumbnail, active = EXCLUDED.active, base_price = EXCLUDED.base_price;
INSERT INTO product_variants (product_id, sku, size, color, stock_quantity, price_adjustment, active, image) VALUES (472, 'SKU-67434', 'DRESS S', NULL, 1, 0, true, NULL) ON CONFLICT (sku) DO UPDATE SET stock_quantity = EXCLUDED.stock_quantity, size = EXCLUDED.size, active = EXCLUDED.active;
INSERT INTO prices (variant_id, amount, currency) SELECT id, 5400, 'Br' FROM product_variants WHERE sku = 'SKU-67434' AND NOT EXISTS (SELECT 1 FROM prices WHERE variant_id = product_variants.id);
INSERT INTO product_variants (product_id, sku, size, color, stock_quantity, price_adjustment, active, image) VALUES (472, 'SKU-67435', 'DRESS M', NULL, 1, 0, true, NULL) ON CONFLICT (sku) DO UPDATE SET stock_quantity = EXCLUDED.stock_quantity, size = EXCLUDED.size, active = EXCLUDED.active;
INSERT INTO prices (variant_id, amount, currency) SELECT id, 5400, 'Br' FROM product_variants WHERE sku = 'SKU-67435' AND NOT EXISTS (SELECT 1 FROM prices WHERE variant_id = product_variants.id);
INSERT INTO product_variants (product_id, sku, size, color, stock_quantity, price_adjustment, active, image) VALUES (472, 'SKU-67436', 'DRESS L', NULL, 1, 0, true, NULL) ON CONFLICT (sku) DO UPDATE SET stock_quantity = EXCLUDED.stock_quantity, size = EXCLUDED.size, active = EXCLUDED.active;
INSERT INTO prices (variant_id, amount, currency) SELECT id, 5400, 'Br' FROM product_variants WHERE sku = 'SKU-67436' AND NOT EXISTS (SELECT 1 FROM prices WHERE variant_id = product_variants.id);
INSERT INTO product_images (product_id, url, position) VALUES (472, '/images/472/img_2943__02.jpg', 0) ON CONFLICT DO NOTHING;
INSERT INTO product_images (product_id, url, position) VALUES (472, '/images/472/img_2945__02.jpg', 1) ON CONFLICT DO NOTHING;
INSERT INTO product_images (product_id, url, position) VALUES (472, '/images/472/img_2946__02.jpg', 2) ON CONFLICT DO NOTHING;
INSERT INTO product_images (product_id, url, position) VALUES (472, '/images/472/img_2944__02.jpg', 3) ON CONFLICT DO NOTHING;
INSERT INTO product_images (product_id, url, position) VALUES (472, '/images/472/img_2942__02.jpg', 4) ON CONFLICT DO NOTHING;
INSERT INTO products (id, title, slug, description, thumbnail, active, base_price) VALUES (473, 'Elegant White Sleeveless Knit Bodycon Maxi Dress', 'elegant-white-sleeveless-knit-bodycon-maxi-dress', '', '/images/473/img_2938-2.jpg', True, 590) ON CONFLICT (id) DO UPDATE SET title = EXCLUDED.title, slug = EXCLUDED.slug, description = EXCLUDED.description, thumbnail = EXCLUDED.thumbnail, active = EXCLUDED.active, base_price = EXCLUDED.base_price;
INSERT INTO product_variants (product_id, sku, size, color, stock_quantity, price_adjustment, active, image) VALUES (473, 'SKU-67431', 'DRESS S', NULL, 1, 0, true, NULL) ON CONFLICT (sku) DO UPDATE SET stock_quantity = EXCLUDED.stock_quantity, size = EXCLUDED.size, active = EXCLUDED.active;
INSERT INTO prices (variant_id, amount, currency) SELECT id, 5900, 'Br' FROM product_variants WHERE sku = 'SKU-67431' AND NOT EXISTS (SELECT 1 FROM prices WHERE variant_id = product_variants.id);
INSERT INTO product_variants (product_id, sku, size, color, stock_quantity, price_adjustment, active, image) VALUES (473, 'SKU-67432', 'DRESS M', NULL, 1, 0, true, NULL) ON CONFLICT (sku) DO UPDATE SET stock_quantity = EXCLUDED.stock_quantity, size = EXCLUDED.size, active = EXCLUDED.active;
INSERT INTO prices (variant_id, amount, currency) SELECT id, 5900, 'Br' FROM product_variants WHERE sku = 'SKU-67432' AND NOT EXISTS (SELECT 1 FROM prices WHERE variant_id = product_variants.id);
INSERT INTO product_variants (product_id, sku, size, color, stock_quantity, price_adjustment, active, image) VALUES (473, 'SKU-67433', 'DRESS L', NULL, 1, 0, true, NULL) ON CONFLICT (sku) DO UPDATE SET stock_quantity = EXCLUDED.stock_quantity, size = EXCLUDED.size, active = EXCLUDED.active;
INSERT INTO prices (variant_id, amount, currency) SELECT id, 590, 'Br' FROM product_variants WHERE sku = 'SKU-67433' AND NOT EXISTS (SELECT 1 FROM prices WHERE variant_id = product_variants.id);
INSERT INTO product_images (product_id, url, position) VALUES (473, '/images/473/img_2938-2.jpg', 0) ON CONFLICT DO NOTHING;
INSERT INTO product_images (product_id, url, position) VALUES (473, '/images/473/img_2939-2.jpg', 1) ON CONFLICT DO NOTHING;
INSERT INTO product_images (product_id, url, position) VALUES (473, '/images/473/img_2935-2.jpg', 2) ON CONFLICT DO NOTHING;
INSERT INTO product_images (product_id, url, position) VALUES (473, '/images/473/img_2934-2.jpg', 3) ON CONFLICT DO NOTHING;
INSERT INTO product_images (product_id, url, position) VALUES (473, '/images/473/img_2937-2.jpg', 4) ON CONFLICT DO NOTHING;
INSERT INTO product_images (product_id, url, position) VALUES (473, '/images/473/img_2936-2.jpg', 5) ON CONFLICT DO NOTHING;
INSERT INTO products (id, title, slug, description, thumbnail, active, base_price) VALUES (474, 'Soft Pink Floral Print Long-Sleeve Ruffle Hem Mini Dress', 'soft-pink-floral-print-long-sleeve-ruffle-hem-mini-dress', '', '/images/474/img_3087.jpg', True, 4800) ON CONFLICT (id) DO UPDATE SET title = EXCLUDED.title, slug = EXCLUDED.slug, description = EXCLUDED.description, thumbnail = EXCLUDED.thumbnail, active = EXCLUDED.active, base_price = EXCLUDED.base_price;
INSERT INTO product_variants (product_id, sku, size, color, stock_quantity, price_adjustment, active, image) VALUES (474, 'SKU-67488', 'DRES S', NULL, 1, 0, true, NULL) ON CONFLICT (sku) DO UPDATE SET stock_quantity = EXCLUDED.stock_quantity, size = EXCLUDED.size, active = EXCLUDED.active;
INSERT INTO prices (variant_id, amount, currency) SELECT id, 4800, 'Br' FROM product_variants WHERE sku = 'SKU-67488' AND NOT EXISTS (SELECT 1 FROM prices WHERE variant_id = product_variants.id);
INSERT INTO product_variants (product_id, sku, size, color, stock_quantity, price_adjustment, active, image) VALUES (474, 'SKU-67489', 'DRES L', NULL, 1, 0, true, NULL) ON CONFLICT (sku) DO UPDATE SET stock_quantity = EXCLUDED.stock_quantity, size = EXCLUDED.size, active = EXCLUDED.active;
INSERT INTO prices (variant_id, amount, currency) SELECT id, 4800, 'Br' FROM product_variants WHERE sku = 'SKU-67489' AND NOT EXISTS (SELECT 1 FROM prices WHERE variant_id = product_variants.id);
INSERT INTO product_images (product_id, url, position) VALUES (474, '/images/474/img_3087.jpg', 0) ON CONFLICT DO NOTHING;
INSERT INTO product_images (product_id, url, position) VALUES (474, '/images/474/img_3088-2.jpg', 1) ON CONFLICT DO NOTHING;
INSERT INTO product_images (product_id, url, position) VALUES (474, '/images/474/img_3089-2.jpg', 2) ON CONFLICT DO NOTHING;
INSERT INTO products (id, title, slug, description, thumbnail, active, base_price) VALUES (475, 'Soft Tan Nude Color Casual Two-Piece Summer Outfit', 'soft-tan-nude-color-casual-two-piece-summer-outfit', '', '/images/475/img_3084-2.jpg', True, 6400) ON CONFLICT (id) DO UPDATE SET title = EXCLUDED.title, slug = EXCLUDED.slug, description = EXCLUDED.description, thumbnail = EXCLUDED.thumbnail, active = EXCLUDED.active, base_price = EXCLUDED.base_price;
INSERT INTO product_variants (product_id, sku, size, color, stock_quantity, price_adjustment, active, image) VALUES (475, 'SKU-67494', 'SET M', NULL, 1, 0, true, NULL) ON CONFLICT (sku) DO UPDATE SET stock_quantity = EXCLUDED.stock_quantity, size = EXCLUDED.size, active = EXCLUDED.active;
INSERT INTO prices (variant_id, amount, currency) SELECT id, 6400, 'Br' FROM product_variants WHERE sku = 'SKU-67494' AND NOT EXISTS (SELECT 1 FROM prices WHERE variant_id = product_variants.id);
INSERT INTO product_variants (product_id, sku, size, color, stock_quantity, price_adjustment, active, image) VALUES (475, 'SKU-67495', 'SET L', NULL, 1, 0, true, NULL) ON CONFLICT (sku) DO UPDATE SET stock_quantity = EXCLUDED.stock_quantity, size = EXCLUDED.size, active = EXCLUDED.active;
INSERT INTO prices (variant_id, amount, currency) SELECT id, 6400, 'Br' FROM product_variants WHERE sku = 'SKU-67495' AND NOT EXISTS (SELECT 1 FROM prices WHERE variant_id = product_variants.id);
INSERT INTO product_variants (product_id, sku, size, color, stock_quantity, price_adjustment, active, image) VALUES (475, 'SKU-67496', 'SET XL', NULL, 1, 0, true, NULL) ON CONFLICT (sku) DO UPDATE SET stock_quantity = EXCLUDED.stock_quantity, size = EXCLUDED.size, active = EXCLUDED.active;
INSERT INTO prices (variant_id, amount, currency) SELECT id, 6400, 'Br' FROM product_variants WHERE sku = 'SKU-67496' AND NOT EXISTS (SELECT 1 FROM prices WHERE variant_id = product_variants.id);
INSERT INTO product_images (product_id, url, position) VALUES (475, '/images/475/img_3084-2.jpg', 0) ON CONFLICT DO NOTHING;
INSERT INTO product_images (product_id, url, position) VALUES (475, '/images/475/img_3086-2.jpg', 1) ON CONFLICT DO NOTHING;
INSERT INTO products (id, title, slug, description, thumbnail, active, base_price) VALUES (476, 'Shimmering White High-Waisted Straight Leg Full Length Jeans', 'shimmering-white-high-waisted-straight-leg-full-length-jeans', '', '/images/476/img_3082-2.jpg', True, 5400) ON CONFLICT (id) DO UPDATE SET title = EXCLUDED.title, slug = EXCLUDED.slug, description = EXCLUDED.description, thumbnail = EXCLUDED.thumbnail, active = EXCLUDED.active, base_price = EXCLUDED.base_price;
INSERT INTO product_variants (product_id, sku, size, color, stock_quantity, price_adjustment, active, image) VALUES (476, 'SKU-67497', 'JEANS M', NULL, 1, 0, true, NULL) ON CONFLICT (sku) DO UPDATE SET stock_quantity = EXCLUDED.stock_quantity, size = EXCLUDED.size, active = EXCLUDED.active;
INSERT INTO prices (variant_id, amount, currency) SELECT id, 5400, 'Br' FROM product_variants WHERE sku = 'SKU-67497' AND NOT EXISTS (SELECT 1 FROM prices WHERE variant_id = product_variants.id);
INSERT INTO product_variants (product_id, sku, size, color, stock_quantity, price_adjustment, active, image) VALUES (476, 'SKU-67498', 'JEANS L', NULL, 1, 0, true, NULL) ON CONFLICT (sku) DO UPDATE SET stock_quantity = EXCLUDED.stock_quantity, size = EXCLUDED.size, active = EXCLUDED.active;
INSERT INTO prices (variant_id, amount, currency) SELECT id, 5400, 'Br' FROM product_variants WHERE sku = 'SKU-67498' AND NOT EXISTS (SELECT 1 FROM prices WHERE variant_id = product_variants.id);
INSERT INTO product_images (product_id, url, position) VALUES (476, '/images/476/img_3082-2.jpg', 0) ON CONFLICT DO NOTHING;
INSERT INTO product_images (product_id, url, position) VALUES (476, '/images/476/img_3083-2.jpg', 1) ON CONFLICT DO NOTHING;
INSERT INTO products (id, title, slug, description, thumbnail, active, base_price) VALUES (477, 'Black Strips Knit Classy Dress', 'black-strips-knit-classy-dress', '', '/images/477/img_2999-2.jpg', True, 5900) ON CONFLICT (id) DO UPDATE SET title = EXCLUDED.title, slug = EXCLUDED.slug, description = EXCLUDED.description, thumbnail = EXCLUDED.thumbnail, active = EXCLUDED.active, base_price = EXCLUDED.base_price;
INSERT INTO product_variants (product_id, sku, size, color, stock_quantity, price_adjustment, active, image) VALUES (477, 'SKU-67378', 'DRESS FREE', NULL, 1, 0, true, NULL) ON CONFLICT (sku) DO UPDATE SET stock_quantity = EXCLUDED.stock_quantity, size = EXCLUDED.size, active = EXCLUDED.active;
INSERT INTO prices (variant_id, amount, currency) SELECT id, 5900, 'Br' FROM product_variants WHERE sku = 'SKU-67378' AND NOT EXISTS (SELECT 1 FROM prices WHERE variant_id = product_variants.id);
INSERT INTO product_images (product_id, url, position) VALUES (477, '/images/477/img_2999-2.jpg', 0) ON CONFLICT DO NOTHING;
INSERT INTO product_images (product_id, url, position) VALUES (477, '/images/477/img_3001-2.jpg', 1) ON CONFLICT DO NOTHING;
INSERT INTO product_images (product_id, url, position) VALUES (477, '/images/477/img_2998-2.jpg', 2) ON CONFLICT DO NOTHING;
INSERT INTO products (id, title, slug, description, thumbnail, active, base_price) VALUES (478, 'Classic Black Deep V-Neck Long-Sleeve Blazer Mini Dress', 'classic-black-deep-v-neck-long-sleeve-blazer-mini-dress', '', '/images/478/img_2981-2.jpg', True, 5800) ON CONFLICT (id) DO UPDATE SET title = EXCLUDED.title, slug = EXCLUDED.slug, description = EXCLUDED.description, thumbnail = EXCLUDED.thumbnail, active = EXCLUDED.active, base_price = EXCLUDED.base_price;
INSERT INTO product_variants (product_id, sku, size, color, stock_quantity, price_adjustment, active, image) VALUES (478, 'SKU-67380', 'DRESS S', NULL, 1, 0, true, NULL) ON CONFLICT (sku) DO UPDATE SET stock_quantity = EXCLUDED.stock_quantity, size = EXCLUDED.size, active = EXCLUDED.active;
INSERT INTO prices (variant_id, amount, currency) SELECT id, 5800, 'Br' FROM product_variants WHERE sku = 'SKU-67380' AND NOT EXISTS (SELECT 1 FROM prices WHERE variant_id = product_variants.id);
INSERT INTO product_variants (product_id, sku, size, color, stock_quantity, price_adjustment, active, image) VALUES (478, 'SKU-67381', 'DRESS M', NULL, 1, 0, true, NULL) ON CONFLICT (sku) DO UPDATE SET stock_quantity = EXCLUDED.stock_quantity, size = EXCLUDED.size, active = EXCLUDED.active;
INSERT INTO prices (variant_id, amount, currency) SELECT id, 5800, 'Br' FROM product_variants WHERE sku = 'SKU-67381' AND NOT EXISTS (SELECT 1 FROM prices WHERE variant_id = product_variants.id);
INSERT INTO product_variants (product_id, sku, size, color, stock_quantity, price_adjustment, active, image) VALUES (478, 'SKU-67382', 'DRESS L', NULL, 1, 0, true, NULL) ON CONFLICT (sku) DO UPDATE SET stock_quantity = EXCLUDED.stock_quantity, size = EXCLUDED.size, active = EXCLUDED.active;
INSERT INTO prices (variant_id, amount, currency) SELECT id, 5800, 'Br' FROM product_variants WHERE sku = 'SKU-67382' AND NOT EXISTS (SELECT 1 FROM prices WHERE variant_id = product_variants.id);
INSERT INTO product_images (product_id, url, position) VALUES (478, '/images/478/img_2981-2.jpg', 0) ON CONFLICT DO NOTHING;
INSERT INTO product_images (product_id, url, position) VALUES (478, '/images/478/img_2983-2.jpg', 1) ON CONFLICT DO NOTHING;
INSERT INTO product_images (product_id, url, position) VALUES (478, '/images/478/img_2980.jpg', 2) ON CONFLICT DO NOTHING;
INSERT INTO products (id, title, slug, description, thumbnail, active, base_price) VALUES (479, 'Deep Navy Blue Thin Strap Sweetheart Neckline Bodycon Mini Dress', 'deep-navy-blue-thin-strap-sweetheart-neckline-bodycon-mini-dress', '', '/images/479/img_3030.jpg', True, 5800) ON CONFLICT (id) DO UPDATE SET title = EXCLUDED.title, slug = EXCLUDED.slug, description = EXCLUDED.description, thumbnail = EXCLUDED.thumbnail, active = EXCLUDED.active, base_price = EXCLUDED.base_price;
INSERT INTO product_variants (product_id, sku, size, color, stock_quantity, price_adjustment, active, image) VALUES (479, 'SKU-67386', 'DRESS FREE', NULL, 1, 0, true, NULL) ON CONFLICT (sku) DO UPDATE SET stock_quantity = EXCLUDED.stock_quantity, size = EXCLUDED.size, active = EXCLUDED.active;
INSERT INTO prices (variant_id, amount, currency) SELECT id, 5800, 'Br' FROM product_variants WHERE sku = 'SKU-67386' AND NOT EXISTS (SELECT 1 FROM prices WHERE variant_id = product_variants.id);
INSERT INTO product_images (product_id, url, position) VALUES (479, '/images/479/img_3030.jpg', 0) ON CONFLICT DO NOTHING;
INSERT INTO products (id, title, slug, description, thumbnail, active, base_price) VALUES (480, 'Creamy White Pink Floral Print Ruffle Hem Mini Dress', 'creamy-white-pink-floral-print-ruffle-hem-mini-dress', '', '/images/480/img_3043.jpg', True, 4900) ON CONFLICT (id) DO UPDATE SET title = EXCLUDED.title, slug = EXCLUDED.slug, description = EXCLUDED.description, thumbnail = EXCLUDED.thumbnail, active = EXCLUDED.active, base_price = EXCLUDED.base_price;
INSERT INTO product_variants (product_id, sku, size, color, stock_quantity, price_adjustment, active, image) VALUES (480, 'SKU-67387', 'DRESS S', NULL, 1, 0, true, NULL) ON CONFLICT (sku) DO UPDATE SET stock_quantity = EXCLUDED.stock_quantity, size = EXCLUDED.size, active = EXCLUDED.active;
INSERT INTO prices (variant_id, amount, currency) SELECT id, 4900, 'Br' FROM product_variants WHERE sku = 'SKU-67387' AND NOT EXISTS (SELECT 1 FROM prices WHERE variant_id = product_variants.id);
INSERT INTO product_variants (product_id, sku, size, color, stock_quantity, price_adjustment, active, image) VALUES (480, 'SKU-67388', 'DRESS M', NULL, 1, 0, true, NULL) ON CONFLICT (sku) DO UPDATE SET stock_quantity = EXCLUDED.stock_quantity, size = EXCLUDED.size, active = EXCLUDED.active;
INSERT INTO prices (variant_id, amount, currency) SELECT id, 4900, 'Br' FROM product_variants WHERE sku = 'SKU-67388' AND NOT EXISTS (SELECT 1 FROM prices WHERE variant_id = product_variants.id);
INSERT INTO product_variants (product_id, sku, size, color, stock_quantity, price_adjustment, active, image) VALUES (480, 'SKU-67389', 'DRESS L', NULL, 1, 0, true, NULL) ON CONFLICT (sku) DO UPDATE SET stock_quantity = EXCLUDED.stock_quantity, size = EXCLUDED.size, active = EXCLUDED.active;
INSERT INTO prices (variant_id, amount, currency) SELECT id, 4900, 'Br' FROM product_variants WHERE sku = 'SKU-67389' AND NOT EXISTS (SELECT 1 FROM prices WHERE variant_id = product_variants.id);
INSERT INTO product_images (product_id, url, position) VALUES (480, '/images/480/img_3043.jpg', 0) ON CONFLICT DO NOTHING;
INSERT INTO product_images (product_id, url, position) VALUES (480, '/images/480/img_3045.jpg', 1) ON CONFLICT DO NOTHING;
INSERT INTO product_images (product_id, url, position) VALUES (480, '/images/480/img_3044.jpg', 2) ON CONFLICT DO NOTHING;
INSERT INTO products (id, title, slug, description, thumbnail, active, base_price) VALUES (481, 'Clean White Sleeveless Sweetheart Neckline Bodycon Maxi Dress', 'clean-white-sleeveless-sweetheart-neckline-bodycon-maxi-dress', '', '/images/481/img_3036.jpg', True, 5400) ON CONFLICT (id) DO UPDATE SET title = EXCLUDED.title, slug = EXCLUDED.slug, description = EXCLUDED.description, thumbnail = EXCLUDED.thumbnail, active = EXCLUDED.active, base_price = EXCLUDED.base_price;
INSERT INTO product_variants (product_id, sku, size, color, stock_quantity, price_adjustment, active, image) VALUES (481, 'SKU-67392', 'DRESS FREE', NULL, 1, 0, true, NULL) ON CONFLICT (sku) DO UPDATE SET stock_quantity = EXCLUDED.stock_quantity, size = EXCLUDED.size, active = EXCLUDED.active;
INSERT INTO prices (variant_id, amount, currency) SELECT id, 5400, 'Br' FROM product_variants WHERE sku = 'SKU-67392' AND NOT EXISTS (SELECT 1 FROM prices WHERE variant_id = product_variants.id);
INSERT INTO product_images (product_id, url, position) VALUES (481, '/images/481/img_3036.jpg', 0) ON CONFLICT DO NOTHING;
INSERT INTO product_images (product_id, url, position) VALUES (481, '/images/481/img_3038.jpg', 1) ON CONFLICT DO NOTHING;
INSERT INTO product_images (product_id, url, position) VALUES (481, '/images/481/img_3037.jpg', 2) ON CONFLICT DO NOTHING;
INSERT INTO products (id, title, slug, description, thumbnail, active, base_price) VALUES (482, 'Pale Baby Blue Floral Lace Overlay Padded Mini Dress', 'pale-baby-blue-floral-lace-overlay-padded-mini-dress', '', '/images/482/img_3062.jpg', True, 4900) ON CONFLICT (id) DO UPDATE SET title = EXCLUDED.title, slug = EXCLUDED.slug, description = EXCLUDED.description, thumbnail = EXCLUDED.thumbnail, active = EXCLUDED.active, base_price = EXCLUDED.base_price;
INSERT INTO product_variants (product_id, sku, size, color, stock_quantity, price_adjustment, active, image) VALUES (482, 'SKU-67393', 'DRESS S', NULL, 1, 0, true, NULL) ON CONFLICT (sku) DO UPDATE SET stock_quantity = EXCLUDED.stock_quantity, size = EXCLUDED.size, active = EXCLUDED.active;
INSERT INTO prices (variant_id, amount, currency) SELECT id, 4900, 'Br' FROM product_variants WHERE sku = 'SKU-67393' AND NOT EXISTS (SELECT 1 FROM prices WHERE variant_id = product_variants.id);
INSERT INTO product_variants (product_id, sku, size, color, stock_quantity, price_adjustment, active, image) VALUES (482, 'SKU-67394', 'DRESS M', NULL, 1, 0, true, NULL) ON CONFLICT (sku) DO UPDATE SET stock_quantity = EXCLUDED.stock_quantity, size = EXCLUDED.size, active = EXCLUDED.active;
INSERT INTO prices (variant_id, amount, currency) SELECT id, 4900, 'Br' FROM product_variants WHERE sku = 'SKU-67394' AND NOT EXISTS (SELECT 1 FROM prices WHERE variant_id = product_variants.id);
INSERT INTO product_variants (product_id, sku, size, color, stock_quantity, price_adjustment, active, image) VALUES (482, 'SKU-67395', 'DRESS L', NULL, 1, 0, true, NULL) ON CONFLICT (sku) DO UPDATE SET stock_quantity = EXCLUDED.stock_quantity, size = EXCLUDED.size, active = EXCLUDED.active;
INSERT INTO prices (variant_id, amount, currency) SELECT id, 4900, 'Br' FROM product_variants WHERE sku = 'SKU-67395' AND NOT EXISTS (SELECT 1 FROM prices WHERE variant_id = product_variants.id);
INSERT INTO product_images (product_id, url, position) VALUES (482, '/images/482/img_3062.jpg', 0) ON CONFLICT DO NOTHING;
INSERT INTO product_images (product_id, url, position) VALUES (482, '/images/482/img_3063.jpg', 1) ON CONFLICT DO NOTHING;
INSERT INTO product_images (product_id, url, position) VALUES (482, '/images/482/img_3064.jpg', 2) ON CONFLICT DO NOTHING;
INSERT INTO products (id, title, slug, description, thumbnail, active, base_price) VALUES (483, 'Classic Black High Neck Quilted Insulated Puffer Vest - Black', 'classic-black-high-neck-quilted-insulated-puffer-vest-black', '', '/images/483/img_2986-2.jpg', True, 4900) ON CONFLICT (id) DO UPDATE SET title = EXCLUDED.title, slug = EXCLUDED.slug, description = EXCLUDED.description, thumbnail = EXCLUDED.thumbnail, active = EXCLUDED.active, base_price = EXCLUDED.base_price;
INSERT INTO product_variants (product_id, sku, size, color, stock_quantity, price_adjustment, active, image) VALUES (483, 'SKU-67405', 'JACK S', NULL, 1, 0, true, NULL) ON CONFLICT (sku) DO UPDATE SET stock_quantity = EXCLUDED.stock_quantity, size = EXCLUDED.size, active = EXCLUDED.active;
INSERT INTO prices (variant_id, amount, currency) SELECT id, 4900, 'Br' FROM product_variants WHERE sku = 'SKU-67405' AND NOT EXISTS (SELECT 1 FROM prices WHERE variant_id = product_variants.id);
INSERT INTO product_variants (product_id, sku, size, color, stock_quantity, price_adjustment, active, image) VALUES (483, 'SKU-67406', 'JACK M', NULL, 1, 0, true, NULL) ON CONFLICT (sku) DO UPDATE SET stock_quantity = EXCLUDED.stock_quantity, size = EXCLUDED.size, active = EXCLUDED.active;
INSERT INTO prices (variant_id, amount, currency) SELECT id, 4900, 'Br' FROM product_variants WHERE sku = 'SKU-67406' AND NOT EXISTS (SELECT 1 FROM prices WHERE variant_id = product_variants.id);
INSERT INTO product_variants (product_id, sku, size, color, stock_quantity, price_adjustment, active, image) VALUES (483, 'SKU-67407', 'JACK L', NULL, 1, 0, true, NULL) ON CONFLICT (sku) DO UPDATE SET stock_quantity = EXCLUDED.stock_quantity, size = EXCLUDED.size, active = EXCLUDED.active;
INSERT INTO prices (variant_id, amount, currency) SELECT id, 4900, 'Br' FROM product_variants WHERE sku = 'SKU-67407' AND NOT EXISTS (SELECT 1 FROM prices WHERE variant_id = product_variants.id);
INSERT INTO product_images (product_id, url, position) VALUES (483, '/images/483/img_2986-2.jpg', 0) ON CONFLICT DO NOTHING;
INSERT INTO products (id, title, slug, description, thumbnail, active, base_price) VALUES (484, 'Fullsleeve Turtle Neck Flare Dress', 'fullsleeve-turtle-neck-flare-dress', '', '/images/484/img_2173.jpeg', True, 4900) ON CONFLICT (id) DO UPDATE SET title = EXCLUDED.title, slug = EXCLUDED.slug, description = EXCLUDED.description, thumbnail = EXCLUDED.thumbnail, active = EXCLUDED.active, base_price = EXCLUDED.base_price;
INSERT INTO product_variants (product_id, sku, size, color, stock_quantity, price_adjustment, active, image) VALUES (484, 'SKU-67475', 'DRESS XS', NULL, 1, 0, true, NULL) ON CONFLICT (sku) DO UPDATE SET stock_quantity = EXCLUDED.stock_quantity, size = EXCLUDED.size, active = EXCLUDED.active;
INSERT INTO prices (variant_id, amount, currency) SELECT id, 4900, 'Br' FROM product_variants WHERE sku = 'SKU-67475' AND NOT EXISTS (SELECT 1 FROM prices WHERE variant_id = product_variants.id);
INSERT INTO product_variants (product_id, sku, size, color, stock_quantity, price_adjustment, active, image) VALUES (484, 'SKU-67476', 'DRESS S', NULL, 1, 0, true, NULL) ON CONFLICT (sku) DO UPDATE SET stock_quantity = EXCLUDED.stock_quantity, size = EXCLUDED.size, active = EXCLUDED.active;
INSERT INTO prices (variant_id, amount, currency) SELECT id, 4900, 'Br' FROM product_variants WHERE sku = 'SKU-67476' AND NOT EXISTS (SELECT 1 FROM prices WHERE variant_id = product_variants.id);
INSERT INTO product_variants (product_id, sku, size, color, stock_quantity, price_adjustment, active, image) VALUES (484, 'SKU-67477', 'DRESS M', NULL, 1, 0, true, NULL) ON CONFLICT (sku) DO UPDATE SET stock_quantity = EXCLUDED.stock_quantity, size = EXCLUDED.size, active = EXCLUDED.active;
INSERT INTO prices (variant_id, amount, currency) SELECT id, 4900, 'Br' FROM product_variants WHERE sku = 'SKU-67477' AND NOT EXISTS (SELECT 1 FROM prices WHERE variant_id = product_variants.id);
INSERT INTO product_variants (product_id, sku, size, color, stock_quantity, price_adjustment, active, image) VALUES (484, 'SKU-67478', 'DRESS L', NULL, 1, 0, true, NULL) ON CONFLICT (sku) DO UPDATE SET stock_quantity = EXCLUDED.stock_quantity, size = EXCLUDED.size, active = EXCLUDED.active;
INSERT INTO prices (variant_id, amount, currency) SELECT id, 4900, 'Br' FROM product_variants WHERE sku = 'SKU-67478' AND NOT EXISTS (SELECT 1 FROM prices WHERE variant_id = product_variants.id);
INSERT INTO product_images (product_id, url, position) VALUES (484, '/images/484/img_2173.jpeg', 0) ON CONFLICT DO NOTHING;
INSERT INTO product_images (product_id, url, position) VALUES (484, '/images/484/img_2342.jpeg', 1) ON CONFLICT DO NOTHING;
INSERT INTO products (id, title, slug, description, thumbnail, active, base_price) VALUES (485, 'Washed Distressed Wide-Leg Jeans', 'washed-distressed-wide-leg-jeans', '', '/images/485/img_1066.jpeg', True, 5400) ON CONFLICT (id) DO UPDATE SET title = EXCLUDED.title, slug = EXCLUDED.slug, description = EXCLUDED.description, thumbnail = EXCLUDED.thumbnail, active = EXCLUDED.active, base_price = EXCLUDED.base_price;
INSERT INTO product_variants (product_id, sku, size, color, stock_quantity, price_adjustment, active, image) VALUES (485, 'SKU-66821', 'jeans  M', NULL, 1, 0, true, NULL) ON CONFLICT (sku) DO UPDATE SET stock_quantity = EXCLUDED.stock_quantity, size = EXCLUDED.size, active = EXCLUDED.active;
INSERT INTO prices (variant_id, amount, currency) SELECT id, 5400, 'Br' FROM product_variants WHERE sku = 'SKU-66821' AND NOT EXISTS (SELECT 1 FROM prices WHERE variant_id = product_variants.id);
INSERT INTO product_variants (product_id, sku, size, color, stock_quantity, price_adjustment, active, image) VALUES (485, 'SKU-66822', 'jeans  L', NULL, 1, 0, true, NULL) ON CONFLICT (sku) DO UPDATE SET stock_quantity = EXCLUDED.stock_quantity, size = EXCLUDED.size, active = EXCLUDED.active;
INSERT INTO prices (variant_id, amount, currency) SELECT id, 5400, 'Br' FROM product_variants WHERE sku = 'SKU-66822' AND NOT EXISTS (SELECT 1 FROM prices WHERE variant_id = product_variants.id);
INSERT INTO product_images (product_id, url, position) VALUES (485, '/images/485/img_1066.jpeg', 0) ON CONFLICT DO NOTHING;
INSERT INTO product_images (product_id, url, position) VALUES (485, '/images/485/img_1067.jpeg', 1) ON CONFLICT DO NOTHING;
INSERT INTO product_images (product_id, url, position) VALUES (485, '/images/485/img_1068.jpeg', 2) ON CONFLICT DO NOTHING;
INSERT INTO products (id, title, slug, description, thumbnail, active, base_price) VALUES (486, 'Chanel Paris Top Handle Bag - Brown', 'chanel-paris-top-handle-bag-brown', '', '/images/486/img_1090.jpeg', True, 4800) ON CONFLICT (id) DO UPDATE SET title = EXCLUDED.title, slug = EXCLUDED.slug, description = EXCLUDED.description, thumbnail = EXCLUDED.thumbnail, active = EXCLUDED.active, base_price = EXCLUDED.base_price;
INSERT INTO product_variants (product_id, sku, size, color, stock_quantity, price_adjustment, active, image) VALUES (486, 'SKU-66824', 'bag', NULL, 1, 0, true, NULL) ON CONFLICT (sku) DO UPDATE SET stock_quantity = EXCLUDED.stock_quantity, size = EXCLUDED.size, active = EXCLUDED.active;
INSERT INTO prices (variant_id, amount, currency) SELECT id, 4800, 'Br' FROM product_variants WHERE sku = 'SKU-66824' AND NOT EXISTS (SELECT 1 FROM prices WHERE variant_id = product_variants.id);
INSERT INTO product_images (product_id, url, position) VALUES (486, '/images/486/img_1090.jpeg', 0) ON CONFLICT DO NOTHING;
INSERT INTO products (id, title, slug, description, thumbnail, active, base_price) VALUES (487, 'Zara Beige Double Buckle Flat Sandals', 'zara-beige-double-buckle-flat-sandals', '', '/images/487/img_1056.jpeg', True, 5400) ON CONFLICT (id) DO UPDATE SET title = EXCLUDED.title, slug = EXCLUDED.slug, description = EXCLUDED.description, thumbnail = EXCLUDED.thumbnail, active = EXCLUDED.active, base_price = EXCLUDED.base_price;
INSERT INTO product_variants (product_id, sku, size, color, stock_quantity, price_adjustment, active, image) VALUES (487, 'SKU-66828', 'zara flat 36', NULL, 1, 0, true, NULL) ON CONFLICT (sku) DO UPDATE SET stock_quantity = EXCLUDED.stock_quantity, size = EXCLUDED.size, active = EXCLUDED.active;
INSERT INTO prices (variant_id, amount, currency) SELECT id, 5400, 'Br' FROM product_variants WHERE sku = 'SKU-66828' AND NOT EXISTS (SELECT 1 FROM prices WHERE variant_id = product_variants.id);
INSERT INTO product_variants (product_id, sku, size, color, stock_quantity, price_adjustment, active, image) VALUES (487, 'SKU-66829', 'zara flat 37', NULL, 1, 0, true, NULL) ON CONFLICT (sku) DO UPDATE SET stock_quantity = EXCLUDED.stock_quantity, size = EXCLUDED.size, active = EXCLUDED.active;
INSERT INTO prices (variant_id, amount, currency) SELECT id, 5400, 'Br' FROM product_variants WHERE sku = 'SKU-66829' AND NOT EXISTS (SELECT 1 FROM prices WHERE variant_id = product_variants.id);
INSERT INTO product_variants (product_id, sku, size, color, stock_quantity, price_adjustment, active, image) VALUES (487, '0-67505', 'Zara Beige Double Buckle Flat Sandals 38', NULL, 1, 0, true, NULL) ON CONFLICT (sku) DO UPDATE SET stock_quantity = EXCLUDED.stock_quantity, size = EXCLUDED.size, active = EXCLUDED.active;
INSERT INTO prices (variant_id, amount, currency) SELECT id, 5400, 'Br' FROM product_variants WHERE sku = '0-67505' AND NOT EXISTS (SELECT 1 FROM prices WHERE variant_id = product_variants.id);
INSERT INTO product_images (product_id, url, position) VALUES (487, '/images/487/img_1056.jpeg', 0) ON CONFLICT DO NOTHING;
INSERT INTO products (id, title, slug, description, thumbnail, active, base_price) VALUES (488, 'Black Leather Buckle Harness Corset Top', 'black-leather-buckle-harness-corset-top', '', '/images/488/img_0835.jpeg', True, 3500) ON CONFLICT (id) DO UPDATE SET title = EXCLUDED.title, slug = EXCLUDED.slug, description = EXCLUDED.description, thumbnail = EXCLUDED.thumbnail, active = EXCLUDED.active, base_price = EXCLUDED.base_price;
INSERT INTO product_variants (product_id, sku, size, color, stock_quantity, price_adjustment, active, image) VALUES (488, 'SKU-66806', 'corset XL', NULL, 1, 0, true, NULL) ON CONFLICT (sku) DO UPDATE SET stock_quantity = EXCLUDED.stock_quantity, size = EXCLUDED.size, active = EXCLUDED.active;
INSERT INTO prices (variant_id, amount, currency) SELECT id, 3500, 'Br' FROM product_variants WHERE sku = 'SKU-66806' AND NOT EXISTS (SELECT 1 FROM prices WHERE variant_id = product_variants.id);
INSERT INTO product_variants (product_id, sku, size, color, stock_quantity, price_adjustment, active, image) VALUES (488, 'SKU-66807', 'corset 2XL', NULL, 1, 0, true, NULL) ON CONFLICT (sku) DO UPDATE SET stock_quantity = EXCLUDED.stock_quantity, size = EXCLUDED.size, active = EXCLUDED.active;
INSERT INTO prices (variant_id, amount, currency) SELECT id, 3500, 'Br' FROM product_variants WHERE sku = 'SKU-66807' AND NOT EXISTS (SELECT 1 FROM prices WHERE variant_id = product_variants.id);
INSERT INTO product_images (product_id, url, position) VALUES (488, '/images/488/img_0835.jpeg', 0) ON CONFLICT DO NOTHING;
INSERT INTO product_images (product_id, url, position) VALUES (488, '/images/488/img_0836.jpeg', 1) ON CONFLICT DO NOTHING;
INSERT INTO products (id, title, slug, description, thumbnail, active, base_price) VALUES (489, 'Chanel Paris Top Handle Bag - Pink', 'chanel-paris-top-handle-bag-pink', '', '/images/489/img_1311.jpeg', True, 4800) ON CONFLICT (id) DO UPDATE SET title = EXCLUDED.title, slug = EXCLUDED.slug, description = EXCLUDED.description, thumbnail = EXCLUDED.thumbnail, active = EXCLUDED.active, base_price = EXCLUDED.base_price;
INSERT INTO product_variants (product_id, sku, size, color, stock_quantity, price_adjustment, active, image) VALUES (489, 'SKU-66851', 'cah bag', NULL, 1, 0, true, NULL) ON CONFLICT (sku) DO UPDATE SET stock_quantity = EXCLUDED.stock_quantity, size = EXCLUDED.size, active = EXCLUDED.active;
INSERT INTO prices (variant_id, amount, currency) SELECT id, 4800, 'Br' FROM product_variants WHERE sku = 'SKU-66851' AND NOT EXISTS (SELECT 1 FROM prices WHERE variant_id = product_variants.id);
INSERT INTO product_images (product_id, url, position) VALUES (489, '/images/489/img_1311.jpeg', 0) ON CONFLICT DO NOTHING;
INSERT INTO products (id, title, slug, description, thumbnail, active, base_price) VALUES (490, 'YSL Nude Patent Leather Chain Shoulder Bag', 'ysl-nude-patent-leather-chain-shoulder-bag', '', '/images/490/img_1180.jpeg', True, 5400) ON CONFLICT (id) DO UPDATE SET title = EXCLUDED.title, slug = EXCLUDED.slug, description = EXCLUDED.description, thumbnail = EXCLUDED.thumbnail, active = EXCLUDED.active, base_price = EXCLUDED.base_price;
INSERT INTO product_variants (product_id, sku, size, color, stock_quantity, price_adjustment, active, image) VALUES (490, 'SKU-66843', 'bag', NULL, 1, 0, true, NULL) ON CONFLICT (sku) DO UPDATE SET stock_quantity = EXCLUDED.stock_quantity, size = EXCLUDED.size, active = EXCLUDED.active;
INSERT INTO prices (variant_id, amount, currency) SELECT id, 5400, 'Br' FROM product_variants WHERE sku = 'SKU-66843' AND NOT EXISTS (SELECT 1 FROM prices WHERE variant_id = product_variants.id);
INSERT INTO product_images (product_id, url, position) VALUES (490, '/images/490/img_1180.jpeg', 0) ON CONFLICT DO NOTHING;
INSERT INTO products (id, title, slug, description, thumbnail, active, base_price) VALUES (491, 'Coach Signature Canvas Tote Bag with Leather Handles', 'coach-signature-canvas-tote-bag-with-leather-handles', '', '/images/491/img_1093.jpeg', True, 5400) ON CONFLICT (id) DO UPDATE SET title = EXCLUDED.title, slug = EXCLUDED.slug, description = EXCLUDED.description, thumbnail = EXCLUDED.thumbnail, active = EXCLUDED.active, base_price = EXCLUDED.base_price;
INSERT INTO product_variants (product_id, sku, size, color, stock_quantity, price_adjustment, active, image) VALUES (491, 'SKU-66827', 'bag', NULL, 1, 0, true, NULL) ON CONFLICT (sku) DO UPDATE SET stock_quantity = EXCLUDED.stock_quantity, size = EXCLUDED.size, active = EXCLUDED.active;
INSERT INTO prices (variant_id, amount, currency) SELECT id, 5400, 'Br' FROM product_variants WHERE sku = 'SKU-66827' AND NOT EXISTS (SELECT 1 FROM prices WHERE variant_id = product_variants.id);
INSERT INTO product_images (product_id, url, position) VALUES (491, '/images/491/img_1093.jpeg', 0) ON CONFLICT DO NOTHING;
INSERT INTO products (id, title, slug, description, thumbnail, active, base_price) VALUES (492, 'Coach Signature Canvas Tote Bag with Leather Handles - Black', 'coach-signature-canvas-tote-bag-with-leather-handles-black', '', '/images/492/img_1092.jpeg', True, 5400) ON CONFLICT (id) DO UPDATE SET title = EXCLUDED.title, slug = EXCLUDED.slug, description = EXCLUDED.description, thumbnail = EXCLUDED.thumbnail, active = EXCLUDED.active, base_price = EXCLUDED.base_price;
INSERT INTO product_variants (product_id, sku, size, color, stock_quantity, price_adjustment, active, image) VALUES (492, 'SKU-66825', 'bag', NULL, 1, 0, true, NULL) ON CONFLICT (sku) DO UPDATE SET stock_quantity = EXCLUDED.stock_quantity, size = EXCLUDED.size, active = EXCLUDED.active;
INSERT INTO prices (variant_id, amount, currency) SELECT id, 5400, 'Br' FROM product_variants WHERE sku = 'SKU-66825' AND NOT EXISTS (SELECT 1 FROM prices WHERE variant_id = product_variants.id);
INSERT INTO product_images (product_id, url, position) VALUES (492, '/images/492/img_1092.jpeg', 0) ON CONFLICT DO NOTHING;
INSERT INTO products (id, title, slug, description, thumbnail, active, base_price) VALUES (493, 'Black Oval Crossbody Bag with Gold Accent - Brown', 'black-oval-crossbody-bag-with-gold-accent-brown', '', '/images/493/img_0831.jpeg', True, 0) ON CONFLICT (id) DO UPDATE SET title = EXCLUDED.title, slug = EXCLUDED.slug, description = EXCLUDED.description, thumbnail = EXCLUDED.thumbnail, active = EXCLUDED.active, base_price = EXCLUDED.base_price;
INSERT INTO product_images (product_id, url, position) VALUES (493, '/images/493/img_0831.jpeg', 0) ON CONFLICT DO NOTHING;
INSERT INTO products (id, title, slug, description, thumbnail, active, base_price) VALUES (494, 'YSL Wine Red Patent Leather Chain Shoulder Bag', 'ysl-wine-red-patent-leather-chain-shoulder-bag', '', '/images/494/img_1046.jpeg', True, 5400) ON CONFLICT (id) DO UPDATE SET title = EXCLUDED.title, slug = EXCLUDED.slug, description = EXCLUDED.description, thumbnail = EXCLUDED.thumbnail, active = EXCLUDED.active, base_price = EXCLUDED.base_price;
INSERT INTO product_variants (product_id, sku, size, color, stock_quantity, price_adjustment, active, image) VALUES (494, 'SKU-66811', 'bagg', NULL, 1, 0, true, NULL) ON CONFLICT (sku) DO UPDATE SET stock_quantity = EXCLUDED.stock_quantity, size = EXCLUDED.size, active = EXCLUDED.active;
INSERT INTO prices (variant_id, amount, currency) SELECT id, 5400, 'Br' FROM product_variants WHERE sku = 'SKU-66811' AND NOT EXISTS (SELECT 1 FROM prices WHERE variant_id = product_variants.id);
INSERT INTO product_images (product_id, url, position) VALUES (494, '/images/494/img_1046.jpeg', 0) ON CONFLICT DO NOTHING;
INSERT INTO products (id, title, slug, description, thumbnail, active, base_price) VALUES (495, 'Strapless Mesh Corset Top', 'strapless-mesh-corset-top', '', '/images/495/img_1082.jpeg', True, 2800) ON CONFLICT (id) DO UPDATE SET title = EXCLUDED.title, slug = EXCLUDED.slug, description = EXCLUDED.description, thumbnail = EXCLUDED.thumbnail, active = EXCLUDED.active, base_price = EXCLUDED.base_price;
INSERT INTO product_variants (product_id, sku, size, color, stock_quantity, price_adjustment, active, image) VALUES (495, 'SKU-66820', 'crop top 38/85', NULL, 1, 0, true, NULL) ON CONFLICT (sku) DO UPDATE SET stock_quantity = EXCLUDED.stock_quantity, size = EXCLUDED.size, active = EXCLUDED.active;
INSERT INTO prices (variant_id, amount, currency) SELECT id, 2800, 'Br' FROM product_variants WHERE sku = 'SKU-66820' AND NOT EXISTS (SELECT 1 FROM prices WHERE variant_id = product_variants.id);
INSERT INTO product_images (product_id, url, position) VALUES (495, '/images/495/img_1082.jpeg', 0) ON CONFLICT DO NOTHING;
INSERT INTO product_images (product_id, url, position) VALUES (495, '/images/495/img_1081.jpeg', 1) ON CONFLICT DO NOTHING;
INSERT INTO products (id, title, slug, description, thumbnail, active, base_price) VALUES (496, 'Satin Floral Embossed Baseball Hat - Black', 'satin-floral-embossed-baseball-hat-black', '', '/images/496/img_1087.jpeg', True, 1900) ON CONFLICT (id) DO UPDATE SET title = EXCLUDED.title, slug = EXCLUDED.slug, description = EXCLUDED.description, thumbnail = EXCLUDED.thumbnail, active = EXCLUDED.active, base_price = EXCLUDED.base_price;
INSERT INTO product_variants (product_id, sku, size, color, stock_quantity, price_adjustment, active, image) VALUES (496, 'SKU-66830', 'cap ', NULL, 1, 0, true, NULL) ON CONFLICT (sku) DO UPDATE SET stock_quantity = EXCLUDED.stock_quantity, size = EXCLUDED.size, active = EXCLUDED.active;
INSERT INTO prices (variant_id, amount, currency) SELECT id, 1900, 'Br' FROM product_variants WHERE sku = 'SKU-66830' AND NOT EXISTS (SELECT 1 FROM prices WHERE variant_id = product_variants.id);
INSERT INTO product_images (product_id, url, position) VALUES (496, '/images/496/img_1087.jpeg', 0) ON CONFLICT DO NOTHING;
INSERT INTO products (id, title, slug, description, thumbnail, active, base_price) VALUES (497, 'YSL Sleek Athletic Crop Top and Leggings Ensemble', 'ysl-sleek-athletic-crop-top-and-leggings-ensemble', '', '/images/497/img_1099.jpeg', True, 4800) ON CONFLICT (id) DO UPDATE SET title = EXCLUDED.title, slug = EXCLUDED.slug, description = EXCLUDED.description, thumbnail = EXCLUDED.thumbnail, active = EXCLUDED.active, base_price = EXCLUDED.base_price;
INSERT INTO product_variants (product_id, sku, size, color, stock_quantity, price_adjustment, active, image) VALUES (497, 'SKU-66835', 'set XL', NULL, 1, 0, true, NULL) ON CONFLICT (sku) DO UPDATE SET stock_quantity = EXCLUDED.stock_quantity, size = EXCLUDED.size, active = EXCLUDED.active;
INSERT INTO prices (variant_id, amount, currency) SELECT id, 4800, 'Br' FROM product_variants WHERE sku = 'SKU-66835' AND NOT EXISTS (SELECT 1 FROM prices WHERE variant_id = product_variants.id);
INSERT INTO product_images (product_id, url, position) VALUES (497, '/images/497/img_1099.jpeg', 0) ON CONFLICT DO NOTHING;
INSERT INTO product_images (product_id, url, position) VALUES (497, '/images/497/img_1101.jpeg', 1) ON CONFLICT DO NOTHING;
INSERT INTO product_images (product_id, url, position) VALUES (497, '/images/497/img_1103.jpeg', 2) ON CONFLICT DO NOTHING;
INSERT INTO product_images (product_id, url, position) VALUES (497, '/images/497/img_1102.jpeg', 3) ON CONFLICT DO NOTHING;
INSERT INTO products (id, title, slug, description, thumbnail, active, base_price) VALUES (498, 'Black Patent Slingback Heels with Silver Cap Toe', 'black-patent-slingback-heels-with-silver-cap-toe', '', '/images/498/img_1104.jpeg', True, 5700) ON CONFLICT (id) DO UPDATE SET title = EXCLUDED.title, slug = EXCLUDED.slug, description = EXCLUDED.description, thumbnail = EXCLUDED.thumbnail, active = EXCLUDED.active, base_price = EXCLUDED.base_price;
INSERT INTO product_variants (product_id, sku, size, color, stock_quantity, price_adjustment, active, image) VALUES (498, 'SKU-66837', 'heel 39', NULL, 1, 0, true, NULL) ON CONFLICT (sku) DO UPDATE SET stock_quantity = EXCLUDED.stock_quantity, size = EXCLUDED.size, active = EXCLUDED.active;
INSERT INTO prices (variant_id, amount, currency) SELECT id, 5700, 'Br' FROM product_variants WHERE sku = 'SKU-66837' AND NOT EXISTS (SELECT 1 FROM prices WHERE variant_id = product_variants.id);
INSERT INTO product_variants (product_id, sku, size, color, stock_quantity, price_adjustment, active, image) VALUES (498, 'SKU-67506', 'Black Patent Slingback Heels with Silver Cap Toe 37', NULL, 1, 0, true, NULL) ON CONFLICT (sku) DO UPDATE SET stock_quantity = EXCLUDED.stock_quantity, size = EXCLUDED.size, active = EXCLUDED.active;
INSERT INTO prices (variant_id, amount, currency) SELECT id, 5700, 'Br' FROM product_variants WHERE sku = 'SKU-67506' AND NOT EXISTS (SELECT 1 FROM prices WHERE variant_id = product_variants.id);
INSERT INTO product_images (product_id, url, position) VALUES (498, '/images/498/img_1104.jpeg', 0) ON CONFLICT DO NOTHING;
INSERT INTO product_images (product_id, url, position) VALUES (498, '/images/498/img_1105.jpeg', 1) ON CONFLICT DO NOTHING;
INSERT INTO products (id, title, slug, description, thumbnail, active, base_price) VALUES (499, 'Casual Cotton Cap with Simple Stitch Design Hat - Grey', 'casual-cotton-cap-with-simple-stitch-design-hat-grey', '', '/images/499/img_1170.jpeg', True, 1900) ON CONFLICT (id) DO UPDATE SET title = EXCLUDED.title, slug = EXCLUDED.slug, description = EXCLUDED.description, thumbnail = EXCLUDED.thumbnail, active = EXCLUDED.active, base_price = EXCLUDED.base_price;
INSERT INTO product_variants (product_id, sku, size, color, stock_quantity, price_adjustment, active, image) VALUES (499, 'SKU-66841', 'cap', NULL, 1, 0, true, NULL) ON CONFLICT (sku) DO UPDATE SET stock_quantity = EXCLUDED.stock_quantity, size = EXCLUDED.size, active = EXCLUDED.active;
INSERT INTO prices (variant_id, amount, currency) SELECT id, 1900, 'Br' FROM product_variants WHERE sku = 'SKU-66841' AND NOT EXISTS (SELECT 1 FROM prices WHERE variant_id = product_variants.id);
INSERT INTO product_images (product_id, url, position) VALUES (499, '/images/499/img_1170.jpeg', 0) ON CONFLICT DO NOTHING;
INSERT INTO products (id, title, slug, description, thumbnail, active, base_price) VALUES (500, 'Black Oval Crossbody Bag with Gold Accent - Burgendy', 'black-oval-crossbody-bag-with-gold-accent-burgendy', '', '/images/500/img_0830.jpeg', True, 5400) ON CONFLICT (id) DO UPDATE SET title = EXCLUDED.title, slug = EXCLUDED.slug, description = EXCLUDED.description, thumbnail = EXCLUDED.thumbnail, active = EXCLUDED.active, base_price = EXCLUDED.base_price;
INSERT INTO product_variants (product_id, sku, size, color, stock_quantity, price_adjustment, active, image) VALUES (500, 'SKU-66805', 'bag', NULL, 1, 0, true, NULL) ON CONFLICT (sku) DO UPDATE SET stock_quantity = EXCLUDED.stock_quantity, size = EXCLUDED.size, active = EXCLUDED.active;
INSERT INTO prices (variant_id, amount, currency) SELECT id, 5400, 'Br' FROM product_variants WHERE sku = 'SKU-66805' AND NOT EXISTS (SELECT 1 FROM prices WHERE variant_id = product_variants.id);
INSERT INTO product_images (product_id, url, position) VALUES (500, '/images/500/img_0830.jpeg', 0) ON CONFLICT DO NOTHING;
INSERT INTO products (id, title, slug, description, thumbnail, active, base_price) VALUES (501, 'Chanel Classy Mini Bag - Grey', 'chanel-classy-mini-bag-grey', '', '/images/501/img_1709.jpeg', True, 4800) ON CONFLICT (id) DO UPDATE SET title = EXCLUDED.title, slug = EXCLUDED.slug, description = EXCLUDED.description, thumbnail = EXCLUDED.thumbnail, active = EXCLUDED.active, base_price = EXCLUDED.base_price;
INSERT INTO product_variants (product_id, sku, size, color, stock_quantity, price_adjustment, active, image) VALUES (501, 'SKU-66874', 'bag', NULL, 1, 0, true, NULL) ON CONFLICT (sku) DO UPDATE SET stock_quantity = EXCLUDED.stock_quantity, size = EXCLUDED.size, active = EXCLUDED.active;
INSERT INTO prices (variant_id, amount, currency) SELECT id, 4800, 'Br' FROM product_variants WHERE sku = 'SKU-66874' AND NOT EXISTS (SELECT 1 FROM prices WHERE variant_id = product_variants.id);
INSERT INTO product_images (product_id, url, position) VALUES (501, '/images/501/img_1709.jpeg', 0) ON CONFLICT DO NOTHING;
INSERT INTO products (id, title, slug, description, thumbnail, active, base_price) VALUES (502, 'Chanel Classy Mini Bag - Silver', 'chanel-classy-mini-bag-silver', '', '/images/502/img_2129__03.jpeg', True, 4800) ON CONFLICT (id) DO UPDATE SET title = EXCLUDED.title, slug = EXCLUDED.slug, description = EXCLUDED.description, thumbnail = EXCLUDED.thumbnail, active = EXCLUDED.active, base_price = EXCLUDED.base_price;
INSERT INTO product_variants (product_id, sku, size, color, stock_quantity, price_adjustment, active, image) VALUES (502, 'SKU-66449', 'Chanel Classy MIni Bag - Silver', NULL, 1, 0, true, NULL) ON CONFLICT (sku) DO UPDATE SET stock_quantity = EXCLUDED.stock_quantity, size = EXCLUDED.size, active = EXCLUDED.active;
INSERT INTO prices (variant_id, amount, currency) SELECT id, 4800, 'Br' FROM product_variants WHERE sku = 'SKU-66449' AND NOT EXISTS (SELECT 1 FROM prices WHERE variant_id = product_variants.id);
INSERT INTO product_images (product_id, url, position) VALUES (502, '/images/502/img_2129__03.jpeg', 0) ON CONFLICT DO NOTHING;
INSERT INTO products (id, title, slug, description, thumbnail, active, base_price) VALUES (503, 'Zara Black Patent Double Strap Slide Sandals', 'zara-black-patent-double-strap-slide-sandals', '', '/images/503/img_1391.jpeg', True, 5400) ON CONFLICT (id) DO UPDATE SET title = EXCLUDED.title, slug = EXCLUDED.slug, description = EXCLUDED.description, thumbnail = EXCLUDED.thumbnail, active = EXCLUDED.active, base_price = EXCLUDED.base_price;
INSERT INTO product_variants (product_id, sku, size, color, stock_quantity, price_adjustment, active, image) VALUES (503, 'SKU-66856', 'zara flat 36', NULL, 1, 0, true, NULL) ON CONFLICT (sku) DO UPDATE SET stock_quantity = EXCLUDED.stock_quantity, size = EXCLUDED.size, active = EXCLUDED.active;
INSERT INTO prices (variant_id, amount, currency) SELECT id, 5400, 'Br' FROM product_variants WHERE sku = 'SKU-66856' AND NOT EXISTS (SELECT 1 FROM prices WHERE variant_id = product_variants.id);
INSERT INTO product_variants (product_id, sku, size, color, stock_quantity, price_adjustment, active, image) VALUES (503, 'SKU-66857', 'zara flat 37', NULL, 1, 0, true, NULL) ON CONFLICT (sku) DO UPDATE SET stock_quantity = EXCLUDED.stock_quantity, size = EXCLUDED.size, active = EXCLUDED.active;
INSERT INTO prices (variant_id, amount, currency) SELECT id, 5400, 'Br' FROM product_variants WHERE sku = 'SKU-66857' AND NOT EXISTS (SELECT 1 FROM prices WHERE variant_id = product_variants.id);
INSERT INTO product_variants (product_id, sku, size, color, stock_quantity, price_adjustment, active, image) VALUES (503, 'SKU-66858', 'zara flat 38', NULL, 1, 0, true, NULL) ON CONFLICT (sku) DO UPDATE SET stock_quantity = EXCLUDED.stock_quantity, size = EXCLUDED.size, active = EXCLUDED.active;
INSERT INTO prices (variant_id, amount, currency) SELECT id, 5400, 'Br' FROM product_variants WHERE sku = 'SKU-66858' AND NOT EXISTS (SELECT 1 FROM prices WHERE variant_id = product_variants.id);
INSERT INTO product_variants (product_id, sku, size, color, stock_quantity, price_adjustment, active, image) VALUES (503, 'SKU-66859', 'zara flat 39', NULL, 1, 0, true, NULL) ON CONFLICT (sku) DO UPDATE SET stock_quantity = EXCLUDED.stock_quantity, size = EXCLUDED.size, active = EXCLUDED.active;
INSERT INTO prices (variant_id, amount, currency) SELECT id, 5400, 'Br' FROM product_variants WHERE sku = 'SKU-66859' AND NOT EXISTS (SELECT 1 FROM prices WHERE variant_id = product_variants.id);
INSERT INTO product_variants (product_id, sku, size, color, stock_quantity, price_adjustment, active, image) VALUES (503, 'SKU-66860', 'zara flat 40', NULL, 1, 0, true, NULL) ON CONFLICT (sku) DO UPDATE SET stock_quantity = EXCLUDED.stock_quantity, size = EXCLUDED.size, active = EXCLUDED.active;
INSERT INTO prices (variant_id, amount, currency) SELECT id, 5400, 'Br' FROM product_variants WHERE sku = 'SKU-66860' AND NOT EXISTS (SELECT 1 FROM prices WHERE variant_id = product_variants.id);
INSERT INTO product_images (product_id, url, position) VALUES (503, '/images/503/img_1391.jpeg', 0) ON CONFLICT DO NOTHING;
INSERT INTO product_images (product_id, url, position) VALUES (503, '/images/503/img_1390.jpeg', 1) ON CONFLICT DO NOTHING;
INSERT INTO products (id, title, slug, description, thumbnail, active, base_price) VALUES (504, 'Zara Black Strappy Slide Sandals with Gold Buckles', 'zara-black-strappy-slide-sandals-with-gold-buckles', '', '/images/504/img_1601__02.jpeg', True, 4400) ON CONFLICT (id) DO UPDATE SET title = EXCLUDED.title, slug = EXCLUDED.slug, description = EXCLUDED.description, thumbnail = EXCLUDED.thumbnail, active = EXCLUDED.active, base_price = EXCLUDED.base_price;
INSERT INTO product_variants (product_id, sku, size, color, stock_quantity, price_adjustment, active, image) VALUES (504, 'SKU-66864', 'zara flat 38', NULL, 1, 0, true, NULL) ON CONFLICT (sku) DO UPDATE SET stock_quantity = EXCLUDED.stock_quantity, size = EXCLUDED.size, active = EXCLUDED.active;
INSERT INTO prices (variant_id, amount, currency) SELECT id, 4400, 'Br' FROM product_variants WHERE sku = 'SKU-66864' AND NOT EXISTS (SELECT 1 FROM prices WHERE variant_id = product_variants.id);
INSERT INTO product_images (product_id, url, position) VALUES (504, '/images/504/img_1601__02.jpeg', 0) ON CONFLICT DO NOTHING;
INSERT INTO products (id, title, slug, description, thumbnail, active, base_price) VALUES (505, 'Coach Signature Canvas Tote Bag with Leather Handles - Pink', 'coach-signature-canvas-tote-bag-with-leather-handles-pink', '', '/images/505/img_1710.jpeg', True, 5400) ON CONFLICT (id) DO UPDATE SET title = EXCLUDED.title, slug = EXCLUDED.slug, description = EXCLUDED.description, thumbnail = EXCLUDED.thumbnail, active = EXCLUDED.active, base_price = EXCLUDED.base_price;
INSERT INTO product_variants (product_id, sku, size, color, stock_quantity, price_adjustment, active, image) VALUES (505, 'SKU-66875', 'bag', NULL, 1, 0, true, NULL) ON CONFLICT (sku) DO UPDATE SET stock_quantity = EXCLUDED.stock_quantity, size = EXCLUDED.size, active = EXCLUDED.active;
INSERT INTO prices (variant_id, amount, currency) SELECT id, 5400, 'Br' FROM product_variants WHERE sku = 'SKU-66875' AND NOT EXISTS (SELECT 1 FROM prices WHERE variant_id = product_variants.id);
INSERT INTO product_images (product_id, url, position) VALUES (505, '/images/505/img_1710.jpeg', 0) ON CONFLICT DO NOTHING;
INSERT INTO products (id, title, slug, description, thumbnail, active, base_price) VALUES (506, 'Coach Signature Canvas Tote Bag with Leather Handles - Solid Black', 'coach-signature-canvas-tote-bag-with-leather-handles-solid-black', '', '/images/506/img_1711.jpeg', True, 5400) ON CONFLICT (id) DO UPDATE SET title = EXCLUDED.title, slug = EXCLUDED.slug, description = EXCLUDED.description, thumbnail = EXCLUDED.thumbnail, active = EXCLUDED.active, base_price = EXCLUDED.base_price;
INSERT INTO product_variants (product_id, sku, size, color, stock_quantity, price_adjustment, active, image) VALUES (506, 'SKU-66876', 'sho', NULL, 1, 0, true, NULL) ON CONFLICT (sku) DO UPDATE SET stock_quantity = EXCLUDED.stock_quantity, size = EXCLUDED.size, active = EXCLUDED.active;
INSERT INTO prices (variant_id, amount, currency) SELECT id, 5400, 'Br' FROM product_variants WHERE sku = 'SKU-66876' AND NOT EXISTS (SELECT 1 FROM prices WHERE variant_id = product_variants.id);
INSERT INTO product_images (product_id, url, position) VALUES (506, '/images/506/img_1711.jpeg', 0) ON CONFLICT DO NOTHING;
INSERT INTO products (id, title, slug, description, thumbnail, active, base_price) VALUES (507, 'YSL Blush Pink Quilted Chain Shoulder Bag', 'ysl-blush-pink-quilted-chain-shoulder-bag', '', '/images/507/img_1721.jpeg', True, 5400) ON CONFLICT (id) DO UPDATE SET title = EXCLUDED.title, slug = EXCLUDED.slug, description = EXCLUDED.description, thumbnail = EXCLUDED.thumbnail, active = EXCLUDED.active, base_price = EXCLUDED.base_price;
INSERT INTO product_variants (product_id, sku, size, color, stock_quantity, price_adjustment, active, image) VALUES (507, 'SKU-66882', 'bag', NULL, 1, 0, true, NULL) ON CONFLICT (sku) DO UPDATE SET stock_quantity = EXCLUDED.stock_quantity, size = EXCLUDED.size, active = EXCLUDED.active;
INSERT INTO prices (variant_id, amount, currency) SELECT id, 5400, 'Br' FROM product_variants WHERE sku = 'SKU-66882' AND NOT EXISTS (SELECT 1 FROM prices WHERE variant_id = product_variants.id);
INSERT INTO product_images (product_id, url, position) VALUES (507, '/images/507/img_1721.jpeg', 0) ON CONFLICT DO NOTHING;
INSERT INTO products (id, title, slug, description, thumbnail, active, base_price) VALUES (508, 'Two-Tone Contrast Side Stripe Wide-Leg Jeans', 'two-tone-contrast-side-stripe-wide-leg-jeans', '', '/images/508/img_1814.jpeg', True, 5800) ON CONFLICT (id) DO UPDATE SET title = EXCLUDED.title, slug = EXCLUDED.slug, description = EXCLUDED.description, thumbnail = EXCLUDED.thumbnail, active = EXCLUDED.active, base_price = EXCLUDED.base_price;
INSERT INTO product_variants (product_id, sku, size, color, stock_quantity, price_adjustment, active, image) VALUES (508, 'SKU-66898', 'jeans M', NULL, 1, 0, true, NULL) ON CONFLICT (sku) DO UPDATE SET stock_quantity = EXCLUDED.stock_quantity, size = EXCLUDED.size, active = EXCLUDED.active;
INSERT INTO prices (variant_id, amount, currency) SELECT id, 5800, 'Br' FROM product_variants WHERE sku = 'SKU-66898' AND NOT EXISTS (SELECT 1 FROM prices WHERE variant_id = product_variants.id);
INSERT INTO product_images (product_id, url, position) VALUES (508, '/images/508/img_1814.jpeg', 0) ON CONFLICT DO NOTHING;
INSERT INTO products (id, title, slug, description, thumbnail, active, base_price) VALUES (509, 'Elegant Wool-Blend Blazer with Gold Buttons and Pocket Detail', 'elegant-wool-blend-blazer-with-gold-buttons-and-pocket-detail', '', '/images/509/img_1833.jpeg', True, 4400) ON CONFLICT (id) DO UPDATE SET title = EXCLUDED.title, slug = EXCLUDED.slug, description = EXCLUDED.description, thumbnail = EXCLUDED.thumbnail, active = EXCLUDED.active, base_price = EXCLUDED.base_price;
INSERT INTO product_variants (product_id, sku, size, color, stock_quantity, price_adjustment, active, image) VALUES (509, 'SKU-66905', 'CARD FREE', NULL, 1, 0, true, NULL) ON CONFLICT (sku) DO UPDATE SET stock_quantity = EXCLUDED.stock_quantity, size = EXCLUDED.size, active = EXCLUDED.active;
INSERT INTO prices (variant_id, amount, currency) SELECT id, 4400, 'Br' FROM product_variants WHERE sku = 'SKU-66905' AND NOT EXISTS (SELECT 1 FROM prices WHERE variant_id = product_variants.id);
INSERT INTO product_images (product_id, url, position) VALUES (509, '/images/509/img_1833.jpeg', 0) ON CONFLICT DO NOTHING;
INSERT INTO products (id, title, slug, description, thumbnail, active, base_price) VALUES (510, 'Coach Signature Canvas Tote Bag with Leather Handles - Brown', 'coach-signature-canvas-tote-bag-with-leather-handles-brown', '', '/images/510/img_1712__02.jpeg', True, 5400) ON CONFLICT (id) DO UPDATE SET title = EXCLUDED.title, slug = EXCLUDED.slug, description = EXCLUDED.description, thumbnail = EXCLUDED.thumbnail, active = EXCLUDED.active, base_price = EXCLUDED.base_price;
INSERT INTO product_variants (product_id, sku, size, color, stock_quantity, price_adjustment, active, image) VALUES (510, 'SKU-66880', 'bag', NULL, 1, 0, true, NULL) ON CONFLICT (sku) DO UPDATE SET stock_quantity = EXCLUDED.stock_quantity, size = EXCLUDED.size, active = EXCLUDED.active;
INSERT INTO prices (variant_id, amount, currency) SELECT id, 5400, 'Br' FROM product_variants WHERE sku = 'SKU-66880' AND NOT EXISTS (SELECT 1 FROM prices WHERE variant_id = product_variants.id);
INSERT INTO product_images (product_id, url, position) VALUES (510, '/images/510/img_1712__02.jpeg', 0) ON CONFLICT DO NOTHING;
INSERT INTO products (id, title, slug, description, thumbnail, active, base_price) VALUES (511, 'Gradient Light-Wash Wide-Leg Jeans with Subtle Logo Print', 'gradient-light-wash-wide-leg-jeans-with-subtle-logo-print', '', '/images/511/img_1810.jpeg', True, 5600) ON CONFLICT (id) DO UPDATE SET title = EXCLUDED.title, slug = EXCLUDED.slug, description = EXCLUDED.description, thumbnail = EXCLUDED.thumbnail, active = EXCLUDED.active, base_price = EXCLUDED.base_price;
INSERT INTO product_variants (product_id, sku, size, color, stock_quantity, price_adjustment, active, image) VALUES (511, 'SKU-66894', 'jeans L', NULL, 1, 0, true, NULL) ON CONFLICT (sku) DO UPDATE SET stock_quantity = EXCLUDED.stock_quantity, size = EXCLUDED.size, active = EXCLUDED.active;
INSERT INTO prices (variant_id, amount, currency) SELECT id, 5600, 'Br' FROM product_variants WHERE sku = 'SKU-66894' AND NOT EXISTS (SELECT 1 FROM prices WHERE variant_id = product_variants.id);
INSERT INTO product_images (product_id, url, position) VALUES (511, '/images/511/img_1810.jpeg', 0) ON CONFLICT DO NOTHING;
INSERT INTO product_images (product_id, url, position) VALUES (511, '/images/511/img_1812.jpeg', 1) ON CONFLICT DO NOTHING;
INSERT INTO product_images (product_id, url, position) VALUES (511, '/images/511/img_1811.jpeg', 2) ON CONFLICT DO NOTHING;
INSERT INTO products (id, title, slug, description, thumbnail, active, base_price) VALUES (512, 'Classic Black Wool Fedora Hat with Ribbon Band', 'classic-black-wool-fedora-hat-with-ribbon-band', '', '/images/512/img_1840.jpeg', True, 2400) ON CONFLICT (id) DO UPDATE SET title = EXCLUDED.title, slug = EXCLUDED.slug, description = EXCLUDED.description, thumbnail = EXCLUDED.thumbnail, active = EXCLUDED.active, base_price = EXCLUDED.base_price;
INSERT INTO product_variants (product_id, sku, size, color, stock_quantity, price_adjustment, active, image) VALUES (512, 'SKU-66906', 'hat', NULL, 1, 0, true, NULL) ON CONFLICT (sku) DO UPDATE SET stock_quantity = EXCLUDED.stock_quantity, size = EXCLUDED.size, active = EXCLUDED.active;
INSERT INTO prices (variant_id, amount, currency) SELECT id, 2400, 'Br' FROM product_variants WHERE sku = 'SKU-66906' AND NOT EXISTS (SELECT 1 FROM prices WHERE variant_id = product_variants.id);
INSERT INTO product_images (product_id, url, position) VALUES (512, '/images/512/img_1840.jpeg', 0) ON CONFLICT DO NOTHING;
INSERT INTO product_images (product_id, url, position) VALUES (512, '/images/512/img_1838.jpeg', 1) ON CONFLICT DO NOTHING;
INSERT INTO products (id, title, slug, description, thumbnail, active, base_price) VALUES (513, 'Stone Vintage Denim Dad Hat with White Heart Stitching', 'stone-vintage-denim-dad-hat-with-white-heart-stitching', '', '/images/513/img_1725.jpeg', True, 1900) ON CONFLICT (id) DO UPDATE SET title = EXCLUDED.title, slug = EXCLUDED.slug, description = EXCLUDED.description, thumbnail = EXCLUDED.thumbnail, active = EXCLUDED.active, base_price = EXCLUDED.base_price;
INSERT INTO product_variants (product_id, sku, size, color, stock_quantity, price_adjustment, active, image) VALUES (513, 'SKU-66889', 'cap', NULL, 1, 0, true, NULL) ON CONFLICT (sku) DO UPDATE SET stock_quantity = EXCLUDED.stock_quantity, size = EXCLUDED.size, active = EXCLUDED.active;
INSERT INTO prices (variant_id, amount, currency) SELECT id, 1900, 'Br' FROM product_variants WHERE sku = 'SKU-66889' AND NOT EXISTS (SELECT 1 FROM prices WHERE variant_id = product_variants.id);
INSERT INTO product_images (product_id, url, position) VALUES (513, '/images/513/img_1725.jpeg', 0) ON CONFLICT DO NOTHING;
INSERT INTO products (id, title, slug, description, thumbnail, active, base_price) VALUES (514, 'Celine Distressed Black Cap with Gold Emblem Detail - Grey', 'celine-distressed-black-cap-with-gold-emblem-detail-grey', '', '/images/514/img_1729-1.jpeg', True, 1900) ON CONFLICT (id) DO UPDATE SET title = EXCLUDED.title, slug = EXCLUDED.slug, description = EXCLUDED.description, thumbnail = EXCLUDED.thumbnail, active = EXCLUDED.active, base_price = EXCLUDED.base_price;
INSERT INTO product_variants (product_id, sku, size, color, stock_quantity, price_adjustment, active, image) VALUES (514, 'SKU-66887', 'cap', NULL, 1, 0, true, NULL) ON CONFLICT (sku) DO UPDATE SET stock_quantity = EXCLUDED.stock_quantity, size = EXCLUDED.size, active = EXCLUDED.active;
INSERT INTO prices (variant_id, amount, currency) SELECT id, 1900, 'Br' FROM product_variants WHERE sku = 'SKU-66887' AND NOT EXISTS (SELECT 1 FROM prices WHERE variant_id = product_variants.id);
INSERT INTO product_images (product_id, url, position) VALUES (514, '/images/514/img_1729-1.jpeg', 0) ON CONFLICT DO NOTHING;
INSERT INTO products (id, title, slug, description, thumbnail, active, base_price) VALUES (515, 'Celine Distressed Black Cap with Gold Emblem Detail - Black', 'celine-distressed-black-cap-with-gold-emblem-detail-black', '', '/images/515/img_1730-1.jpeg', True, 1900) ON CONFLICT (id) DO UPDATE SET title = EXCLUDED.title, slug = EXCLUDED.slug, description = EXCLUDED.description, thumbnail = EXCLUDED.thumbnail, active = EXCLUDED.active, base_price = EXCLUDED.base_price;
INSERT INTO product_variants (product_id, sku, size, color, stock_quantity, price_adjustment, active, image) VALUES (515, 'SKU-66888', 'cap', NULL, 1, 0, true, NULL) ON CONFLICT (sku) DO UPDATE SET stock_quantity = EXCLUDED.stock_quantity, size = EXCLUDED.size, active = EXCLUDED.active;
INSERT INTO prices (variant_id, amount, currency) SELECT id, 1900, 'Br' FROM product_variants WHERE sku = 'SKU-66888' AND NOT EXISTS (SELECT 1 FROM prices WHERE variant_id = product_variants.id);
INSERT INTO product_images (product_id, url, position) VALUES (515, '/images/515/img_1730-1.jpeg', 0) ON CONFLICT DO NOTHING;
INSERT INTO products (id, title, slug, description, thumbnail, active, base_price) VALUES (516, 'Zara Classy Metallic Handle Bag - Pink', 'zara-classy-metallic-handle-bag-pink', '', '/images/516/img_1724.jpeg', True, 4500) ON CONFLICT (id) DO UPDATE SET title = EXCLUDED.title, slug = EXCLUDED.slug, description = EXCLUDED.description, thumbnail = EXCLUDED.thumbnail, active = EXCLUDED.active, base_price = EXCLUDED.base_price;
INSERT INTO product_variants (product_id, sku, size, color, stock_quantity, price_adjustment, active, image) VALUES (516, 'SKU-66886', 'bag', NULL, 1, 0, true, NULL) ON CONFLICT (sku) DO UPDATE SET stock_quantity = EXCLUDED.stock_quantity, size = EXCLUDED.size, active = EXCLUDED.active;
INSERT INTO prices (variant_id, amount, currency) SELECT id, 4500, 'Br' FROM product_variants WHERE sku = 'SKU-66886' AND NOT EXISTS (SELECT 1 FROM prices WHERE variant_id = product_variants.id);
INSERT INTO product_images (product_id, url, position) VALUES (516, '/images/516/img_1724.jpeg', 0) ON CONFLICT DO NOTHING;
INSERT INTO products (id, title, slug, description, thumbnail, active, base_price) VALUES (517, 'Vintage Washed A-Line Jean Skirt with Subtle Flower Pattern', 'vintage-washed-a-line-jean-skirt-with-subtle-flower-pattern', '', '/images/517/img_1815.jpeg', True, 4900) ON CONFLICT (id) DO UPDATE SET title = EXCLUDED.title, slug = EXCLUDED.slug, description = EXCLUDED.description, thumbnail = EXCLUDED.thumbnail, active = EXCLUDED.active, base_price = EXCLUDED.base_price;
INSERT INTO product_variants (product_id, sku, size, color, stock_quantity, price_adjustment, active, image) VALUES (517, 'SKU-66899', 'jeans skirt M', NULL, 1, 0, true, NULL) ON CONFLICT (sku) DO UPDATE SET stock_quantity = EXCLUDED.stock_quantity, size = EXCLUDED.size, active = EXCLUDED.active;
INSERT INTO prices (variant_id, amount, currency) SELECT id, 4900, 'Br' FROM product_variants WHERE sku = 'SKU-66899' AND NOT EXISTS (SELECT 1 FROM prices WHERE variant_id = product_variants.id);
INSERT INTO product_variants (product_id, sku, size, color, stock_quantity, price_adjustment, active, image) VALUES (517, 'SKU-66900', 'jeans skirt XL', NULL, 1, 0, true, NULL) ON CONFLICT (sku) DO UPDATE SET stock_quantity = EXCLUDED.stock_quantity, size = EXCLUDED.size, active = EXCLUDED.active;
INSERT INTO prices (variant_id, amount, currency) SELECT id, 4900, 'Br' FROM product_variants WHERE sku = 'SKU-66900' AND NOT EXISTS (SELECT 1 FROM prices WHERE variant_id = product_variants.id);
INSERT INTO product_variants (product_id, sku, size, color, stock_quantity, price_adjustment, active, image) VALUES (517, 'SKU-66901', 'jeans skirt 2XL', NULL, 1, 0, true, NULL) ON CONFLICT (sku) DO UPDATE SET stock_quantity = EXCLUDED.stock_quantity, size = EXCLUDED.size, active = EXCLUDED.active;
INSERT INTO prices (variant_id, amount, currency) SELECT id, 4900, 'Br' FROM product_variants WHERE sku = 'SKU-66901' AND NOT EXISTS (SELECT 1 FROM prices WHERE variant_id = product_variants.id);
INSERT INTO product_images (product_id, url, position) VALUES (517, '/images/517/img_1815.jpeg', 0) ON CONFLICT DO NOTHING;
INSERT INTO product_images (product_id, url, position) VALUES (517, '/images/517/img_1816.jpeg', 1) ON CONFLICT DO NOTHING;
INSERT INTO product_images (product_id, url, position) VALUES (517, '/images/517/img_1817.jpeg', 2) ON CONFLICT DO NOTHING;
INSERT INTO products (id, title, slug, description, thumbnail, active, base_price) VALUES (518, 'Vintage Box Crossbody Bag with Metal Clasp Closure', 'vintage-box-crossbody-bag-with-metal-clasp-closure', '', '/images/518/img_9913.jpeg', True, 4900) ON CONFLICT (id) DO UPDATE SET title = EXCLUDED.title, slug = EXCLUDED.slug, description = EXCLUDED.description, thumbnail = EXCLUDED.thumbnail, active = EXCLUDED.active, base_price = EXCLUDED.base_price;
INSERT INTO product_variants (product_id, sku, size, color, stock_quantity, price_adjustment, active, image) VALUES (518, 'SKU-66912', 'bag', NULL, 1, 0, true, NULL) ON CONFLICT (sku) DO UPDATE SET stock_quantity = EXCLUDED.stock_quantity, size = EXCLUDED.size, active = EXCLUDED.active;
INSERT INTO prices (variant_id, amount, currency) SELECT id, 4900, 'Br' FROM product_variants WHERE sku = 'SKU-66912' AND NOT EXISTS (SELECT 1 FROM prices WHERE variant_id = product_variants.id);
INSERT INTO product_images (product_id, url, position) VALUES (518, '/images/518/img_9913.jpeg', 0) ON CONFLICT DO NOTHING;
INSERT INTO product_images (product_id, url, position) VALUES (518, '/images/518/img_9914.jpeg', 1) ON CONFLICT DO NOTHING;
INSERT INTO product_images (product_id, url, position) VALUES (518, '/images/518/img_9915.jpeg', 2) ON CONFLICT DO NOTHING;
INSERT INTO products (id, title, slug, description, thumbnail, active, base_price) VALUES (519, 'Gradient Washed Wide-Leg Jeans with Red Ombre Hem', 'gradient-washed-wide-leg-jeans-with-red-ombre-hem', '', '/images/519/img_1821.jpeg', True, 5600) ON CONFLICT (id) DO UPDATE SET title = EXCLUDED.title, slug = EXCLUDED.slug, description = EXCLUDED.description, thumbnail = EXCLUDED.thumbnail, active = EXCLUDED.active, base_price = EXCLUDED.base_price;
INSERT INTO product_variants (product_id, sku, size, color, stock_quantity, price_adjustment, active, image) VALUES (519, 'SKU-66908', 'jeans M', NULL, 1, 0, true, NULL) ON CONFLICT (sku) DO UPDATE SET stock_quantity = EXCLUDED.stock_quantity, size = EXCLUDED.size, active = EXCLUDED.active;
INSERT INTO prices (variant_id, amount, currency) SELECT id, 5600, 'Br' FROM product_variants WHERE sku = 'SKU-66908' AND NOT EXISTS (SELECT 1 FROM prices WHERE variant_id = product_variants.id);
INSERT INTO product_variants (product_id, sku, size, color, stock_quantity, price_adjustment, active, image) VALUES (519, 'SKU-66909', 'jeans L', NULL, 1, 0, true, NULL) ON CONFLICT (sku) DO UPDATE SET stock_quantity = EXCLUDED.stock_quantity, size = EXCLUDED.size, active = EXCLUDED.active;
INSERT INTO prices (variant_id, amount, currency) SELECT id, 5600, 'Br' FROM product_variants WHERE sku = 'SKU-66909' AND NOT EXISTS (SELECT 1 FROM prices WHERE variant_id = product_variants.id);
INSERT INTO product_variants (product_id, sku, size, color, stock_quantity, price_adjustment, active, image) VALUES (519, 'SKU-66910', 'jeans XL', NULL, 1, 0, true, NULL) ON CONFLICT (sku) DO UPDATE SET stock_quantity = EXCLUDED.stock_quantity, size = EXCLUDED.size, active = EXCLUDED.active;
INSERT INTO prices (variant_id, amount, currency) SELECT id, 5600, 'Br' FROM product_variants WHERE sku = 'SKU-66910' AND NOT EXISTS (SELECT 1 FROM prices WHERE variant_id = product_variants.id);
INSERT INTO product_variants (product_id, sku, size, color, stock_quantity, price_adjustment, active, image) VALUES (519, 'SKU-66911', 'jeans 2XL', NULL, 1, 0, true, NULL) ON CONFLICT (sku) DO UPDATE SET stock_quantity = EXCLUDED.stock_quantity, size = EXCLUDED.size, active = EXCLUDED.active;
INSERT INTO prices (variant_id, amount, currency) SELECT id, 5600, 'Br' FROM product_variants WHERE sku = 'SKU-66911' AND NOT EXISTS (SELECT 1 FROM prices WHERE variant_id = product_variants.id);
INSERT INTO product_images (product_id, url, position) VALUES (519, '/images/519/img_1821.jpeg', 0) ON CONFLICT DO NOTHING;
INSERT INTO product_images (product_id, url, position) VALUES (519, '/images/519/img_1822.jpeg', 1) ON CONFLICT DO NOTHING;
INSERT INTO products (id, title, slug, description, thumbnail, active, base_price) VALUES (520, 'corsetRoyal Blue Sweetheart Neckline Padded Corset Top', 'corsetroyal-blue-sweetheart-neckline-padded-corset-top', '', '/images/520/bluecrop.png', True, 2800) ON CONFLICT (id) DO UPDATE SET title = EXCLUDED.title, slug = EXCLUDED.slug, description = EXCLUDED.description, thumbnail = EXCLUDED.thumbnail, active = EXCLUDED.active, base_price = EXCLUDED.base_price;
INSERT INTO product_variants (product_id, sku, size, color, stock_quantity, price_adjustment, active, image) VALUES (520, 'SKU-66929', 'corset 36/80', NULL, 1, 0, true, NULL) ON CONFLICT (sku) DO UPDATE SET stock_quantity = EXCLUDED.stock_quantity, size = EXCLUDED.size, active = EXCLUDED.active;
INSERT INTO prices (variant_id, amount, currency) SELECT id, 2800, 'Br' FROM product_variants WHERE sku = 'SKU-66929' AND NOT EXISTS (SELECT 1 FROM prices WHERE variant_id = product_variants.id);
INSERT INTO product_images (product_id, url, position) VALUES (520, '/images/520/bluecrop.png', 0) ON CONFLICT DO NOTHING;
INSERT INTO product_images (product_id, url, position) VALUES (520, '/images/520/img_9998.jpeg', 1) ON CONFLICT DO NOTHING;
INSERT INTO products (id, title, slug, description, thumbnail, active, base_price) VALUES (521, 'Chocolate Brown Long-Sleeve Off-Shoulder Cutout Top', 'chocolate-brown-long-sleeve-off-shoulder-cutout-top', '', '/images/521/img_9961.jpeg', True, 2800) ON CONFLICT (id) DO UPDATE SET title = EXCLUDED.title, slug = EXCLUDED.slug, description = EXCLUDED.description, thumbnail = EXCLUDED.thumbnail, active = EXCLUDED.active, base_price = EXCLUDED.base_price;
INSERT INTO product_variants (product_id, sku, size, color, stock_quantity, price_adjustment, active, image) VALUES (521, 'SKU-66923', 'top M', NULL, 1, 0, true, NULL) ON CONFLICT (sku) DO UPDATE SET stock_quantity = EXCLUDED.stock_quantity, size = EXCLUDED.size, active = EXCLUDED.active;
INSERT INTO prices (variant_id, amount, currency) SELECT id, 2800, 'Br' FROM product_variants WHERE sku = 'SKU-66923' AND NOT EXISTS (SELECT 1 FROM prices WHERE variant_id = product_variants.id);
INSERT INTO product_variants (product_id, sku, size, color, stock_quantity, price_adjustment, active, image) VALUES (521, 'SKU-66924', 'top L', NULL, 1, 0, true, NULL) ON CONFLICT (sku) DO UPDATE SET stock_quantity = EXCLUDED.stock_quantity, size = EXCLUDED.size, active = EXCLUDED.active;
INSERT INTO prices (variant_id, amount, currency) SELECT id, 2800, 'Br' FROM product_variants WHERE sku = 'SKU-66924' AND NOT EXISTS (SELECT 1 FROM prices WHERE variant_id = product_variants.id);
INSERT INTO product_variants (product_id, sku, size, color, stock_quantity, price_adjustment, active, image) VALUES (521, 'SKU-66925', 'top XL', NULL, 1, 0, true, NULL) ON CONFLICT (sku) DO UPDATE SET stock_quantity = EXCLUDED.stock_quantity, size = EXCLUDED.size, active = EXCLUDED.active;
INSERT INTO prices (variant_id, amount, currency) SELECT id, 2800, 'Br' FROM product_variants WHERE sku = 'SKU-66925' AND NOT EXISTS (SELECT 1 FROM prices WHERE variant_id = product_variants.id);
INSERT INTO product_images (product_id, url, position) VALUES (521, '/images/521/img_9961.jpeg', 0) ON CONFLICT DO NOTHING;
INSERT INTO products (id, title, slug, description, thumbnail, active, base_price) VALUES (522, 'Zara Black Oval Crossbody Bag with Gold Accent - Gold', 'zara-black-oval-crossbody-bag-with-gold-accent-gold', '', '/images/522/img_9925.jpeg', True, 5400) ON CONFLICT (id) DO UPDATE SET title = EXCLUDED.title, slug = EXCLUDED.slug, description = EXCLUDED.description, thumbnail = EXCLUDED.thumbnail, active = EXCLUDED.active, base_price = EXCLUDED.base_price;
INSERT INTO product_variants (product_id, sku, size, color, stock_quantity, price_adjustment, active, image) VALUES (522, 'SKU-66921', 'bag', NULL, 1, 0, true, NULL) ON CONFLICT (sku) DO UPDATE SET stock_quantity = EXCLUDED.stock_quantity, size = EXCLUDED.size, active = EXCLUDED.active;
INSERT INTO prices (variant_id, amount, currency) SELECT id, 5400, 'Br' FROM product_variants WHERE sku = 'SKU-66921' AND NOT EXISTS (SELECT 1 FROM prices WHERE variant_id = product_variants.id);
INSERT INTO product_images (product_id, url, position) VALUES (522, '/images/522/img_9925.jpeg', 0) ON CONFLICT DO NOTHING;
INSERT INTO products (id, title, slug, description, thumbnail, active, base_price) VALUES (523, 'Zara Black Oval Crossbody Bag with Gold Accent - Green PVC', 'zara-black-oval-crossbody-bag-with-gold-accent-green-pvc', '', '/images/523/img_9930.jpeg', True, 5400) ON CONFLICT (id) DO UPDATE SET title = EXCLUDED.title, slug = EXCLUDED.slug, description = EXCLUDED.description, thumbnail = EXCLUDED.thumbnail, active = EXCLUDED.active, base_price = EXCLUDED.base_price;
INSERT INTO product_variants (product_id, sku, size, color, stock_quantity, price_adjustment, active, image) VALUES (523, 'SKU-66917', 'bag', NULL, 1, 0, true, NULL) ON CONFLICT (sku) DO UPDATE SET stock_quantity = EXCLUDED.stock_quantity, size = EXCLUDED.size, active = EXCLUDED.active;
INSERT INTO prices (variant_id, amount, currency) SELECT id, 5400, 'Br' FROM product_variants WHERE sku = 'SKU-66917' AND NOT EXISTS (SELECT 1 FROM prices WHERE variant_id = product_variants.id);
INSERT INTO product_images (product_id, url, position) VALUES (523, '/images/523/img_9930.jpeg', 0) ON CONFLICT DO NOTHING;
INSERT INTO products (id, title, slug, description, thumbnail, active, base_price) VALUES (524, 'Chocolate Brown Faux Leather Flap Bag with Gold Buckle', 'chocolate-brown-faux-leather-flap-bag-with-gold-buckle', '', '/images/524/img_9931.jpeg', True, 4800) ON CONFLICT (id) DO UPDATE SET title = EXCLUDED.title, slug = EXCLUDED.slug, description = EXCLUDED.description, thumbnail = EXCLUDED.thumbnail, active = EXCLUDED.active, base_price = EXCLUDED.base_price;
INSERT INTO product_variants (product_id, sku, size, color, stock_quantity, price_adjustment, active, image) VALUES (524, 'SKU-66919', 'bag', NULL, 1, 0, true, NULL) ON CONFLICT (sku) DO UPDATE SET stock_quantity = EXCLUDED.stock_quantity, size = EXCLUDED.size, active = EXCLUDED.active;
INSERT INTO prices (variant_id, amount, currency) SELECT id, 4800, 'Br' FROM product_variants WHERE sku = 'SKU-66919' AND NOT EXISTS (SELECT 1 FROM prices WHERE variant_id = product_variants.id);
INSERT INTO product_images (product_id, url, position) VALUES (524, '/images/524/img_9931.jpeg', 0) ON CONFLICT DO NOTHING;
INSERT INTO products (id, title, slug, description, thumbnail, active, base_price) VALUES (525, 'Burgundy Faux Leather Vintage Flap Bag with Gold Hardware', 'burgundy-faux-leather-vintage-flap-bag-with-gold-hardware', '', '/images/525/img_9919.jpeg', True, 4800) ON CONFLICT (id) DO UPDATE SET title = EXCLUDED.title, slug = EXCLUDED.slug, description = EXCLUDED.description, thumbnail = EXCLUDED.thumbnail, active = EXCLUDED.active, base_price = EXCLUDED.base_price;
INSERT INTO product_variants (product_id, sku, size, color, stock_quantity, price_adjustment, active, image) VALUES (525, 'SKU-66916', 'bag', NULL, 1, 0, true, NULL) ON CONFLICT (sku) DO UPDATE SET stock_quantity = EXCLUDED.stock_quantity, size = EXCLUDED.size, active = EXCLUDED.active;
INSERT INTO prices (variant_id, amount, currency) SELECT id, 4800, 'Br' FROM product_variants WHERE sku = 'SKU-66916' AND NOT EXISTS (SELECT 1 FROM prices WHERE variant_id = product_variants.id);
INSERT INTO product_images (product_id, url, position) VALUES (525, '/images/525/img_9919.jpeg', 0) ON CONFLICT DO NOTHING;
INSERT INTO product_images (product_id, url, position) VALUES (525, '/images/525/img_9920.jpeg', 1) ON CONFLICT DO NOTHING;
INSERT INTO product_images (product_id, url, position) VALUES (525, '/images/525/img_9921.jpeg', 2) ON CONFLICT DO NOTHING;
INSERT INTO products (id, title, slug, description, thumbnail, active, base_price) VALUES (526, 'Tan Faux Leather Rectangular Shoulder Bag', 'tan-faux-leather-rectangular-shoulder-bag', '', '/images/526/img_9916.jpeg', True, 4500) ON CONFLICT (id) DO UPDATE SET title = EXCLUDED.title, slug = EXCLUDED.slug, description = EXCLUDED.description, thumbnail = EXCLUDED.thumbnail, active = EXCLUDED.active, base_price = EXCLUDED.base_price;
INSERT INTO product_variants (product_id, sku, size, color, stock_quantity, price_adjustment, active, image) VALUES (526, 'SKU-66937', 'bag', NULL, 1, 0, true, NULL) ON CONFLICT (sku) DO UPDATE SET stock_quantity = EXCLUDED.stock_quantity, size = EXCLUDED.size, active = EXCLUDED.active;
INSERT INTO prices (variant_id, amount, currency) SELECT id, 4500, 'Br' FROM product_variants WHERE sku = 'SKU-66937' AND NOT EXISTS (SELECT 1 FROM prices WHERE variant_id = product_variants.id);
INSERT INTO product_images (product_id, url, position) VALUES (526, '/images/526/img_9916.jpeg', 0) ON CONFLICT DO NOTHING;
INSERT INTO products (id, title, slug, description, thumbnail, active, base_price) VALUES (527, 'corset4Strap Detail Sweetheart Neckline White Crop Top', 'corset4strap-detail-sweetheart-neckline-white-crop-top', '', '/images/527/img_9991.jpeg', True, 2800) ON CONFLICT (id) DO UPDATE SET title = EXCLUDED.title, slug = EXCLUDED.slug, description = EXCLUDED.description, thumbnail = EXCLUDED.thumbnail, active = EXCLUDED.active, base_price = EXCLUDED.base_price;
INSERT INTO product_variants (product_id, sku, size, color, stock_quantity, price_adjustment, active, image) VALUES (527, 'SKU-66938', 'corset4 36/80', NULL, 1, 0, true, NULL) ON CONFLICT (sku) DO UPDATE SET stock_quantity = EXCLUDED.stock_quantity, size = EXCLUDED.size, active = EXCLUDED.active;
INSERT INTO prices (variant_id, amount, currency) SELECT id, 2800, 'Br' FROM product_variants WHERE sku = 'SKU-66938' AND NOT EXISTS (SELECT 1 FROM prices WHERE variant_id = product_variants.id);
INSERT INTO product_images (product_id, url, position) VALUES (527, '/images/527/img_9991.jpeg', 0) ON CONFLICT DO NOTHING;
INSERT INTO product_images (product_id, url, position) VALUES (527, '/images/527/img_9989.jpeg', 1) ON CONFLICT DO NOTHING;
INSERT INTO products (id, title, slug, description, thumbnail, active, base_price) VALUES (528, 'Forever21 Basic Beige Thin Strap Stretchy Summer Bodysuit', 'forever21-basic-beige-thin-strap-stretchy-summer-bodysuit', '', '/images/528/forever21-bright-grey-ribbed-knit-tank-top-style-basic-bodysuit1.jpeg', True, 2900) ON CONFLICT (id) DO UPDATE SET title = EXCLUDED.title, slug = EXCLUDED.slug, description = EXCLUDED.description, thumbnail = EXCLUDED.thumbnail, active = EXCLUDED.active, base_price = EXCLUDED.base_price;
INSERT INTO product_variants (product_id, sku, size, color, stock_quantity, price_adjustment, active, image) VALUES (528, 'SKU-66942', 'corset M/L', NULL, 1, 0, true, NULL) ON CONFLICT (sku) DO UPDATE SET stock_quantity = EXCLUDED.stock_quantity, size = EXCLUDED.size, active = EXCLUDED.active;
INSERT INTO prices (variant_id, amount, currency) SELECT id, 2900, 'Br' FROM product_variants WHERE sku = 'SKU-66942' AND NOT EXISTS (SELECT 1 FROM prices WHERE variant_id = product_variants.id);
INSERT INTO product_images (product_id, url, position) VALUES (528, '/images/528/forever21-bright-grey-ribbed-knit-tank-top-style-basic-bodysuit1.jpeg', 0) ON CONFLICT DO NOTHING;
INSERT INTO product_images (product_id, url, position) VALUES (528, '/images/528/forever21-bright-grey-ribbed-knit-tank-top-style-basic-bodysuit2.jpeg', 1) ON CONFLICT DO NOTHING;
INSERT INTO product_images (product_id, url, position) VALUES (528, '/images/528/photo_2025-09-20-13.01.20-1.jpeg', 2) ON CONFLICT DO NOTHING;
INSERT INTO products (id, title, slug, description, thumbnail, active, base_price) VALUES (529, 'Forever21 Pale Green Leaf Print High-Cut Sleeveless Bodysuit', 'forever21-pale-green-leaf-print-high-cut-sleeveless-bodysuit', '', '/images/529/photo_2025-09-20-13.01.22.jpeg', True, 2900) ON CONFLICT (id) DO UPDATE SET title = EXCLUDED.title, slug = EXCLUDED.slug, description = EXCLUDED.description, thumbnail = EXCLUDED.thumbnail, active = EXCLUDED.active, base_price = EXCLUDED.base_price;
INSERT INTO product_variants (product_id, sku, size, color, stock_quantity, price_adjustment, active, image) VALUES (529, 'SKU-66943', 'corset M', NULL, 1, 0, true, NULL) ON CONFLICT (sku) DO UPDATE SET stock_quantity = EXCLUDED.stock_quantity, size = EXCLUDED.size, active = EXCLUDED.active;
INSERT INTO prices (variant_id, amount, currency) SELECT id, 2900, 'Br' FROM product_variants WHERE sku = 'SKU-66943' AND NOT EXISTS (SELECT 1 FROM prices WHERE variant_id = product_variants.id);
INSERT INTO product_images (product_id, url, position) VALUES (529, '/images/529/photo_2025-09-20-13.01.22.jpeg', 0) ON CONFLICT DO NOTHING;
INSERT INTO product_images (product_id, url, position) VALUES (529, '/images/529/forever21-pale-green-leaf-print-high-cut-sleeveless-bodysuit.jpeg', 1) ON CONFLICT DO NOTHING;
INSERT INTO products (id, title, slug, description, thumbnail, active, base_price) VALUES (530, 'Forever21 Black Deep V-Neck Sleeveless Thong Bodysuit', 'forever21-black-deep-v-neck-sleeveless-thong-bodysuit', '', '/images/530/photo_2025-11-03-18.05.33.jpeg', True, 2900) ON CONFLICT (id) DO UPDATE SET title = EXCLUDED.title, slug = EXCLUDED.slug, description = EXCLUDED.description, thumbnail = EXCLUDED.thumbnail, active = EXCLUDED.active, base_price = EXCLUDED.base_price;
INSERT INTO product_variants (product_id, sku, size, color, stock_quantity, price_adjustment, active, image) VALUES (530, 'SKU-66945', 'corset XS', NULL, 1, 0, true, NULL) ON CONFLICT (sku) DO UPDATE SET stock_quantity = EXCLUDED.stock_quantity, size = EXCLUDED.size, active = EXCLUDED.active;
INSERT INTO prices (variant_id, amount, currency) SELECT id, 2900, 'Br' FROM product_variants WHERE sku = 'SKU-66945' AND NOT EXISTS (SELECT 1 FROM prices WHERE variant_id = product_variants.id);
INSERT INTO product_variants (product_id, sku, size, color, stock_quantity, price_adjustment, active, image) VALUES (530, 'SKU-66946', 'corset S', NULL, 1, 0, true, NULL) ON CONFLICT (sku) DO UPDATE SET stock_quantity = EXCLUDED.stock_quantity, size = EXCLUDED.size, active = EXCLUDED.active;
INSERT INTO prices (variant_id, amount, currency) SELECT id, 2900, 'Br' FROM product_variants WHERE sku = 'SKU-66946' AND NOT EXISTS (SELECT 1 FROM prices WHERE variant_id = product_variants.id);
INSERT INTO product_variants (product_id, sku, size, color, stock_quantity, price_adjustment, active, image) VALUES (530, 'SKU-66947', 'corset M', NULL, 1, 0, true, NULL) ON CONFLICT (sku) DO UPDATE SET stock_quantity = EXCLUDED.stock_quantity, size = EXCLUDED.size, active = EXCLUDED.active;
INSERT INTO prices (variant_id, amount, currency) SELECT id, 2900, 'Br' FROM product_variants WHERE sku = 'SKU-66947' AND NOT EXISTS (SELECT 1 FROM prices WHERE variant_id = product_variants.id);
INSERT INTO product_variants (product_id, sku, size, color, stock_quantity, price_adjustment, active, image) VALUES (530, 'SKU-66948', 'corset L', NULL, 1, 0, true, NULL) ON CONFLICT (sku) DO UPDATE SET stock_quantity = EXCLUDED.stock_quantity, size = EXCLUDED.size, active = EXCLUDED.active;
INSERT INTO prices (variant_id, amount, currency) SELECT id, 2900, 'Br' FROM product_variants WHERE sku = 'SKU-66948' AND NOT EXISTS (SELECT 1 FROM prices WHERE variant_id = product_variants.id);
INSERT INTO product_images (product_id, url, position) VALUES (530, '/images/530/photo_2025-11-03-18.05.33.jpeg', 0) ON CONFLICT DO NOTHING;
INSERT INTO product_images (product_id, url, position) VALUES (530, '/images/530/photo_2025-09-20-13.01.18.jpeg', 1) ON CONFLICT DO NOTHING;
INSERT INTO products (id, title, slug, description, thumbnail, active, base_price) VALUES (531, 'Forever21 Creamy White Ribbed Knit Tank Top Bodysuit', 'forever21-creamy-white-ribbed-knit-tank-top-bodysuit', '', '/images/531/photo_2025-09-20-13.01.24.jpeg', True, 2900) ON CONFLICT (id) DO UPDATE SET title = EXCLUDED.title, slug = EXCLUDED.slug, description = EXCLUDED.description, thumbnail = EXCLUDED.thumbnail, active = EXCLUDED.active, base_price = EXCLUDED.base_price;
INSERT INTO product_variants (product_id, sku, size, color, stock_quantity, price_adjustment, active, image) VALUES (531, 'SKU-66950', 'corset L', NULL, 1, 0, true, NULL) ON CONFLICT (sku) DO UPDATE SET stock_quantity = EXCLUDED.stock_quantity, size = EXCLUDED.size, active = EXCLUDED.active;
INSERT INTO prices (variant_id, amount, currency) SELECT id, 2900, 'Br' FROM product_variants WHERE sku = 'SKU-66950' AND NOT EXISTS (SELECT 1 FROM prices WHERE variant_id = product_variants.id);
INSERT INTO product_variants (product_id, sku, size, color, stock_quantity, price_adjustment, active, image) VALUES (531, 'SKU-66951', 'corset XL', NULL, 1, 0, true, NULL) ON CONFLICT (sku) DO UPDATE SET stock_quantity = EXCLUDED.stock_quantity, size = EXCLUDED.size, active = EXCLUDED.active;
INSERT INTO prices (variant_id, amount, currency) SELECT id, 2900, 'Br' FROM product_variants WHERE sku = 'SKU-66951' AND NOT EXISTS (SELECT 1 FROM prices WHERE variant_id = product_variants.id);
INSERT INTO product_images (product_id, url, position) VALUES (531, '/images/531/photo_2025-09-20-13.01.24.jpeg', 0) ON CONFLICT DO NOTHING;
INSERT INTO product_images (product_id, url, position) VALUES (531, '/images/531/forever21-creamy-white-ribbed-knit-tank-top-bodys.png', 1) ON CONFLICT DO NOTHING;
INSERT INTO products (id, title, slug, description, thumbnail, active, base_price) VALUES (532, 'Forever21 Bright Blue Solid Color Sleeveless Scoop Neck Bodysuit', 'forever21-bright-blue-solid-color-sleeveless-scoop-neck-bodysuit', '', '/images/532/photo_2025-09-20-13.01.25-1.jpeg', True, 2900) ON CONFLICT (id) DO UPDATE SET title = EXCLUDED.title, slug = EXCLUDED.slug, description = EXCLUDED.description, thumbnail = EXCLUDED.thumbnail, active = EXCLUDED.active, base_price = EXCLUDED.base_price;
INSERT INTO product_variants (product_id, sku, size, color, stock_quantity, price_adjustment, active, image) VALUES (532, 'SKU-66954', 'bodysuit 1 L', NULL, 1, 0, true, NULL) ON CONFLICT (sku) DO UPDATE SET stock_quantity = EXCLUDED.stock_quantity, size = EXCLUDED.size, active = EXCLUDED.active;
INSERT INTO prices (variant_id, amount, currency) SELECT id, 2900, 'Br' FROM product_variants WHERE sku = 'SKU-66954' AND NOT EXISTS (SELECT 1 FROM prices WHERE variant_id = product_variants.id);
INSERT INTO product_images (product_id, url, position) VALUES (532, '/images/532/photo_2025-09-20-13.01.25-1.jpeg', 0) ON CONFLICT DO NOTHING;
INSERT INTO product_images (product_id, url, position) VALUES (532, '/images/532/forever21-bright-blue-solid-color-sleeveless-scoop-neck-bodysuit.jpeg', 1) ON CONFLICT DO NOTHING;
INSERT INTO products (id, title, slug, description, thumbnail, active, base_price) VALUES (533, 'Forever21 Light Aqua Green Basic Sleeveless High-Cut Bodysuit', 'forever21-light-aqua-green-basic-sleeveless-high-cut-bodysuit', '', '/images/533/photo_2025-09-20-13.01.28.jpeg', True, 2900) ON CONFLICT (id) DO UPDATE SET title = EXCLUDED.title, slug = EXCLUDED.slug, description = EXCLUDED.description, thumbnail = EXCLUDED.thumbnail, active = EXCLUDED.active, base_price = EXCLUDED.base_price;
INSERT INTO product_variants (product_id, sku, size, color, stock_quantity, price_adjustment, active, image) VALUES (533, 'SKU-66955', 'bodysuit 1 M', NULL, 1, 0, true, NULL) ON CONFLICT (sku) DO UPDATE SET stock_quantity = EXCLUDED.stock_quantity, size = EXCLUDED.size, active = EXCLUDED.active;
INSERT INTO prices (variant_id, amount, currency) SELECT id, 2900, 'Br' FROM product_variants WHERE sku = 'SKU-66955' AND NOT EXISTS (SELECT 1 FROM prices WHERE variant_id = product_variants.id);
INSERT INTO product_images (product_id, url, position) VALUES (533, '/images/533/photo_2025-09-20-13.01.28.jpeg', 0) ON CONFLICT DO NOTHING;
INSERT INTO product_images (product_id, url, position) VALUES (533, '/images/533/photo_2025-11-03-17.58.09.jpeg', 1) ON CONFLICT DO NOTHING;
INSERT INTO products (id, title, slug, description, thumbnail, active, base_price) VALUES (534, 'Forever21 Fluorescent Green High-Cut Sleeveless Athletic Bodysuit', 'forever21-fluorescent-green-high-cut-sleeveless-athletic-bodysuit', '', '/images/534/photo_2025-11-03-18.21.11.jpeg', True, 2900) ON CONFLICT (id) DO UPDATE SET title = EXCLUDED.title, slug = EXCLUDED.slug, description = EXCLUDED.description, thumbnail = EXCLUDED.thumbnail, active = EXCLUDED.active, base_price = EXCLUDED.base_price;
INSERT INTO product_variants (product_id, sku, size, color, stock_quantity, price_adjustment, active, image) VALUES (534, 'SKU-66958', 'bodysuit 1 M', NULL, 1, 0, true, NULL) ON CONFLICT (sku) DO UPDATE SET stock_quantity = EXCLUDED.stock_quantity, size = EXCLUDED.size, active = EXCLUDED.active;
INSERT INTO prices (variant_id, amount, currency) SELECT id, 2900, 'Br' FROM product_variants WHERE sku = 'SKU-66958' AND NOT EXISTS (SELECT 1 FROM prices WHERE variant_id = product_variants.id);
INSERT INTO product_images (product_id, url, position) VALUES (534, '/images/534/photo_2025-11-03-18.21.11.jpeg', 0) ON CONFLICT DO NOTHING;
INSERT INTO product_images (product_id, url, position) VALUES (534, '/images/534/photo_2025-11-03-18.21.16.jpeg', 1) ON CONFLICT DO NOTHING;
INSERT INTO product_images (product_id, url, position) VALUES (534, '/images/534/photo_2025-09-20-13.01.33.jpeg', 2) ON CONFLICT DO NOTHING;
INSERT INTO products (id, title, slug, description, thumbnail, active, base_price) VALUES (535, 'Forever21 Charcoal Black Sleeveless Basic Tank Bodysuit', 'forever21-charcoal-black-sleeveless-basic-tank-bodysuit', '', '/images/535/photo_2025-09-20-13.01.31.jpeg', True, 2900) ON CONFLICT (id) DO UPDATE SET title = EXCLUDED.title, slug = EXCLUDED.slug, description = EXCLUDED.description, thumbnail = EXCLUDED.thumbnail, active = EXCLUDED.active, base_price = EXCLUDED.base_price;
INSERT INTO product_variants (product_id, sku, size, color, stock_quantity, price_adjustment, active, image) VALUES (535, 'SKU-66960', 'bodysuit 1 M', NULL, 1, 0, true, NULL) ON CONFLICT (sku) DO UPDATE SET stock_quantity = EXCLUDED.stock_quantity, size = EXCLUDED.size, active = EXCLUDED.active;
INSERT INTO prices (variant_id, amount, currency) SELECT id, 2900, 'Br' FROM product_variants WHERE sku = 'SKU-66960' AND NOT EXISTS (SELECT 1 FROM prices WHERE variant_id = product_variants.id);
INSERT INTO product_images (product_id, url, position) VALUES (535, '/images/535/photo_2025-09-20-13.01.31.jpeg', 0) ON CONFLICT DO NOTHING;
INSERT INTO product_images (product_id, url, position) VALUES (535, '/images/535/chatgpt-image-nov-3-2025-01_37_11-pm.png', 1) ON CONFLICT DO NOTHING;
INSERT INTO products (id, title, slug, description, thumbnail, active, base_price) VALUES (536, 'Forever1 Basic Black Sleeveless Scoop Neck Extreme High-Cut Bodysuit', 'forever1-basic-black-sleeveless-scoop-neck-extreme-high-cut-bodysuit', '', '/images/536/photo_2025-09-22-19.03.05.jpeg', True, 3400) ON CONFLICT (id) DO UPDATE SET title = EXCLUDED.title, slug = EXCLUDED.slug, description = EXCLUDED.description, thumbnail = EXCLUDED.thumbnail, active = EXCLUDED.active, base_price = EXCLUDED.base_price;
INSERT INTO product_variants (product_id, sku, size, color, stock_quantity, price_adjustment, active, image) VALUES (536, 'SKU-67028', 'bodysuit S/M', NULL, 1, 0, true, NULL) ON CONFLICT (sku) DO UPDATE SET stock_quantity = EXCLUDED.stock_quantity, size = EXCLUDED.size, active = EXCLUDED.active;
INSERT INTO prices (variant_id, amount, currency) SELECT id, 3400, 'Br' FROM product_variants WHERE sku = 'SKU-67028' AND NOT EXISTS (SELECT 1 FROM prices WHERE variant_id = product_variants.id);
INSERT INTO product_images (product_id, url, position) VALUES (536, '/images/536/photo_2025-09-22-19.03.05.jpeg', 0) ON CONFLICT DO NOTHING;
INSERT INTO product_images (product_id, url, position) VALUES (536, '/images/536/forever1-basic-black-sleeveless-scoop-neck-extreme-high-cut-bodysuit.jpeg', 1) ON CONFLICT DO NOTHING;
INSERT INTO products (id, title, slug, description, thumbnail, active, base_price) VALUES (537, 'Soft Nude Beige Pointed Toe Ankle Strap Heeled Sandals', 'soft-nude-beige-pointed-toe-ankle-strap-heeled-sandals', '', '/images/537/img_9946.jpeg', True, 5600) ON CONFLICT (id) DO UPDATE SET title = EXCLUDED.title, slug = EXCLUDED.slug, description = EXCLUDED.description, thumbnail = EXCLUDED.thumbnail, active = EXCLUDED.active, base_price = EXCLUDED.base_price;
INSERT INTO product_variants (product_id, sku, size, color, stock_quantity, price_adjustment, active, image) VALUES (537, 'SKU-66962', 'bodysuit 1 39', NULL, 1, 0, true, NULL) ON CONFLICT (sku) DO UPDATE SET stock_quantity = EXCLUDED.stock_quantity, size = EXCLUDED.size, active = EXCLUDED.active;
INSERT INTO prices (variant_id, amount, currency) SELECT id, 5600, 'Br' FROM product_variants WHERE sku = 'SKU-66962' AND NOT EXISTS (SELECT 1 FROM prices WHERE variant_id = product_variants.id);
INSERT INTO product_images (product_id, url, position) VALUES (537, '/images/537/img_9946.jpeg', 0) ON CONFLICT DO NOTHING;
INSERT INTO product_images (product_id, url, position) VALUES (537, '/images/537/img_9945.jpeg', 1) ON CONFLICT DO NOTHING;
INSERT INTO products (id, title, slug, description, thumbnail, active, base_price) VALUES (538, 'Monochrome Black Pointed Toe Ribbon Tie Slingback Flats', 'monochrome-black-pointed-toe-ribbon-tie-slingback-flats', '', '/images/538/img_9933-1.jpeg', True, 5400) ON CONFLICT (id) DO UPDATE SET title = EXCLUDED.title, slug = EXCLUDED.slug, description = EXCLUDED.description, thumbnail = EXCLUDED.thumbnail, active = EXCLUDED.active, base_price = EXCLUDED.base_price;
INSERT INTO product_variants (product_id, sku, size, color, stock_quantity, price_adjustment, active, image) VALUES (538, 'SKU-66965', 'sho 35', NULL, 1, 0, true, NULL) ON CONFLICT (sku) DO UPDATE SET stock_quantity = EXCLUDED.stock_quantity, size = EXCLUDED.size, active = EXCLUDED.active;
INSERT INTO prices (variant_id, amount, currency) SELECT id, 5400, 'Br' FROM product_variants WHERE sku = 'SKU-66965' AND NOT EXISTS (SELECT 1 FROM prices WHERE variant_id = product_variants.id);
INSERT INTO product_variants (product_id, sku, size, color, stock_quantity, price_adjustment, active, image) VALUES (538, 'SKU-66966', 'sho 39', NULL, 1, 0, true, NULL) ON CONFLICT (sku) DO UPDATE SET stock_quantity = EXCLUDED.stock_quantity, size = EXCLUDED.size, active = EXCLUDED.active;
INSERT INTO prices (variant_id, amount, currency) SELECT id, 5400, 'Br' FROM product_variants WHERE sku = 'SKU-66966' AND NOT EXISTS (SELECT 1 FROM prices WHERE variant_id = product_variants.id);
INSERT INTO product_images (product_id, url, position) VALUES (538, '/images/538/img_9933-1.jpeg', 0) ON CONFLICT DO NOTHING;
INSERT INTO products (id, title, slug, description, thumbnail, active, base_price) VALUES (539, 'Black and Tan Contrast Color High Neck Halter Crop Top', 'black-and-tan-contrast-color-high-neck-halter-crop-top', '', '/images/539/photo_2025-09-20-13.01.37.jpeg', True, 2900) ON CONFLICT (id) DO UPDATE SET title = EXCLUDED.title, slug = EXCLUDED.slug, description = EXCLUDED.description, thumbnail = EXCLUDED.thumbnail, active = EXCLUDED.active, base_price = EXCLUDED.base_price;
INSERT INTO product_variants (product_id, sku, size, color, stock_quantity, price_adjustment, active, image) VALUES (539, 'SKU-66967', 'bodysuit 1 M', NULL, 1, 0, true, NULL) ON CONFLICT (sku) DO UPDATE SET stock_quantity = EXCLUDED.stock_quantity, size = EXCLUDED.size, active = EXCLUDED.active;
INSERT INTO prices (variant_id, amount, currency) SELECT id, 2900, 'Br' FROM product_variants WHERE sku = 'SKU-66967' AND NOT EXISTS (SELECT 1 FROM prices WHERE variant_id = product_variants.id);
INSERT INTO product_variants (product_id, sku, size, color, stock_quantity, price_adjustment, active, image) VALUES (539, 'SKU-66968', 'bodysuit 1 L', NULL, 1, 0, true, NULL) ON CONFLICT (sku) DO UPDATE SET stock_quantity = EXCLUDED.stock_quantity, size = EXCLUDED.size, active = EXCLUDED.active;
INSERT INTO prices (variant_id, amount, currency) SELECT id, 2900, 'Br' FROM product_variants WHERE sku = 'SKU-66968' AND NOT EXISTS (SELECT 1 FROM prices WHERE variant_id = product_variants.id);
INSERT INTO product_images (product_id, url, position) VALUES (539, '/images/539/photo_2025-09-20-13.01.37.jpeg', 0) ON CONFLICT DO NOTHING;
INSERT INTO products (id, title, slug, description, thumbnail, active, base_price) VALUES (540, ' Solid Black Stretchy Crop Top', 'solid-black-stretchy-crop-top', '', '/images/540/photo_2025-09-20-13.01.45.jpeg', True, 2500) ON CONFLICT (id) DO UPDATE SET title = EXCLUDED.title, slug = EXCLUDED.slug, description = EXCLUDED.description, thumbnail = EXCLUDED.thumbnail, active = EXCLUDED.active, base_price = EXCLUDED.base_price;
INSERT INTO product_variants (product_id, sku, size, color, stock_quantity, price_adjustment, active, image) VALUES (540, 'SKU-66972', 'crp S', NULL, 1, 0, true, NULL) ON CONFLICT (sku) DO UPDATE SET stock_quantity = EXCLUDED.stock_quantity, size = EXCLUDED.size, active = EXCLUDED.active;
INSERT INTO prices (variant_id, amount, currency) SELECT id, 2500, 'Br' FROM product_variants WHERE sku = 'SKU-66972' AND NOT EXISTS (SELECT 1 FROM prices WHERE variant_id = product_variants.id);
INSERT INTO product_variants (product_id, sku, size, color, stock_quantity, price_adjustment, active, image) VALUES (540, 'SKU-66973', 'crp M', NULL, 1, 0, true, NULL) ON CONFLICT (sku) DO UPDATE SET stock_quantity = EXCLUDED.stock_quantity, size = EXCLUDED.size, active = EXCLUDED.active;
INSERT INTO prices (variant_id, amount, currency) SELECT id, 2500, 'Br' FROM product_variants WHERE sku = 'SKU-66973' AND NOT EXISTS (SELECT 1 FROM prices WHERE variant_id = product_variants.id);
INSERT INTO product_variants (product_id, sku, size, color, stock_quantity, price_adjustment, active, image) VALUES (540, 'SKU-66974', 'crp L', NULL, 1, 0, true, NULL) ON CONFLICT (sku) DO UPDATE SET stock_quantity = EXCLUDED.stock_quantity, size = EXCLUDED.size, active = EXCLUDED.active;
INSERT INTO prices (variant_id, amount, currency) SELECT id, 2500, 'Br' FROM product_variants WHERE sku = 'SKU-66974' AND NOT EXISTS (SELECT 1 FROM prices WHERE variant_id = product_variants.id);
INSERT INTO product_images (product_id, url, position) VALUES (540, '/images/540/photo_2025-09-20-13.01.45.jpeg', 0) ON CONFLICT DO NOTHING;
INSERT INTO products (id, title, slug, description, thumbnail, active, base_price) VALUES (541, 'Forever21 Soft Heather Grey Ribbed Short-Sleeve Snap Crotch Bodysuit', 'forever21-soft-heather-grey-ribbed-short-sleeve-snap-crotch-bodysuit', '', '/images/541/photo_2025-09-24-17.20.31.jpeg', True, 3200) ON CONFLICT (id) DO UPDATE SET title = EXCLUDED.title, slug = EXCLUDED.slug, description = EXCLUDED.description, thumbnail = EXCLUDED.thumbnail, active = EXCLUDED.active, base_price = EXCLUDED.base_price;
INSERT INTO product_variants (product_id, sku, size, color, stock_quantity, price_adjustment, active, image) VALUES (541, 'SKU-66977', 'bodysuit 1 S', NULL, 1, 0, true, NULL) ON CONFLICT (sku) DO UPDATE SET stock_quantity = EXCLUDED.stock_quantity, size = EXCLUDED.size, active = EXCLUDED.active;
INSERT INTO prices (variant_id, amount, currency) SELECT id, 3200, 'Br' FROM product_variants WHERE sku = 'SKU-66977' AND NOT EXISTS (SELECT 1 FROM prices WHERE variant_id = product_variants.id);
INSERT INTO product_images (product_id, url, position) VALUES (541, '/images/541/photo_2025-09-24-17.20.31.jpeg', 0) ON CONFLICT DO NOTHING;
INSERT INTO product_images (product_id, url, position) VALUES (541, '/images/541/forever21-soft-heather-grey-ribbed-short-sleeve-snap-crotch-bodysuit.jpeg', 1) ON CONFLICT DO NOTHING;
INSERT INTO products (id, title, slug, description, thumbnail, active, base_price) VALUES (542, 'Forever21 Light Aqua Scoop Neck Basic Fitted Bodysuit', 'forever21-light-aqua-scoop-neck-basic-fitted-bodysuit', '', '/images/542/photo_2025-09-24-17.20.25.jpeg', True, 2900) ON CONFLICT (id) DO UPDATE SET title = EXCLUDED.title, slug = EXCLUDED.slug, description = EXCLUDED.description, thumbnail = EXCLUDED.thumbnail, active = EXCLUDED.active, base_price = EXCLUDED.base_price;
INSERT INTO product_variants (product_id, sku, size, color, stock_quantity, price_adjustment, active, image) VALUES (542, 'SKU-66978', 'bodysuit 1 M', NULL, 1, 0, true, NULL) ON CONFLICT (sku) DO UPDATE SET stock_quantity = EXCLUDED.stock_quantity, size = EXCLUDED.size, active = EXCLUDED.active;
INSERT INTO prices (variant_id, amount, currency) SELECT id, 2900, 'Br' FROM product_variants WHERE sku = 'SKU-66978' AND NOT EXISTS (SELECT 1 FROM prices WHERE variant_id = product_variants.id);
INSERT INTO product_variants (product_id, sku, size, color, stock_quantity, price_adjustment, active, image) VALUES (542, 'SKU-66979', 'bodysuit 1 L', NULL, 1, 0, true, NULL) ON CONFLICT (sku) DO UPDATE SET stock_quantity = EXCLUDED.stock_quantity, size = EXCLUDED.size, active = EXCLUDED.active;
INSERT INTO prices (variant_id, amount, currency) SELECT id, 2900, 'Br' FROM product_variants WHERE sku = 'SKU-66979' AND NOT EXISTS (SELECT 1 FROM prices WHERE variant_id = product_variants.id);
INSERT INTO product_images (product_id, url, position) VALUES (542, '/images/542/photo_2025-09-24-17.20.25.jpeg', 0) ON CONFLICT DO NOTHING;
INSERT INTO product_images (product_id, url, position) VALUES (542, '/images/542/forever21-light-aqua-scoop-neck-basic-fitted-bodysuit.jpeg', 1) ON CONFLICT DO NOTHING;
INSERT INTO products (id, title, slug, description, thumbnail, active, base_price) VALUES (543, 'Forever21 Creamy White Racerback Basic Sleeveless High-Cut Bodysuit', 'forever21-creamy-white-racerback-basic-sleeveless-high-cut-bodysuit', '', '/images/543/photo_2025-09-20-13.24.31.jpeg', True, 2900) ON CONFLICT (id) DO UPDATE SET title = EXCLUDED.title, slug = EXCLUDED.slug, description = EXCLUDED.description, thumbnail = EXCLUDED.thumbnail, active = EXCLUDED.active, base_price = EXCLUDED.base_price;
INSERT INTO product_variants (product_id, sku, size, color, stock_quantity, price_adjustment, active, image) VALUES (543, 'SKU-66981', 'bodysuit 1 S', NULL, 1, 0, true, NULL) ON CONFLICT (sku) DO UPDATE SET stock_quantity = EXCLUDED.stock_quantity, size = EXCLUDED.size, active = EXCLUDED.active;
INSERT INTO prices (variant_id, amount, currency) SELECT id, 2900, 'Br' FROM product_variants WHERE sku = 'SKU-66981' AND NOT EXISTS (SELECT 1 FROM prices WHERE variant_id = product_variants.id);
INSERT INTO product_images (product_id, url, position) VALUES (543, '/images/543/photo_2025-09-20-13.24.31.jpeg', 0) ON CONFLICT DO NOTHING;
INSERT INTO product_images (product_id, url, position) VALUES (543, '/images/543/photo_2025-11-03-17.54.34.jpeg', 1) ON CONFLICT DO NOTHING;
INSERT INTO products (id, title, slug, description, thumbnail, active, base_price) VALUES (544, 'Forever21 Bright White Short-Sleeve Crew Neck Fitted Basic Bodysuit', 'forever21-bright-white-short-sleeve-crew-neck-fitted-basic-bodysuit', '', '/images/544/photo_2025-09-22-19.03.12.jpeg', True, 3800) ON CONFLICT (id) DO UPDATE SET title = EXCLUDED.title, slug = EXCLUDED.slug, description = EXCLUDED.description, thumbnail = EXCLUDED.thumbnail, active = EXCLUDED.active, base_price = EXCLUDED.base_price;
INSERT INTO product_variants (product_id, sku, size, color, stock_quantity, price_adjustment, active, image) VALUES (544, 'SKU-67029', 'bodysuit XL', NULL, 1, 0, true, NULL) ON CONFLICT (sku) DO UPDATE SET stock_quantity = EXCLUDED.stock_quantity, size = EXCLUDED.size, active = EXCLUDED.active;
INSERT INTO prices (variant_id, amount, currency) SELECT id, 3800, 'Br' FROM product_variants WHERE sku = 'SKU-67029' AND NOT EXISTS (SELECT 1 FROM prices WHERE variant_id = product_variants.id);
INSERT INTO product_images (product_id, url, position) VALUES (544, '/images/544/photo_2025-09-22-19.03.12.jpeg', 0) ON CONFLICT DO NOTHING;
INSERT INTO product_images (product_id, url, position) VALUES (544, '/images/544/forever21-bright-white-short-sleeve-crew-neck-fitted-basic-bodysuit.png', 1) ON CONFLICT DO NOTHING;
INSERT INTO products (id, title, slug, description, thumbnail, active, base_price) VALUES (545, 'Metallic Gold Wide Strap Square Toe Platform Sandals Heels', 'metallic-gold-wide-strap-square-toe-platform-sandals-heels', '', '/images/545/photo_2025-09-24-14.30.25.jpeg', True, 5600) ON CONFLICT (id) DO UPDATE SET title = EXCLUDED.title, slug = EXCLUDED.slug, description = EXCLUDED.description, thumbnail = EXCLUDED.thumbnail, active = EXCLUDED.active, base_price = EXCLUDED.base_price;
INSERT INTO product_variants (product_id, sku, size, color, stock_quantity, price_adjustment, active, image) VALUES (545, 'SKU-66987', 'heel 38', NULL, 1, 0, true, NULL) ON CONFLICT (sku) DO UPDATE SET stock_quantity = EXCLUDED.stock_quantity, size = EXCLUDED.size, active = EXCLUDED.active;
INSERT INTO prices (variant_id, amount, currency) SELECT id, 5600, 'Br' FROM product_variants WHERE sku = 'SKU-66987' AND NOT EXISTS (SELECT 1 FROM prices WHERE variant_id = product_variants.id);
INSERT INTO product_variants (product_id, sku, size, color, stock_quantity, price_adjustment, active, image) VALUES (545, 'SKU-66988', 'heel 41', NULL, 1, 0, true, NULL) ON CONFLICT (sku) DO UPDATE SET stock_quantity = EXCLUDED.stock_quantity, size = EXCLUDED.size, active = EXCLUDED.active;
INSERT INTO prices (variant_id, amount, currency) SELECT id, 5600, 'Br' FROM product_variants WHERE sku = 'SKU-66988' AND NOT EXISTS (SELECT 1 FROM prices WHERE variant_id = product_variants.id);
INSERT INTO product_images (product_id, url, position) VALUES (545, '/images/545/photo_2025-09-24-14.30.25.jpeg', 0) ON CONFLICT DO NOTHING;
INSERT INTO product_images (product_id, url, position) VALUES (545, '/images/545/photo_2025-09-24-14.30.22.jpeg', 1) ON CONFLICT DO NOTHING;
INSERT INTO products (id, title, slug, description, thumbnail, active, base_price) VALUES (546, 'Warm Tan Nude Minimalist Ankle Strap Stiletto Heels', 'warm-tan-nude-minimalist-ankle-strap-stiletto-heels', '', '/images/546/photo_2025-09-23-19.27.04.jpeg', True, 5700) ON CONFLICT (id) DO UPDATE SET title = EXCLUDED.title, slug = EXCLUDED.slug, description = EXCLUDED.description, thumbnail = EXCLUDED.thumbnail, active = EXCLUDED.active, base_price = EXCLUDED.base_price;
INSERT INTO product_variants (product_id, sku, size, color, stock_quantity, price_adjustment, active, image) VALUES (546, 'SKU-66990', 'heel 35', NULL, 1, 0, true, NULL) ON CONFLICT (sku) DO UPDATE SET stock_quantity = EXCLUDED.stock_quantity, size = EXCLUDED.size, active = EXCLUDED.active;
INSERT INTO prices (variant_id, amount, currency) SELECT id, 5700, 'Br' FROM product_variants WHERE sku = 'SKU-66990' AND NOT EXISTS (SELECT 1 FROM prices WHERE variant_id = product_variants.id);
INSERT INTO product_images (product_id, url, position) VALUES (546, '/images/546/photo_2025-09-23-19.27.04.jpeg', 0) ON CONFLICT DO NOTHING;
INSERT INTO product_images (product_id, url, position) VALUES (546, '/images/546/photo_2025-09-23-19.27.02.jpeg', 1) ON CONFLICT DO NOTHING;
INSERT INTO products (id, title, slug, description, thumbnail, active, base_price) VALUES (547, 'Rich Taupe Brown Pointed Toe Ankle Strap Stiletto Heels', 'rich-taupe-brown-pointed-toe-ankle-strap-stiletto-heels', '', '/images/547/photo_2025-09-23-19.44.10.jpeg', True, 3900) ON CONFLICT (id) DO UPDATE SET title = EXCLUDED.title, slug = EXCLUDED.slug, description = EXCLUDED.description, thumbnail = EXCLUDED.thumbnail, active = EXCLUDED.active, base_price = EXCLUDED.base_price;
INSERT INTO product_variants (product_id, sku, size, color, stock_quantity, price_adjustment, active, image) VALUES (547, 'SKU-66991', 'heel 40', NULL, 1, 0, true, NULL) ON CONFLICT (sku) DO UPDATE SET stock_quantity = EXCLUDED.stock_quantity, size = EXCLUDED.size, active = EXCLUDED.active;
INSERT INTO prices (variant_id, amount, currency) SELECT id, 3900, 'Br' FROM product_variants WHERE sku = 'SKU-66991' AND NOT EXISTS (SELECT 1 FROM prices WHERE variant_id = product_variants.id);
INSERT INTO product_images (product_id, url, position) VALUES (547, '/images/547/photo_2025-09-23-19.44.10.jpeg', 0) ON CONFLICT DO NOTHING;
INSERT INTO product_images (product_id, url, position) VALUES (547, '/images/547/photo_2025-09-23-19.44.08.jpeg', 1) ON CONFLICT DO NOTHING;
INSERT INTO products (id, title, slug, description, thumbnail, active, base_price) VALUES (548, 'Pale Aqua Blue Ribbed Knit Racerback Sleeveless Top', 'pale-aqua-blue-ribbed-knit-racerback-sleeveless-top', '', '/images/548/photo_2025-09-22-19.06.26.jpeg', True, 2500) ON CONFLICT (id) DO UPDATE SET title = EXCLUDED.title, slug = EXCLUDED.slug, description = EXCLUDED.description, thumbnail = EXCLUDED.thumbnail, active = EXCLUDED.active, base_price = EXCLUDED.base_price;
INSERT INTO product_variants (product_id, sku, size, color, stock_quantity, price_adjustment, active, image) VALUES (548, 'SKU-66995', 'top S/M', NULL, 1, 0, true, NULL) ON CONFLICT (sku) DO UPDATE SET stock_quantity = EXCLUDED.stock_quantity, size = EXCLUDED.size, active = EXCLUDED.active;
INSERT INTO prices (variant_id, amount, currency) SELECT id, 2500, 'Br' FROM product_variants WHERE sku = 'SKU-66995' AND NOT EXISTS (SELECT 1 FROM prices WHERE variant_id = product_variants.id);
INSERT INTO product_variants (product_id, sku, size, color, stock_quantity, price_adjustment, active, image) VALUES (548, 'SKU-66996', 'top M/L', NULL, 1, 0, true, NULL) ON CONFLICT (sku) DO UPDATE SET stock_quantity = EXCLUDED.stock_quantity, size = EXCLUDED.size, active = EXCLUDED.active;
INSERT INTO prices (variant_id, amount, currency) SELECT id, 2500, 'Br' FROM product_variants WHERE sku = 'SKU-66996' AND NOT EXISTS (SELECT 1 FROM prices WHERE variant_id = product_variants.id);
INSERT INTO product_images (product_id, url, position) VALUES (548, '/images/548/photo_2025-09-22-19.06.26.jpeg', 0) ON CONFLICT DO NOTHING;
INSERT INTO products (id, title, slug, description, thumbnail, active, base_price) VALUES (549, 'Forever21 Clean White Stretchy Sleeveless Athletic Tank Bodysuit', 'forever21-clean-white-stretchy-sleeveless-athletic-tank-bodysuit', '', '/images/549/photo_2025-09-22-19.07.30.jpeg', True, 2900) ON CONFLICT (id) DO UPDATE SET title = EXCLUDED.title, slug = EXCLUDED.slug, description = EXCLUDED.description, thumbnail = EXCLUDED.thumbnail, active = EXCLUDED.active, base_price = EXCLUDED.base_price;
INSERT INTO product_variants (product_id, sku, size, color, stock_quantity, price_adjustment, active, image) VALUES (549, 'SKU-66997', 'bodysuit 1 L', NULL, 1, 0, true, NULL) ON CONFLICT (sku) DO UPDATE SET stock_quantity = EXCLUDED.stock_quantity, size = EXCLUDED.size, active = EXCLUDED.active;
INSERT INTO prices (variant_id, amount, currency) SELECT id, 2900, 'Br' FROM product_variants WHERE sku = 'SKU-66997' AND NOT EXISTS (SELECT 1 FROM prices WHERE variant_id = product_variants.id);
INSERT INTO product_images (product_id, url, position) VALUES (549, '/images/549/photo_2025-09-22-19.07.30.jpeg', 0) ON CONFLICT DO NOTHING;
INSERT INTO product_images (product_id, url, position) VALUES (549, '/images/549/photo_2025-11-03-18.10.33.jpeg', 1) ON CONFLICT DO NOTHING;
INSERT INTO products (id, title, slug, description, thumbnail, active, base_price) VALUES (550, 'Forever21 Olive Drab Basic Fitted T-Shirt Style Thong Bodysuit', 'forever21-olive-drab-basic-fitted-t-shirt-style-thong-bodysuit', '', '/images/550/photo_2025-09-22-19.07.32.jpeg', True, 2900) ON CONFLICT (id) DO UPDATE SET title = EXCLUDED.title, slug = EXCLUDED.slug, description = EXCLUDED.description, thumbnail = EXCLUDED.thumbnail, active = EXCLUDED.active, base_price = EXCLUDED.base_price;
INSERT INTO product_variants (product_id, sku, size, color, stock_quantity, price_adjustment, active, image) VALUES (550, 'SKU-66993', 'bodysuit 1 L', NULL, 1, 0, true, NULL) ON CONFLICT (sku) DO UPDATE SET stock_quantity = EXCLUDED.stock_quantity, size = EXCLUDED.size, active = EXCLUDED.active;
INSERT INTO prices (variant_id, amount, currency) SELECT id, 2900, 'Br' FROM product_variants WHERE sku = 'SKU-66993' AND NOT EXISTS (SELECT 1 FROM prices WHERE variant_id = product_variants.id);
INSERT INTO product_images (product_id, url, position) VALUES (550, '/images/550/photo_2025-09-22-19.07.32.jpeg', 0) ON CONFLICT DO NOTHING;
INSERT INTO products (id, title, slug, description, thumbnail, active, base_price) VALUES (551, 'Forever21 Soft Heather Grey Ribbed Knit Long-Sleeve Snap Crotch Bodysuit', 'forever21-soft-heather-grey-ribbed-knit-long-sleeve-snap-crotch-bodysuit', '', '/images/551/photo_2025-09-22-19.07.07.jpeg', True, 3500) ON CONFLICT (id) DO UPDATE SET title = EXCLUDED.title, slug = EXCLUDED.slug, description = EXCLUDED.description, thumbnail = EXCLUDED.thumbnail, active = EXCLUDED.active, base_price = EXCLUDED.base_price;
INSERT INTO product_variants (product_id, sku, size, color, stock_quantity, price_adjustment, active, image) VALUES (551, 'SKU-67000', 'bodysuit M', NULL, 1, 0, true, NULL) ON CONFLICT (sku) DO UPDATE SET stock_quantity = EXCLUDED.stock_quantity, size = EXCLUDED.size, active = EXCLUDED.active;
INSERT INTO prices (variant_id, amount, currency) SELECT id, 3500, 'Br' FROM product_variants WHERE sku = 'SKU-67000' AND NOT EXISTS (SELECT 1 FROM prices WHERE variant_id = product_variants.id);
INSERT INTO product_images (product_id, url, position) VALUES (551, '/images/551/photo_2025-09-22-19.07.07.jpeg', 0) ON CONFLICT DO NOTHING;
INSERT INTO products (id, title, slug, description, thumbnail, active, base_price) VALUES (552, 'Forever21 Vibrant Neon Yellow Sleeveless Scoop Neck Basic Bodysuit', 'forever21-vibrant-neon-yellow-sleeveless-scoop-neck-basic-bodysuit', '', '/images/552/photo_2025-09-22-19.06.38.jpeg', True, 2900) ON CONFLICT (id) DO UPDATE SET title = EXCLUDED.title, slug = EXCLUDED.slug, description = EXCLUDED.description, thumbnail = EXCLUDED.thumbnail, active = EXCLUDED.active, base_price = EXCLUDED.base_price;
INSERT INTO product_variants (product_id, sku, size, color, stock_quantity, price_adjustment, active, image) VALUES (552, 'SKU-67003', 'bodysuit 1 M', NULL, 1, 0, true, NULL) ON CONFLICT (sku) DO UPDATE SET stock_quantity = EXCLUDED.stock_quantity, size = EXCLUDED.size, active = EXCLUDED.active;
INSERT INTO prices (variant_id, amount, currency) SELECT id, 2900, 'Br' FROM product_variants WHERE sku = 'SKU-67003' AND NOT EXISTS (SELECT 1 FROM prices WHERE variant_id = product_variants.id);
INSERT INTO product_images (product_id, url, position) VALUES (552, '/images/552/photo_2025-09-22-19.06.38.jpeg', 0) ON CONFLICT DO NOTHING;
INSERT INTO product_images (product_id, url, position) VALUES (552, '/images/552/photo_2025-11-03-17.53.48.jpeg', 1) ON CONFLICT DO NOTHING;
INSERT INTO products (id, title, slug, description, thumbnail, active, base_price) VALUES (553, 'Forever21 Geometric Green and White Pattern Sleeveless High-Cut Bodysuit', 'forever21-geometric-green-and-white-pattern-sleeveless-high-cut-bodysuit', '', '/images/553/photo_2025-09-22-19.06.42.jpeg', True, 2900) ON CONFLICT (id) DO UPDATE SET title = EXCLUDED.title, slug = EXCLUDED.slug, description = EXCLUDED.description, thumbnail = EXCLUDED.thumbnail, active = EXCLUDED.active, base_price = EXCLUDED.base_price;
INSERT INTO product_variants (product_id, sku, size, color, stock_quantity, price_adjustment, active, image) VALUES (553, 'SKU-67004', 'bodysuit M', NULL, 1, 0, true, NULL) ON CONFLICT (sku) DO UPDATE SET stock_quantity = EXCLUDED.stock_quantity, size = EXCLUDED.size, active = EXCLUDED.active;
INSERT INTO prices (variant_id, amount, currency) SELECT id, 2900, 'Br' FROM product_variants WHERE sku = 'SKU-67004' AND NOT EXISTS (SELECT 1 FROM prices WHERE variant_id = product_variants.id);
INSERT INTO product_images (product_id, url, position) VALUES (553, '/images/553/photo_2025-09-22-19.06.42.jpeg', 0) ON CONFLICT DO NOTHING;
INSERT INTO product_images (product_id, url, position) VALUES (553, '/images/553/photo_2025-11-03-17.53.06.jpeg', 1) ON CONFLICT DO NOTHING;
INSERT INTO products (id, title, slug, description, thumbnail, active, base_price) VALUES (554, 'Forever21 Vibrant Royal Blue Solid Color High-Cut Bodysuit', 'forever21-vibrant-royal-blue-solid-color-high-cut-bodysuit', '', '/images/554/photo_2025-09-22-19.06.18.jpeg', True, 2900) ON CONFLICT (id) DO UPDATE SET title = EXCLUDED.title, slug = EXCLUDED.slug, description = EXCLUDED.description, thumbnail = EXCLUDED.thumbnail, active = EXCLUDED.active, base_price = EXCLUDED.base_price;
INSERT INTO product_variants (product_id, sku, size, color, stock_quantity, price_adjustment, active, image) VALUES (554, 'SKU-67006', 'bodysuit S/M', NULL, 1, 0, true, NULL) ON CONFLICT (sku) DO UPDATE SET stock_quantity = EXCLUDED.stock_quantity, size = EXCLUDED.size, active = EXCLUDED.active;
INSERT INTO prices (variant_id, amount, currency) SELECT id, 2900, 'Br' FROM product_variants WHERE sku = 'SKU-67006' AND NOT EXISTS (SELECT 1 FROM prices WHERE variant_id = product_variants.id);
INSERT INTO product_variants (product_id, sku, size, color, stock_quantity, price_adjustment, active, image) VALUES (554, 'SKU-67007', 'bodysuit M/L', NULL, 1, 0, true, NULL) ON CONFLICT (sku) DO UPDATE SET stock_quantity = EXCLUDED.stock_quantity, size = EXCLUDED.size, active = EXCLUDED.active;
INSERT INTO prices (variant_id, amount, currency) SELECT id, 2900, 'Br' FROM product_variants WHERE sku = 'SKU-67007' AND NOT EXISTS (SELECT 1 FROM prices WHERE variant_id = product_variants.id);
INSERT INTO product_images (product_id, url, position) VALUES (554, '/images/554/photo_2025-09-22-19.06.18.jpeg', 0) ON CONFLICT DO NOTHING;
INSERT INTO products (id, title, slug, description, thumbnail, active, base_price) VALUES (555, 'Forever21 Animal Print Grey and Black Halter Neck Criss-Cross Back Top', 'forever21-animal-print-grey-and-black-halter-neck-criss-cross-back-top', '', '/images/555/photo_2025-09-22-19.06.14.jpeg', True, 2500) ON CONFLICT (id) DO UPDATE SET title = EXCLUDED.title, slug = EXCLUDED.slug, description = EXCLUDED.description, thumbnail = EXCLUDED.thumbnail, active = EXCLUDED.active, base_price = EXCLUDED.base_price;
INSERT INTO product_variants (product_id, sku, size, color, stock_quantity, price_adjustment, active, image) VALUES (555, 'SKU-67009', 'top S', NULL, 1, 0, true, NULL) ON CONFLICT (sku) DO UPDATE SET stock_quantity = EXCLUDED.stock_quantity, size = EXCLUDED.size, active = EXCLUDED.active;
INSERT INTO prices (variant_id, amount, currency) SELECT id, 2500, 'Br' FROM product_variants WHERE sku = 'SKU-67009' AND NOT EXISTS (SELECT 1 FROM prices WHERE variant_id = product_variants.id);
INSERT INTO product_images (product_id, url, position) VALUES (555, '/images/555/photo_2025-09-22-19.06.14.jpeg', 0) ON CONFLICT DO NOTHING;
INSERT INTO products (id, title, slug, description, thumbnail, active, base_price) VALUES (556, 'Classic Brown Solid Color Sleeveless Bodycon Dress', 'classic-brown-solid-color-sleeveless-bodycon-dress', '', '/images/556/img_9540.jpeg', True, 3900) ON CONFLICT (id) DO UPDATE SET title = EXCLUDED.title, slug = EXCLUDED.slug, description = EXCLUDED.description, thumbnail = EXCLUDED.thumbnail, active = EXCLUDED.active, base_price = EXCLUDED.base_price;
INSERT INTO product_variants (product_id, sku, size, color, stock_quantity, price_adjustment, active, image) VALUES (556, 'SKU-67084', 'DRE S', NULL, 1, 0, true, NULL) ON CONFLICT (sku) DO UPDATE SET stock_quantity = EXCLUDED.stock_quantity, size = EXCLUDED.size, active = EXCLUDED.active;
INSERT INTO prices (variant_id, amount, currency) SELECT id, 3900, 'Br' FROM product_variants WHERE sku = 'SKU-67084' AND NOT EXISTS (SELECT 1 FROM prices WHERE variant_id = product_variants.id);
INSERT INTO product_variants (product_id, sku, size, color, stock_quantity, price_adjustment, active, image) VALUES (556, 'SKU-67085', 'DRE M', NULL, 1, 0, true, NULL) ON CONFLICT (sku) DO UPDATE SET stock_quantity = EXCLUDED.stock_quantity, size = EXCLUDED.size, active = EXCLUDED.active;
INSERT INTO prices (variant_id, amount, currency) SELECT id, 3900, 'Br' FROM product_variants WHERE sku = 'SKU-67085' AND NOT EXISTS (SELECT 1 FROM prices WHERE variant_id = product_variants.id);
INSERT INTO product_images (product_id, url, position) VALUES (556, '/images/556/img_9540.jpeg', 0) ON CONFLICT DO NOTHING;
INSERT INTO product_images (product_id, url, position) VALUES (556, '/images/556/img_9542.jpeg', 1) ON CONFLICT DO NOTHING;
INSERT INTO product_images (product_id, url, position) VALUES (556, '/images/556/img_9543.jpeg', 2) ON CONFLICT DO NOTHING;
INSERT INTO products (id, title, slug, description, thumbnail, active, base_price) VALUES (557, 'Forever21 Light Sky Blue Long-Sleeve Wrap Front Snap Crotch Bodysuit', 'forever21-light-sky-blue-long-sleeve-wrap-front-snap-crotch-bodysuit', '', '/images/557/photo_2025-09-22-19.04.33.jpeg', True, 3800) ON CONFLICT (id) DO UPDATE SET title = EXCLUDED.title, slug = EXCLUDED.slug, description = EXCLUDED.description, thumbnail = EXCLUDED.thumbnail, active = EXCLUDED.active, base_price = EXCLUDED.base_price;
INSERT INTO product_variants (product_id, sku, size, color, stock_quantity, price_adjustment, active, image) VALUES (557, 'SKU-67010', 'bodysuit S', NULL, 1, 0, true, NULL) ON CONFLICT (sku) DO UPDATE SET stock_quantity = EXCLUDED.stock_quantity, size = EXCLUDED.size, active = EXCLUDED.active;
INSERT INTO prices (variant_id, amount, currency) SELECT id, 3800, 'Br' FROM product_variants WHERE sku = 'SKU-67010' AND NOT EXISTS (SELECT 1 FROM prices WHERE variant_id = product_variants.id);
INSERT INTO product_variants (product_id, sku, size, color, stock_quantity, price_adjustment, active, image) VALUES (557, 'SKU-67011', 'bodysuit L', NULL, 1, 0, true, NULL) ON CONFLICT (sku) DO UPDATE SET stock_quantity = EXCLUDED.stock_quantity, size = EXCLUDED.size, active = EXCLUDED.active;
INSERT INTO prices (variant_id, amount, currency) SELECT id, 3800, 'Br' FROM product_variants WHERE sku = 'SKU-67011' AND NOT EXISTS (SELECT 1 FROM prices WHERE variant_id = product_variants.id);
INSERT INTO product_images (product_id, url, position) VALUES (557, '/images/557/photo_2025-09-22-19.04.33.jpeg', 0) ON CONFLICT DO NOTHING;
INSERT INTO product_images (product_id, url, position) VALUES (557, '/images/557/photo_2025-11-03-17.50.11.jpeg', 1) ON CONFLICT DO NOTHING;
INSERT INTO products (id, title, slug, description, thumbnail, active, base_price) VALUES (558, 'Forever21 Burnt Orange Sleeveless Square Neck High-Cut Bodysuit', 'forever21-burnt-orange-sleeveless-square-neck-high-cut-bodysuit', '', '/images/558/photo_2025-09-22-19.04.30.jpeg', True, 1900) ON CONFLICT (id) DO UPDATE SET title = EXCLUDED.title, slug = EXCLUDED.slug, description = EXCLUDED.description, thumbnail = EXCLUDED.thumbnail, active = EXCLUDED.active, base_price = EXCLUDED.base_price;
INSERT INTO product_variants (product_id, sku, size, color, stock_quantity, price_adjustment, active, image) VALUES (558, 'SKU-67012', 'bodysuit 1 M', NULL, 1, 0, true, NULL) ON CONFLICT (sku) DO UPDATE SET stock_quantity = EXCLUDED.stock_quantity, size = EXCLUDED.size, active = EXCLUDED.active;
INSERT INTO prices (variant_id, amount, currency) SELECT id, 1900, 'Br' FROM product_variants WHERE sku = 'SKU-67012' AND NOT EXISTS (SELECT 1 FROM prices WHERE variant_id = product_variants.id);
INSERT INTO product_images (product_id, url, position) VALUES (558, '/images/558/photo_2025-09-22-19.04.30.jpeg', 0) ON CONFLICT DO NOTHING;
INSERT INTO products (id, title, slug, description, thumbnail, active, base_price) VALUES (559, 'Forever21 Colorful Geometric Print V-Neck Sleeveless High-Cut Bodysuit', 'forever21-colorful-geometric-print-v-neck-sleeveless-high-cut-bodysuit', '', '/images/559/photo_2025-09-22-19.06.13.jpeg', True, 2900) ON CONFLICT (id) DO UPDATE SET title = EXCLUDED.title, slug = EXCLUDED.slug, description = EXCLUDED.description, thumbnail = EXCLUDED.thumbnail, active = EXCLUDED.active, base_price = EXCLUDED.base_price;
INSERT INTO product_variants (product_id, sku, size, color, stock_quantity, price_adjustment, active, image) VALUES (559, 'SKU-67015', 'bodysuit M', NULL, 1, 0, true, NULL) ON CONFLICT (sku) DO UPDATE SET stock_quantity = EXCLUDED.stock_quantity, size = EXCLUDED.size, active = EXCLUDED.active;
INSERT INTO prices (variant_id, amount, currency) SELECT id, 2900, 'Br' FROM product_variants WHERE sku = 'SKU-67015' AND NOT EXISTS (SELECT 1 FROM prices WHERE variant_id = product_variants.id);
INSERT INTO product_images (product_id, url, position) VALUES (559, '/images/559/photo_2025-09-22-19.06.13.jpeg', 0) ON CONFLICT DO NOTHING;
INSERT INTO product_images (product_id, url, position) VALUES (559, '/images/559/forever21-colorful-geometric-print-v-neck-sleeveless-high-cut-bodysuit.png', 1) ON CONFLICT DO NOTHING;
INSERT INTO products (id, title, slug, description, thumbnail, active, base_price) VALUES (560, 'Forever21 Light Sage Green Long-Sleeve Scoop Neck Snap Crotch Bodysuit', 'forever21-light-sage-green-long-sleeve-scoop-neck-snap-crotch-bodysuit', '', '/images/560/photo_2025-09-22-19.02.43.jpeg', True, 3800) ON CONFLICT (id) DO UPDATE SET title = EXCLUDED.title, slug = EXCLUDED.slug, description = EXCLUDED.description, thumbnail = EXCLUDED.thumbnail, active = EXCLUDED.active, base_price = EXCLUDED.base_price;
INSERT INTO product_variants (product_id, sku, size, color, stock_quantity, price_adjustment, active, image) VALUES (560, 'SKU-67019', 'bodysuit S/M', NULL, 1, 0, true, NULL) ON CONFLICT (sku) DO UPDATE SET stock_quantity = EXCLUDED.stock_quantity, size = EXCLUDED.size, active = EXCLUDED.active;
INSERT INTO prices (variant_id, amount, currency) SELECT id, 3800, 'Br' FROM product_variants WHERE sku = 'SKU-67019' AND NOT EXISTS (SELECT 1 FROM prices WHERE variant_id = product_variants.id);
INSERT INTO product_images (product_id, url, position) VALUES (560, '/images/560/photo_2025-09-22-19.02.43.jpeg', 0) ON CONFLICT DO NOTHING;
INSERT INTO product_images (product_id, url, position) VALUES (560, '/images/560/photo_2025-11-03-17.48.46.jpeg', 1) ON CONFLICT DO NOTHING;
INSERT INTO products (id, title, slug, description, thumbnail, active, base_price) VALUES (561, 'Forever21 Offwhite Sleeveless Deep V-Neck Basic Thong Bodysuit', 'forever21-offwhite-sleeveless-deep-v-neck-basic-thong-bodysuit', '', '/images/561/photo_2025-09-22-19.02.37.jpeg', True, 2900) ON CONFLICT (id) DO UPDATE SET title = EXCLUDED.title, slug = EXCLUDED.slug, description = EXCLUDED.description, thumbnail = EXCLUDED.thumbnail, active = EXCLUDED.active, base_price = EXCLUDED.base_price;
INSERT INTO product_variants (product_id, sku, size, color, stock_quantity, price_adjustment, active, image) VALUES (561, 'SKU-67020', 'bodysuit S', NULL, 1, 0, true, NULL) ON CONFLICT (sku) DO UPDATE SET stock_quantity = EXCLUDED.stock_quantity, size = EXCLUDED.size, active = EXCLUDED.active;
INSERT INTO prices (variant_id, amount, currency) SELECT id, 2900, 'Br' FROM product_variants WHERE sku = 'SKU-67020' AND NOT EXISTS (SELECT 1 FROM prices WHERE variant_id = product_variants.id);
INSERT INTO product_images (product_id, url, position) VALUES (561, '/images/561/photo_2025-09-22-19.02.37.jpeg', 0) ON CONFLICT DO NOTHING;
INSERT INTO product_images (product_id, url, position) VALUES (561, '/images/561/photo_2025-11-03-17.48.09.jpeg', 1) ON CONFLICT DO NOTHING;
INSERT INTO products (id, title, slug, description, thumbnail, active, base_price) VALUES (562, 'Classic White Crew Neck Fitted Short-Sleeve T-Shirt', 'classic-white-crew-neck-fitted-short-sleeve-t-shirt', '', '/images/562/img_9528.jpeg', True, 2800) ON CONFLICT (id) DO UPDATE SET title = EXCLUDED.title, slug = EXCLUDED.slug, description = EXCLUDED.description, thumbnail = EXCLUDED.thumbnail, active = EXCLUDED.active, base_price = EXCLUDED.base_price;
INSERT INTO product_variants (product_id, sku, size, color, stock_quantity, price_adjustment, active, image) VALUES (562, 'SKU-67086', 'TOP S', NULL, 1, 0, true, NULL) ON CONFLICT (sku) DO UPDATE SET stock_quantity = EXCLUDED.stock_quantity, size = EXCLUDED.size, active = EXCLUDED.active;
INSERT INTO prices (variant_id, amount, currency) SELECT id, 2800, 'Br' FROM product_variants WHERE sku = 'SKU-67086' AND NOT EXISTS (SELECT 1 FROM prices WHERE variant_id = product_variants.id);
INSERT INTO product_variants (product_id, sku, size, color, stock_quantity, price_adjustment, active, image) VALUES (562, 'SKU-67087', 'TOP M', NULL, 1, 0, true, NULL) ON CONFLICT (sku) DO UPDATE SET stock_quantity = EXCLUDED.stock_quantity, size = EXCLUDED.size, active = EXCLUDED.active;
INSERT INTO prices (variant_id, amount, currency) SELECT id, 2800, 'Br' FROM product_variants WHERE sku = 'SKU-67087' AND NOT EXISTS (SELECT 1 FROM prices WHERE variant_id = product_variants.id);
INSERT INTO product_variants (product_id, sku, size, color, stock_quantity, price_adjustment, active, image) VALUES (562, 'SKU-67088', 'TOP L', NULL, 1, 0, true, NULL) ON CONFLICT (sku) DO UPDATE SET stock_quantity = EXCLUDED.stock_quantity, size = EXCLUDED.size, active = EXCLUDED.active;
INSERT INTO prices (variant_id, amount, currency) SELECT id, 2800, 'Br' FROM product_variants WHERE sku = 'SKU-67088' AND NOT EXISTS (SELECT 1 FROM prices WHERE variant_id = product_variants.id);
INSERT INTO product_variants (product_id, sku, size, color, stock_quantity, price_adjustment, active, image) VALUES (562, 'SKU-67089', 'TOP XL', NULL, 1, 0, true, NULL) ON CONFLICT (sku) DO UPDATE SET stock_quantity = EXCLUDED.stock_quantity, size = EXCLUDED.size, active = EXCLUDED.active;
INSERT INTO prices (variant_id, amount, currency) SELECT id, 2800, 'Br' FROM product_variants WHERE sku = 'SKU-67089' AND NOT EXISTS (SELECT 1 FROM prices WHERE variant_id = product_variants.id);
INSERT INTO product_images (product_id, url, position) VALUES (562, '/images/562/img_9528.jpeg', 0) ON CONFLICT DO NOTHING;
INSERT INTO product_images (product_id, url, position) VALUES (562, '/images/562/img_9530.jpeg', 1) ON CONFLICT DO NOTHING;
INSERT INTO product_images (product_id, url, position) VALUES (562, '/images/562/img_9529.jpeg', 2) ON CONFLICT DO NOTHING;
INSERT INTO products (id, title, slug, description, thumbnail, active, base_price) VALUES (563, 'Trendy Cargo Denim Jumpsuit', 'trendy-cargo-denim-jumpsuit', '', '/images/563/img_3060.jpg', True, 6400) ON CONFLICT (id) DO UPDATE SET title = EXCLUDED.title, slug = EXCLUDED.slug, description = EXCLUDED.description, thumbnail = EXCLUDED.thumbnail, active = EXCLUDED.active, base_price = EXCLUDED.base_price;
INSERT INTO product_variants (product_id, sku, size, color, stock_quantity, price_adjustment, active, image) VALUES (563, 'SKU-67503', 'Trendy Cargo Denim Jumpsuit M', NULL, 1, 0, true, NULL) ON CONFLICT (sku) DO UPDATE SET stock_quantity = EXCLUDED.stock_quantity, size = EXCLUDED.size, active = EXCLUDED.active;
INSERT INTO prices (variant_id, amount, currency) SELECT id, 6400, 'Br' FROM product_variants WHERE sku = 'SKU-67503' AND NOT EXISTS (SELECT 1 FROM prices WHERE variant_id = product_variants.id);
INSERT INTO product_images (product_id, url, position) VALUES (563, '/images/563/img_3060.jpg', 0) ON CONFLICT DO NOTHING;
INSERT INTO product_images (product_id, url, position) VALUES (563, '/images/563/img_3061.jpg', 1) ON CONFLICT DO NOTHING;
INSERT INTO product_images (product_id, url, position) VALUES (563, '/images/563/img_3059-2.jpg', 2) ON CONFLICT DO NOTHING;
INSERT INTO products (id, title, slug, description, thumbnail, active, base_price) VALUES (564, 'Edgy Black Faux Leather Moto Jacket with Zipper Detail', 'edgy-black-faux-leather-moto-jacket-with-zipper-detail', '', '/images/564/img_8847-1.jpeg', True, 5400) ON CONFLICT (id) DO UPDATE SET title = EXCLUDED.title, slug = EXCLUDED.slug, description = EXCLUDED.description, thumbnail = EXCLUDED.thumbnail, active = EXCLUDED.active, base_price = EXCLUDED.base_price;
INSERT INTO product_variants (product_id, sku, size, color, stock_quantity, price_adjustment, active, image) VALUES (564, 'SKU-67090', 'JACK S', NULL, 1, 0, true, NULL) ON CONFLICT (sku) DO UPDATE SET stock_quantity = EXCLUDED.stock_quantity, size = EXCLUDED.size, active = EXCLUDED.active;
INSERT INTO prices (variant_id, amount, currency) SELECT id, 5400, 'Br' FROM product_variants WHERE sku = 'SKU-67090' AND NOT EXISTS (SELECT 1 FROM prices WHERE variant_id = product_variants.id);
INSERT INTO product_variants (product_id, sku, size, color, stock_quantity, price_adjustment, active, image) VALUES (564, 'SKU-67091', 'JACK M', NULL, 1, 0, true, NULL) ON CONFLICT (sku) DO UPDATE SET stock_quantity = EXCLUDED.stock_quantity, size = EXCLUDED.size, active = EXCLUDED.active;
INSERT INTO prices (variant_id, amount, currency) SELECT id, 5400, 'Br' FROM product_variants WHERE sku = 'SKU-67091' AND NOT EXISTS (SELECT 1 FROM prices WHERE variant_id = product_variants.id);
INSERT INTO product_variants (product_id, sku, size, color, stock_quantity, price_adjustment, active, image) VALUES (564, 'SKU-67092', 'JACK L', NULL, 1, 0, true, NULL) ON CONFLICT (sku) DO UPDATE SET stock_quantity = EXCLUDED.stock_quantity, size = EXCLUDED.size, active = EXCLUDED.active;
INSERT INTO prices (variant_id, amount, currency) SELECT id, 5400, 'Br' FROM product_variants WHERE sku = 'SKU-67092' AND NOT EXISTS (SELECT 1 FROM prices WHERE variant_id = product_variants.id);
INSERT INTO product_images (product_id, url, position) VALUES (564, '/images/564/img_8847-1.jpeg', 0) ON CONFLICT DO NOTHING;
INSERT INTO product_images (product_id, url, position) VALUES (564, '/images/564/img_8848-1.jpeg', 1) ON CONFLICT DO NOTHING;
INSERT INTO product_images (product_id, url, position) VALUES (564, '/images/564/img_8844.jpeg', 2) ON CONFLICT DO NOTHING;
INSERT INTO products (id, title, slug, description, thumbnail, active, base_price) VALUES (565, 'Forever21 Classic Black Fitted Long-Sleeve Crew Neck Basic Top', 'forever21-classic-black-fitted-long-sleeve-crew-neck-basic-top', '', '/images/565/photo_2025-09-22-19.02.47.jpeg', True, 2900) ON CONFLICT (id) DO UPDATE SET title = EXCLUDED.title, slug = EXCLUDED.slug, description = EXCLUDED.description, thumbnail = EXCLUDED.thumbnail, active = EXCLUDED.active, base_price = EXCLUDED.base_price;
INSERT INTO product_variants (product_id, sku, size, color, stock_quantity, price_adjustment, active, image) VALUES (565, 'SKU-67037', 'bodysuit M', NULL, 1, 0, true, NULL) ON CONFLICT (sku) DO UPDATE SET stock_quantity = EXCLUDED.stock_quantity, size = EXCLUDED.size, active = EXCLUDED.active;
INSERT INTO prices (variant_id, amount, currency) SELECT id, 2900, 'Br' FROM product_variants WHERE sku = 'SKU-67037' AND NOT EXISTS (SELECT 1 FROM prices WHERE variant_id = product_variants.id);
INSERT INTO product_images (product_id, url, position) VALUES (565, '/images/565/photo_2025-09-22-19.02.47.jpeg', 0) ON CONFLICT DO NOTHING;
INSERT INTO product_images (product_id, url, position) VALUES (565, '/images/565/forever21-classic-black-fitted-long-sleeve-crew-neck-basic-top.png', 1) ON CONFLICT DO NOTHING;
INSERT INTO products (id, title, slug, description, thumbnail, active, base_price) VALUES (566, 'Shimmering Light Grey Open Toe Ankle Strap High Heels', 'shimmering-light-grey-open-toe-ankle-strap-high-heels', '', '/images/566/img_0683.jpeg', True, 4900) ON CONFLICT (id) DO UPDATE SET title = EXCLUDED.title, slug = EXCLUDED.slug, description = EXCLUDED.description, thumbnail = EXCLUDED.thumbnail, active = EXCLUDED.active, base_price = EXCLUDED.base_price;
INSERT INTO product_variants (product_id, sku, size, color, stock_quantity, price_adjustment, active, image) VALUES (566, 'SKU-67051', 'HEEL 37', NULL, 1, 0, true, NULL) ON CONFLICT (sku) DO UPDATE SET stock_quantity = EXCLUDED.stock_quantity, size = EXCLUDED.size, active = EXCLUDED.active;
INSERT INTO prices (variant_id, amount, currency) SELECT id, 4900, 'Br' FROM product_variants WHERE sku = 'SKU-67051' AND NOT EXISTS (SELECT 1 FROM prices WHERE variant_id = product_variants.id);
INSERT INTO product_variants (product_id, sku, size, color, stock_quantity, price_adjustment, active, image) VALUES (566, 'SKU-67052', 'HEEL 39', NULL, 1, 0, true, NULL) ON CONFLICT (sku) DO UPDATE SET stock_quantity = EXCLUDED.stock_quantity, size = EXCLUDED.size, active = EXCLUDED.active;
INSERT INTO prices (variant_id, amount, currency) SELECT id, 4900, 'Br' FROM product_variants WHERE sku = 'SKU-67052' AND NOT EXISTS (SELECT 1 FROM prices WHERE variant_id = product_variants.id);
INSERT INTO product_images (product_id, url, position) VALUES (566, '/images/566/img_0683.jpeg', 0) ON CONFLICT DO NOTHING;
INSERT INTO product_images (product_id, url, position) VALUES (566, '/images/566/img_0682.jpeg', 1) ON CONFLICT DO NOTHING;
INSERT INTO products (id, title, slug, description, thumbnail, active, base_price) VALUES (567, 'Basic Light Tan Ribbed Knit Stretchy Summer Tee', 'basic-light-tan-ribbed-knit-stretchy-summer-tee', '', '/images/567/img_1343.jpeg', True, 2500) ON CONFLICT (id) DO UPDATE SET title = EXCLUDED.title, slug = EXCLUDED.slug, description = EXCLUDED.description, thumbnail = EXCLUDED.thumbnail, active = EXCLUDED.active, base_price = EXCLUDED.base_price;
INSERT INTO product_variants (product_id, sku, size, color, stock_quantity, price_adjustment, active, image) VALUES (567, 'SKU-67068', 'TOP M', NULL, 1, 0, true, NULL) ON CONFLICT (sku) DO UPDATE SET stock_quantity = EXCLUDED.stock_quantity, size = EXCLUDED.size, active = EXCLUDED.active;
INSERT INTO prices (variant_id, amount, currency) SELECT id, 2500, 'Br' FROM product_variants WHERE sku = 'SKU-67068' AND NOT EXISTS (SELECT 1 FROM prices WHERE variant_id = product_variants.id);
INSERT INTO product_variants (product_id, sku, size, color, stock_quantity, price_adjustment, active, image) VALUES (567, 'SKU-67069', 'TOP L', NULL, 1, 0, true, NULL) ON CONFLICT (sku) DO UPDATE SET stock_quantity = EXCLUDED.stock_quantity, size = EXCLUDED.size, active = EXCLUDED.active;
INSERT INTO prices (variant_id, amount, currency) SELECT id, 2500, 'Br' FROM product_variants WHERE sku = 'SKU-67069' AND NOT EXISTS (SELECT 1 FROM prices WHERE variant_id = product_variants.id);
INSERT INTO product_variants (product_id, sku, size, color, stock_quantity, price_adjustment, active, image) VALUES (567, '0-67162', 'TOP S', NULL, 1, 0, true, NULL) ON CONFLICT (sku) DO UPDATE SET stock_quantity = EXCLUDED.stock_quantity, size = EXCLUDED.size, active = EXCLUDED.active;
INSERT INTO prices (variant_id, amount, currency) SELECT id, 2500, 'Br' FROM product_variants WHERE sku = '0-67162' AND NOT EXISTS (SELECT 1 FROM prices WHERE variant_id = product_variants.id);
INSERT INTO product_images (product_id, url, position) VALUES (567, '/images/567/img_1343.jpeg', 0) ON CONFLICT DO NOTHING;
INSERT INTO products (id, title, slug, description, thumbnail, active, base_price) VALUES (568, 'Deep Wine Red High Neck Basic Sleeveless Ribbed Tank Top', 'deep-wine-red-high-neck-basic-sleeveless-ribbed-tank-top', '', '/images/568/img_1352.jpeg', True, 2200) ON CONFLICT (id) DO UPDATE SET title = EXCLUDED.title, slug = EXCLUDED.slug, description = EXCLUDED.description, thumbnail = EXCLUDED.thumbnail, active = EXCLUDED.active, base_price = EXCLUDED.base_price;
INSERT INTO product_variants (product_id, sku, size, color, stock_quantity, price_adjustment, active, image) VALUES (568, 'SKU-67072', 'TOP S', NULL, 1, 0, true, NULL) ON CONFLICT (sku) DO UPDATE SET stock_quantity = EXCLUDED.stock_quantity, size = EXCLUDED.size, active = EXCLUDED.active;
INSERT INTO prices (variant_id, amount, currency) SELECT id, 2200, 'Br' FROM product_variants WHERE sku = 'SKU-67072' AND NOT EXISTS (SELECT 1 FROM prices WHERE variant_id = product_variants.id);
INSERT INTO product_variants (product_id, sku, size, color, stock_quantity, price_adjustment, active, image) VALUES (568, 'SKU-67073', 'TOP L', NULL, 1, 0, true, NULL) ON CONFLICT (sku) DO UPDATE SET stock_quantity = EXCLUDED.stock_quantity, size = EXCLUDED.size, active = EXCLUDED.active;
INSERT INTO prices (variant_id, amount, currency) SELECT id, 2200, 'Br' FROM product_variants WHERE sku = 'SKU-67073' AND NOT EXISTS (SELECT 1 FROM prices WHERE variant_id = product_variants.id);
INSERT INTO product_images (product_id, url, position) VALUES (568, '/images/568/img_1352.jpeg', 0) ON CONFLICT DO NOTHING;
INSERT INTO products (id, title, slug, description, thumbnail, active, base_price) VALUES (569, 'Rich Chocolate Brown Fitted Short-Sleeve Crew Neck T-Shirt', 'rich-chocolate-brown-fitted-short-sleeve-crew-neck-t-shirt', '', '/images/569/img_9524.jpeg', True, 2800) ON CONFLICT (id) DO UPDATE SET title = EXCLUDED.title, slug = EXCLUDED.slug, description = EXCLUDED.description, thumbnail = EXCLUDED.thumbnail, active = EXCLUDED.active, base_price = EXCLUDED.base_price;
INSERT INTO product_variants (product_id, sku, size, color, stock_quantity, price_adjustment, active, image) VALUES (569, 'SKU-67078', 'TOP M', NULL, 1, 0, true, NULL) ON CONFLICT (sku) DO UPDATE SET stock_quantity = EXCLUDED.stock_quantity, size = EXCLUDED.size, active = EXCLUDED.active;
INSERT INTO prices (variant_id, amount, currency) SELECT id, 2800, 'Br' FROM product_variants WHERE sku = 'SKU-67078' AND NOT EXISTS (SELECT 1 FROM prices WHERE variant_id = product_variants.id);
INSERT INTO product_variants (product_id, sku, size, color, stock_quantity, price_adjustment, active, image) VALUES (569, 'SKU-67079', 'TOP L', NULL, 1, 0, true, NULL) ON CONFLICT (sku) DO UPDATE SET stock_quantity = EXCLUDED.stock_quantity, size = EXCLUDED.size, active = EXCLUDED.active;
INSERT INTO prices (variant_id, amount, currency) SELECT id, 2800, 'Br' FROM product_variants WHERE sku = 'SKU-67079' AND NOT EXISTS (SELECT 1 FROM prices WHERE variant_id = product_variants.id);
INSERT INTO product_variants (product_id, sku, size, color, stock_quantity, price_adjustment, active, image) VALUES (569, 'SKU-67080', 'TOP XL', NULL, 1, 0, true, NULL) ON CONFLICT (sku) DO UPDATE SET stock_quantity = EXCLUDED.stock_quantity, size = EXCLUDED.size, active = EXCLUDED.active;
INSERT INTO prices (variant_id, amount, currency) SELECT id, 2800, 'Br' FROM product_variants WHERE sku = 'SKU-67080' AND NOT EXISTS (SELECT 1 FROM prices WHERE variant_id = product_variants.id);
INSERT INTO product_images (product_id, url, position) VALUES (569, '/images/569/img_9524.jpeg', 0) ON CONFLICT DO NOTHING;
INSERT INTO products (id, title, slug, description, thumbnail, active, base_price) VALUES (570, 'Dark Mocha Brown Oversized T-Shirt and Short Lounge Set', 'dark-mocha-brown-oversized-t-shirt-and-short-lounge-set', '', '/images/570/img_9457.jpeg', True, 3600) ON CONFLICT (id) DO UPDATE SET title = EXCLUDED.title, slug = EXCLUDED.slug, description = EXCLUDED.description, thumbnail = EXCLUDED.thumbnail, active = EXCLUDED.active, base_price = EXCLUDED.base_price;
INSERT INTO product_variants (product_id, sku, size, color, stock_quantity, price_adjustment, active, image) VALUES (570, 'SKU-67081', 'TWO S', NULL, 1, 0, true, NULL) ON CONFLICT (sku) DO UPDATE SET stock_quantity = EXCLUDED.stock_quantity, size = EXCLUDED.size, active = EXCLUDED.active;
INSERT INTO prices (variant_id, amount, currency) SELECT id, 3600, 'Br' FROM product_variants WHERE sku = 'SKU-67081' AND NOT EXISTS (SELECT 1 FROM prices WHERE variant_id = product_variants.id);
INSERT INTO product_variants (product_id, sku, size, color, stock_quantity, price_adjustment, active, image) VALUES (570, 'SKU-67082', 'TWO M', NULL, 1, 0, true, NULL) ON CONFLICT (sku) DO UPDATE SET stock_quantity = EXCLUDED.stock_quantity, size = EXCLUDED.size, active = EXCLUDED.active;
INSERT INTO prices (variant_id, amount, currency) SELECT id, 3600, 'Br' FROM product_variants WHERE sku = 'SKU-67082' AND NOT EXISTS (SELECT 1 FROM prices WHERE variant_id = product_variants.id);
INSERT INTO product_variants (product_id, sku, size, color, stock_quantity, price_adjustment, active, image) VALUES (570, 'SKU-67083', 'TWO L', NULL, 1, 0, true, NULL) ON CONFLICT (sku) DO UPDATE SET stock_quantity = EXCLUDED.stock_quantity, size = EXCLUDED.size, active = EXCLUDED.active;
INSERT INTO prices (variant_id, amount, currency) SELECT id, 3600, 'Br' FROM product_variants WHERE sku = 'SKU-67083' AND NOT EXISTS (SELECT 1 FROM prices WHERE variant_id = product_variants.id);
INSERT INTO product_images (product_id, url, position) VALUES (570, '/images/570/img_9457.jpeg', 0) ON CONFLICT DO NOTHING;
INSERT INTO product_images (product_id, url, position) VALUES (570, '/images/570/img_9460.jpeg', 1) ON CONFLICT DO NOTHING;
INSERT INTO product_images (product_id, url, position) VALUES (570, '/images/570/img_9459.jpeg', 2) ON CONFLICT DO NOTHING;
INSERT INTO products (id, title, slug, description, thumbnail, active, base_price) VALUES (571, 'Adidas Oversized Tracksuit Set', 'adidas-oversized-tracksuit-set', '', '/images/571/img_0406-1.jpeg', True, 6800) ON CONFLICT (id) DO UPDATE SET title = EXCLUDED.title, slug = EXCLUDED.slug, description = EXCLUDED.description, thumbnail = EXCLUDED.thumbnail, active = EXCLUDED.active, base_price = EXCLUDED.base_price;
INSERT INTO product_variants (product_id, sku, size, color, stock_quantity, price_adjustment, active, image) VALUES (571, 'SKU-67133', 'SWEAT M', NULL, 1, 0, true, NULL) ON CONFLICT (sku) DO UPDATE SET stock_quantity = EXCLUDED.stock_quantity, size = EXCLUDED.size, active = EXCLUDED.active;
INSERT INTO prices (variant_id, amount, currency) SELECT id, 6800, 'Br' FROM product_variants WHERE sku = 'SKU-67133' AND NOT EXISTS (SELECT 1 FROM prices WHERE variant_id = product_variants.id);
INSERT INTO product_images (product_id, url, position) VALUES (571, '/images/571/img_0406-1.jpeg', 0) ON CONFLICT DO NOTHING;
INSERT INTO product_images (product_id, url, position) VALUES (571, '/images/571/img_0405.jpeg', 1) ON CONFLICT DO NOTHING;
INSERT INTO product_images (product_id, url, position) VALUES (571, '/images/571/img_0403.jpeg', 2) ON CONFLICT DO NOTHING;
INSERT INTO products (id, title, slug, description, thumbnail, active, base_price) VALUES (572, 'Hermes Classic Trellis Bag', 'hermes-classic-trellis-bag', '', '/images/572/img_3116-2.jpg', True, 6800) ON CONFLICT (id) DO UPDATE SET title = EXCLUDED.title, slug = EXCLUDED.slug, description = EXCLUDED.description, thumbnail = EXCLUDED.thumbnail, active = EXCLUDED.active, base_price = EXCLUDED.base_price;
INSERT INTO product_variants (product_id, sku, size, color, stock_quantity, price_adjustment, active, image) VALUES (572, 'SKU-67507', 'Hermes Classic Trellis Bag', NULL, 1, 0, true, NULL) ON CONFLICT (sku) DO UPDATE SET stock_quantity = EXCLUDED.stock_quantity, size = EXCLUDED.size, active = EXCLUDED.active;
INSERT INTO prices (variant_id, amount, currency) SELECT id, 6800, 'Br' FROM product_variants WHERE sku = 'SKU-67507' AND NOT EXISTS (SELECT 1 FROM prices WHERE variant_id = product_variants.id);
INSERT INTO product_images (product_id, url, position) VALUES (572, '/images/572/img_3116-2.jpg', 0) ON CONFLICT DO NOTHING;
INSERT INTO product_images (product_id, url, position) VALUES (572, '/images/572/img_3119-2.jpg', 1) ON CONFLICT DO NOTHING;
INSERT INTO products (id, title, slug, description, thumbnail, active, base_price) VALUES (573, 'Asymetric Twist Crop Top', 'asymetric-twist-crop-top', '', '/images/573/imgi_4_10832-black_brisa_1_86f1907c-a28b-4476-a1a5-a8466f464c7a-145x217.jpg', True, 1900) ON CONFLICT (id) DO UPDATE SET title = EXCLUDED.title, slug = EXCLUDED.slug, description = EXCLUDED.description, thumbnail = EXCLUDED.thumbnail, active = EXCLUDED.active, base_price = EXCLUDED.base_price;
INSERT INTO product_variants (product_id, sku, size, color, stock_quantity, price_adjustment, active, image) VALUES (573, 'SKU-67213', 'top S', NULL, 1, 0, true, NULL) ON CONFLICT (sku) DO UPDATE SET stock_quantity = EXCLUDED.stock_quantity, size = EXCLUDED.size, active = EXCLUDED.active;
INSERT INTO prices (variant_id, amount, currency) SELECT id, 1900, 'Br' FROM product_variants WHERE sku = 'SKU-67213' AND NOT EXISTS (SELECT 1 FROM prices WHERE variant_id = product_variants.id);
INSERT INTO product_variants (product_id, sku, size, color, stock_quantity, price_adjustment, active, image) VALUES (573, 'SKU-67214', 'top M', NULL, 1, 0, true, NULL) ON CONFLICT (sku) DO UPDATE SET stock_quantity = EXCLUDED.stock_quantity, size = EXCLUDED.size, active = EXCLUDED.active;
INSERT INTO prices (variant_id, amount, currency) SELECT id, 1900, 'Br' FROM product_variants WHERE sku = 'SKU-67214' AND NOT EXISTS (SELECT 1 FROM prices WHERE variant_id = product_variants.id);
INSERT INTO product_variants (product_id, sku, size, color, stock_quantity, price_adjustment, active, image) VALUES (573, 'SKU-67215', 'top L', NULL, 1, 0, true, NULL) ON CONFLICT (sku) DO UPDATE SET stock_quantity = EXCLUDED.stock_quantity, size = EXCLUDED.size, active = EXCLUDED.active;
INSERT INTO prices (variant_id, amount, currency) SELECT id, 1900, 'Br' FROM product_variants WHERE sku = 'SKU-67215' AND NOT EXISTS (SELECT 1 FROM prices WHERE variant_id = product_variants.id);
INSERT INTO product_images (product_id, url, position) VALUES (573, '/images/573/imgi_4_10832-black_brisa_1_86f1907c-a28b-4476-a1a5-a8466f464c7a-145x217.jpg', 0) ON CONFLICT DO NOTHING;
INSERT INTO product_images (product_id, url, position) VALUES (573, '/images/573/imgi_4_10832-black_brisa_1_86f1907c-a28b-4476-a1a5-a8466f464c7a-50x50.jpg', 1) ON CONFLICT DO NOTHING;
INSERT INTO products (id, title, slug, description, thumbnail, active, base_price) VALUES (574, 'Offshoulder Ruched Top - Cream', 'offshoulder-ruched-top-cream', '', '/images/574/img_0117.jpeg', True, 2500) ON CONFLICT (id) DO UPDATE SET title = EXCLUDED.title, slug = EXCLUDED.slug, description = EXCLUDED.description, thumbnail = EXCLUDED.thumbnail, active = EXCLUDED.active, base_price = EXCLUDED.base_price;
INSERT INTO product_variants (product_id, sku, size, color, stock_quantity, price_adjustment, active, image) VALUES (574, 'SKU-67125', 'TOP S-M', NULL, 1, 0, true, NULL) ON CONFLICT (sku) DO UPDATE SET stock_quantity = EXCLUDED.stock_quantity, size = EXCLUDED.size, active = EXCLUDED.active;
INSERT INTO prices (variant_id, amount, currency) SELECT id, 2500, 'Br' FROM product_variants WHERE sku = 'SKU-67125' AND NOT EXISTS (SELECT 1 FROM prices WHERE variant_id = product_variants.id);
INSERT INTO product_images (product_id, url, position) VALUES (574, '/images/574/img_0117.jpeg', 0) ON CONFLICT DO NOTHING;
INSERT INTO products (id, title, slug, description, thumbnail, active, base_price) VALUES (575, 'Cat Lable Asymetric Offshoulder Sweater - Orange Brown', 'cat-lable-asymetric-offshoulder-sweater-orange-brown', '', '/images/575/img_9681.jpeg', True, 2900) ON CONFLICT (id) DO UPDATE SET title = EXCLUDED.title, slug = EXCLUDED.slug, description = EXCLUDED.description, thumbnail = EXCLUDED.thumbnail, active = EXCLUDED.active, base_price = EXCLUDED.base_price;
INSERT INTO product_variants (product_id, sku, size, color, stock_quantity, price_adjustment, active, image) VALUES (575, 'SKU-67150', 'TOP S', NULL, 1, 0, true, NULL) ON CONFLICT (sku) DO UPDATE SET stock_quantity = EXCLUDED.stock_quantity, size = EXCLUDED.size, active = EXCLUDED.active;
INSERT INTO prices (variant_id, amount, currency) SELECT id, 2900, 'Br' FROM product_variants WHERE sku = 'SKU-67150' AND NOT EXISTS (SELECT 1 FROM prices WHERE variant_id = product_variants.id);
INSERT INTO product_variants (product_id, sku, size, color, stock_quantity, price_adjustment, active, image) VALUES (575, 'SKU-67151', 'TOP L', NULL, 1, 0, true, NULL) ON CONFLICT (sku) DO UPDATE SET stock_quantity = EXCLUDED.stock_quantity, size = EXCLUDED.size, active = EXCLUDED.active;
INSERT INTO prices (variant_id, amount, currency) SELECT id, 2900, 'Br' FROM product_variants WHERE sku = 'SKU-67151' AND NOT EXISTS (SELECT 1 FROM prices WHERE variant_id = product_variants.id);
INSERT INTO product_images (product_id, url, position) VALUES (575, '/images/575/img_9681.jpeg', 0) ON CONFLICT DO NOTHING;
INSERT INTO products (id, title, slug, description, thumbnail, active, base_price) VALUES (576, 'Dark Charcoal Grey Ribbed Knit Mock Neck Fitted Midi Dress', 'dark-charcoal-grey-ribbed-knit-mock-neck-fitted-midi-dress', '', '/images/576/img_3005.jpg', True, 5900) ON CONFLICT (id) DO UPDATE SET title = EXCLUDED.title, slug = EXCLUDED.slug, description = EXCLUDED.description, thumbnail = EXCLUDED.thumbnail, active = EXCLUDED.active, base_price = EXCLUDED.base_price;
INSERT INTO product_variants (product_id, sku, size, color, stock_quantity, price_adjustment, active, image) VALUES (576, 'SKU-67377', 'DRESS FREE', NULL, 1, 0, true, NULL) ON CONFLICT (sku) DO UPDATE SET stock_quantity = EXCLUDED.stock_quantity, size = EXCLUDED.size, active = EXCLUDED.active;
INSERT INTO prices (variant_id, amount, currency) SELECT id, 5900, 'Br' FROM product_variants WHERE sku = 'SKU-67377' AND NOT EXISTS (SELECT 1 FROM prices WHERE variant_id = product_variants.id);
INSERT INTO product_images (product_id, url, position) VALUES (576, '/images/576/img_3005.jpg', 0) ON CONFLICT DO NOTHING;
INSERT INTO product_images (product_id, url, position) VALUES (576, '/images/576/img_3002.jpg', 1) ON CONFLICT DO NOTHING;
INSERT INTO product_images (product_id, url, position) VALUES (576, '/images/576/img_3003.webp', 2) ON CONFLICT DO NOTHING;
INSERT INTO products (id, title, slug, description, thumbnail, active, base_price) VALUES (577, 'Classic White Pleated A-Line Tube Midi Dress', 'classic-white-pleated-a-line-tube-midi-dress', '', '/images/577/img_2895-2.jpg', True, 6900) ON CONFLICT (id) DO UPDATE SET title = EXCLUDED.title, slug = EXCLUDED.slug, description = EXCLUDED.description, thumbnail = EXCLUDED.thumbnail, active = EXCLUDED.active, base_price = EXCLUDED.base_price;
INSERT INTO product_variants (product_id, sku, size, color, stock_quantity, price_adjustment, active, image) VALUES (577, 'SKU-67367', 'DRESS S', NULL, 1, 0, true, NULL) ON CONFLICT (sku) DO UPDATE SET stock_quantity = EXCLUDED.stock_quantity, size = EXCLUDED.size, active = EXCLUDED.active;
INSERT INTO prices (variant_id, amount, currency) SELECT id, 6900, 'Br' FROM product_variants WHERE sku = 'SKU-67367' AND NOT EXISTS (SELECT 1 FROM prices WHERE variant_id = product_variants.id);
INSERT INTO product_variants (product_id, sku, size, color, stock_quantity, price_adjustment, active, image) VALUES (577, 'SKU-67368', 'DRESS M', NULL, 1, 0, true, NULL) ON CONFLICT (sku) DO UPDATE SET stock_quantity = EXCLUDED.stock_quantity, size = EXCLUDED.size, active = EXCLUDED.active;
INSERT INTO prices (variant_id, amount, currency) SELECT id, 6900, 'Br' FROM product_variants WHERE sku = 'SKU-67368' AND NOT EXISTS (SELECT 1 FROM prices WHERE variant_id = product_variants.id);
INSERT INTO product_variants (product_id, sku, size, color, stock_quantity, price_adjustment, active, image) VALUES (577, 'SKU-67369', 'DRESS L', NULL, 1, 0, true, NULL) ON CONFLICT (sku) DO UPDATE SET stock_quantity = EXCLUDED.stock_quantity, size = EXCLUDED.size, active = EXCLUDED.active;
INSERT INTO prices (variant_id, amount, currency) SELECT id, 6900, 'Br' FROM product_variants WHERE sku = 'SKU-67369' AND NOT EXISTS (SELECT 1 FROM prices WHERE variant_id = product_variants.id);
INSERT INTO product_images (product_id, url, position) VALUES (577, '/images/577/img_2895-2.jpg', 0) ON CONFLICT DO NOTHING;
INSERT INTO product_images (product_id, url, position) VALUES (577, '/images/577/img_2896-2.jpg', 1) ON CONFLICT DO NOTHING;
INSERT INTO product_images (product_id, url, position) VALUES (577, '/images/577/img_2897-2.jpg', 2) ON CONFLICT DO NOTHING;
INSERT INTO products (id, title, slug, description, thumbnail, active, base_price) VALUES (578, 'Light Blue Vertical Stripe Long-Sleeve Button-Up Shirt', 'light-blue-vertical-stripe-long-sleeve-button-up-shirt', '', '/images/578/img_2918.jpg', True, 3800) ON CONFLICT (id) DO UPDATE SET title = EXCLUDED.title, slug = EXCLUDED.slug, description = EXCLUDED.description, thumbnail = EXCLUDED.thumbnail, active = EXCLUDED.active, base_price = EXCLUDED.base_price;
INSERT INTO product_variants (product_id, sku, size, color, stock_quantity, price_adjustment, active, image) VALUES (578, 'SKU-67347', 'SHIRT S', NULL, 1, 0, true, NULL) ON CONFLICT (sku) DO UPDATE SET stock_quantity = EXCLUDED.stock_quantity, size = EXCLUDED.size, active = EXCLUDED.active;
INSERT INTO prices (variant_id, amount, currency) SELECT id, 3800, 'Br' FROM product_variants WHERE sku = 'SKU-67347' AND NOT EXISTS (SELECT 1 FROM prices WHERE variant_id = product_variants.id);
INSERT INTO product_variants (product_id, sku, size, color, stock_quantity, price_adjustment, active, image) VALUES (578, 'SKU-67348', 'SHIRT M', NULL, 1, 0, true, NULL) ON CONFLICT (sku) DO UPDATE SET stock_quantity = EXCLUDED.stock_quantity, size = EXCLUDED.size, active = EXCLUDED.active;
INSERT INTO prices (variant_id, amount, currency) SELECT id, 3800, 'Br' FROM product_variants WHERE sku = 'SKU-67348' AND NOT EXISTS (SELECT 1 FROM prices WHERE variant_id = product_variants.id);
INSERT INTO product_variants (product_id, sku, size, color, stock_quantity, price_adjustment, active, image) VALUES (578, 'SKU-67349', 'SHIRT L', NULL, 1, 0, true, NULL) ON CONFLICT (sku) DO UPDATE SET stock_quantity = EXCLUDED.stock_quantity, size = EXCLUDED.size, active = EXCLUDED.active;
INSERT INTO prices (variant_id, amount, currency) SELECT id, 3800, 'Br' FROM product_variants WHERE sku = 'SKU-67349' AND NOT EXISTS (SELECT 1 FROM prices WHERE variant_id = product_variants.id);
INSERT INTO product_variants (product_id, sku, size, color, stock_quantity, price_adjustment, active, image) VALUES (578, 'SKU-67350', 'SHIRT XL', NULL, 1, 0, true, NULL) ON CONFLICT (sku) DO UPDATE SET stock_quantity = EXCLUDED.stock_quantity, size = EXCLUDED.size, active = EXCLUDED.active;
INSERT INTO prices (variant_id, amount, currency) SELECT id, 3800, 'Br' FROM product_variants WHERE sku = 'SKU-67350' AND NOT EXISTS (SELECT 1 FROM prices WHERE variant_id = product_variants.id);
INSERT INTO product_images (product_id, url, position) VALUES (578, '/images/578/img_2918.jpg', 0) ON CONFLICT DO NOTHING;
INSERT INTO product_images (product_id, url, position) VALUES (578, '/images/578/img_2917.jpg', 1) ON CONFLICT DO NOTHING;
INSERT INTO products (id, title, slug, description, thumbnail, active, base_price) VALUES (579, 'Standard Medium Wash Classic Straight Leg Denim Jeans', 'standard-medium-wash-classic-straight-leg-denim-jeans', '', '/images/579/img_2894.jpg', True, 5600) ON CONFLICT (id) DO UPDATE SET title = EXCLUDED.title, slug = EXCLUDED.slug, description = EXCLUDED.description, thumbnail = EXCLUDED.thumbnail, active = EXCLUDED.active, base_price = EXCLUDED.base_price;
INSERT INTO product_variants (product_id, sku, size, color, stock_quantity, price_adjustment, active, image) VALUES (579, 'SKU-67329', 'JEANS S', NULL, 1, 0, true, NULL) ON CONFLICT (sku) DO UPDATE SET stock_quantity = EXCLUDED.stock_quantity, size = EXCLUDED.size, active = EXCLUDED.active;
INSERT INTO prices (variant_id, amount, currency) SELECT id, 5600, 'Br' FROM product_variants WHERE sku = 'SKU-67329' AND NOT EXISTS (SELECT 1 FROM prices WHERE variant_id = product_variants.id);
INSERT INTO product_variants (product_id, sku, size, color, stock_quantity, price_adjustment, active, image) VALUES (579, 'SKU-67330', 'JEANS M', NULL, 1, 0, true, NULL) ON CONFLICT (sku) DO UPDATE SET stock_quantity = EXCLUDED.stock_quantity, size = EXCLUDED.size, active = EXCLUDED.active;
INSERT INTO prices (variant_id, amount, currency) SELECT id, 5600, 'Br' FROM product_variants WHERE sku = 'SKU-67330' AND NOT EXISTS (SELECT 1 FROM prices WHERE variant_id = product_variants.id);
INSERT INTO product_variants (product_id, sku, size, color, stock_quantity, price_adjustment, active, image) VALUES (579, 'SKU-67331', 'JEANS L', NULL, 1, 0, true, NULL) ON CONFLICT (sku) DO UPDATE SET stock_quantity = EXCLUDED.stock_quantity, size = EXCLUDED.size, active = EXCLUDED.active;
INSERT INTO prices (variant_id, amount, currency) SELECT id, 5600, 'Br' FROM product_variants WHERE sku = 'SKU-67331' AND NOT EXISTS (SELECT 1 FROM prices WHERE variant_id = product_variants.id);
INSERT INTO product_images (product_id, url, position) VALUES (579, '/images/579/img_2894.jpg', 0) ON CONFLICT DO NOTHING;
INSERT INTO products (id, title, slug, description, thumbnail, active, base_price) VALUES (580, 'Icy Light Blue Wash Oversized Baggy Fit Skater Jeans', 'icy-light-blue-wash-oversized-baggy-fit-skater-jeans', '', '/images/580/img_2892.jpg', True, 5400) ON CONFLICT (id) DO UPDATE SET title = EXCLUDED.title, slug = EXCLUDED.slug, description = EXCLUDED.description, thumbnail = EXCLUDED.thumbnail, active = EXCLUDED.active, base_price = EXCLUDED.base_price;
INSERT INTO product_variants (product_id, sku, size, color, stock_quantity, price_adjustment, active, image) VALUES (580, 'SKU-67318', 'JEANS S', NULL, 1, 0, true, NULL) ON CONFLICT (sku) DO UPDATE SET stock_quantity = EXCLUDED.stock_quantity, size = EXCLUDED.size, active = EXCLUDED.active;
INSERT INTO prices (variant_id, amount, currency) SELECT id, 5400, 'Br' FROM product_variants WHERE sku = 'SKU-67318' AND NOT EXISTS (SELECT 1 FROM prices WHERE variant_id = product_variants.id);
INSERT INTO product_variants (product_id, sku, size, color, stock_quantity, price_adjustment, active, image) VALUES (580, 'SKU-67319', 'JEANS M', NULL, 1, 0, true, NULL) ON CONFLICT (sku) DO UPDATE SET stock_quantity = EXCLUDED.stock_quantity, size = EXCLUDED.size, active = EXCLUDED.active;
INSERT INTO prices (variant_id, amount, currency) SELECT id, 5400, 'Br' FROM product_variants WHERE sku = 'SKU-67319' AND NOT EXISTS (SELECT 1 FROM prices WHERE variant_id = product_variants.id);
INSERT INTO product_images (product_id, url, position) VALUES (580, '/images/580/img_2892.jpg', 0) ON CONFLICT DO NOTHING;
INSERT INTO product_images (product_id, url, position) VALUES (580, '/images/580/img_2893.jpg', 1) ON CONFLICT DO NOTHING;
INSERT INTO products (id, title, slug, description, thumbnail, active, base_price) VALUES (581, 'High-Waist Straight-Leg Light Wash Jeans', 'high-waist-straight-leg-light-wash-jeans', '', '/images/581/img_2959-2.jpg', True, 5400) ON CONFLICT (id) DO UPDATE SET title = EXCLUDED.title, slug = EXCLUDED.slug, description = EXCLUDED.description, thumbnail = EXCLUDED.thumbnail, active = EXCLUDED.active, base_price = EXCLUDED.base_price;
INSERT INTO product_variants (product_id, sku, size, color, stock_quantity, price_adjustment, active, image) VALUES (581, 'SKU-67413', 'JEANS S', NULL, 1, 0, true, NULL) ON CONFLICT (sku) DO UPDATE SET stock_quantity = EXCLUDED.stock_quantity, size = EXCLUDED.size, active = EXCLUDED.active;
INSERT INTO prices (variant_id, amount, currency) SELECT id, 5400, 'Br' FROM product_variants WHERE sku = 'SKU-67413' AND NOT EXISTS (SELECT 1 FROM prices WHERE variant_id = product_variants.id);
INSERT INTO product_variants (product_id, sku, size, color, stock_quantity, price_adjustment, active, image) VALUES (581, 'SKU-67414', 'JEANS M', NULL, 1, 0, true, NULL) ON CONFLICT (sku) DO UPDATE SET stock_quantity = EXCLUDED.stock_quantity, size = EXCLUDED.size, active = EXCLUDED.active;
INSERT INTO prices (variant_id, amount, currency) SELECT id, 5400, 'Br' FROM product_variants WHERE sku = 'SKU-67414' AND NOT EXISTS (SELECT 1 FROM prices WHERE variant_id = product_variants.id);
INSERT INTO product_variants (product_id, sku, size, color, stock_quantity, price_adjustment, active, image) VALUES (581, 'SKU-67415', 'JEANS L', NULL, 1, 0, true, NULL) ON CONFLICT (sku) DO UPDATE SET stock_quantity = EXCLUDED.stock_quantity, size = EXCLUDED.size, active = EXCLUDED.active;
INSERT INTO prices (variant_id, amount, currency) SELECT id, 5400, 'Br' FROM product_variants WHERE sku = 'SKU-67415' AND NOT EXISTS (SELECT 1 FROM prices WHERE variant_id = product_variants.id);
INSERT INTO product_variants (product_id, sku, size, color, stock_quantity, price_adjustment, active, image) VALUES (581, 'SKU-67416', 'JEANS XL', NULL, 1, 0, true, NULL) ON CONFLICT (sku) DO UPDATE SET stock_quantity = EXCLUDED.stock_quantity, size = EXCLUDED.size, active = EXCLUDED.active;
INSERT INTO prices (variant_id, amount, currency) SELECT id, 5400, 'Br' FROM product_variants WHERE sku = 'SKU-67416' AND NOT EXISTS (SELECT 1 FROM prices WHERE variant_id = product_variants.id);
INSERT INTO product_variants (product_id, sku, size, color, stock_quantity, price_adjustment, active, image) VALUES (581, 'SKU-67417', 'JEANS 2XL', NULL, 1, 0, true, NULL) ON CONFLICT (sku) DO UPDATE SET stock_quantity = EXCLUDED.stock_quantity, size = EXCLUDED.size, active = EXCLUDED.active;
INSERT INTO prices (variant_id, amount, currency) SELECT id, 5400, 'Br' FROM product_variants WHERE sku = 'SKU-67417' AND NOT EXISTS (SELECT 1 FROM prices WHERE variant_id = product_variants.id);
INSERT INTO product_variants (product_id, sku, size, color, stock_quantity, price_adjustment, active, image) VALUES (581, 'SKU-67418', 'JEANS 3XL', NULL, 1, 0, true, NULL) ON CONFLICT (sku) DO UPDATE SET stock_quantity = EXCLUDED.stock_quantity, size = EXCLUDED.size, active = EXCLUDED.active;
INSERT INTO prices (variant_id, amount, currency) SELECT id, 5400, 'Br' FROM product_variants WHERE sku = 'SKU-67418' AND NOT EXISTS (SELECT 1 FROM prices WHERE variant_id = product_variants.id);
INSERT INTO product_images (product_id, url, position) VALUES (581, '/images/581/img_2959-2.jpg', 0) ON CONFLICT DO NOTHING;
INSERT INTO product_images (product_id, url, position) VALUES (581, '/images/581/img_2958-2.jpg', 1) ON CONFLICT DO NOTHING;
INSERT INTO product_images (product_id, url, position) VALUES (581, '/images/581/img_2960-2.jpg', 2) ON CONFLICT DO NOTHING;
INSERT INTO product_images (product_id, url, position) VALUES (581, '/images/581/img_2961.jpg', 3) ON CONFLICT DO NOTHING;
INSERT INTO products (id, title, slug, description, thumbnail, active, base_price) VALUES (582, 'Red Fitted Floor-Length Evening Dress', 'red-fitted-floor-length-evening-dress', '', '/images/582/img_2966-2.jpg', True, 5900) ON CONFLICT (id) DO UPDATE SET title = EXCLUDED.title, slug = EXCLUDED.slug, description = EXCLUDED.description, thumbnail = EXCLUDED.thumbnail, active = EXCLUDED.active, base_price = EXCLUDED.base_price;
INSERT INTO product_variants (product_id, sku, size, color, stock_quantity, price_adjustment, active, image) VALUES (582, 'SKU-67425', 'DRESS S', NULL, 1, 0, true, NULL) ON CONFLICT (sku) DO UPDATE SET stock_quantity = EXCLUDED.stock_quantity, size = EXCLUDED.size, active = EXCLUDED.active;
INSERT INTO prices (variant_id, amount, currency) SELECT id, 5900, 'Br' FROM product_variants WHERE sku = 'SKU-67425' AND NOT EXISTS (SELECT 1 FROM prices WHERE variant_id = product_variants.id);
INSERT INTO product_variants (product_id, sku, size, color, stock_quantity, price_adjustment, active, image) VALUES (582, 'SKU-67426', 'DRESS M', NULL, 1, 0, true, NULL) ON CONFLICT (sku) DO UPDATE SET stock_quantity = EXCLUDED.stock_quantity, size = EXCLUDED.size, active = EXCLUDED.active;
INSERT INTO prices (variant_id, amount, currency) SELECT id, 5900, 'Br' FROM product_variants WHERE sku = 'SKU-67426' AND NOT EXISTS (SELECT 1 FROM prices WHERE variant_id = product_variants.id);
INSERT INTO product_variants (product_id, sku, size, color, stock_quantity, price_adjustment, active, image) VALUES (582, 'SKU-67427', 'DRESS L', NULL, 1, 0, true, NULL) ON CONFLICT (sku) DO UPDATE SET stock_quantity = EXCLUDED.stock_quantity, size = EXCLUDED.size, active = EXCLUDED.active;
INSERT INTO prices (variant_id, amount, currency) SELECT id, 5900, 'Br' FROM product_variants WHERE sku = 'SKU-67427' AND NOT EXISTS (SELECT 1 FROM prices WHERE variant_id = product_variants.id);
INSERT INTO product_images (product_id, url, position) VALUES (582, '/images/582/img_2966-2.jpg', 0) ON CONFLICT DO NOTHING;
INSERT INTO product_images (product_id, url, position) VALUES (582, '/images/582/img_2964-2.jpg', 1) ON CONFLICT DO NOTHING;
INSERT INTO product_images (product_id, url, position) VALUES (582, '/images/582/img_2965.jpg', 2) ON CONFLICT DO NOTHING;
INSERT INTO products (id, title, slug, description, thumbnail, active, base_price) VALUES (583, 'Beige Pleated Lace Maxi Dress ', 'beige-pleated-lace-maxi-dress', '', '/images/583/img_2988-2.jpg', True, 4800) ON CONFLICT (id) DO UPDATE SET title = EXCLUDED.title, slug = EXCLUDED.slug, description = EXCLUDED.description, thumbnail = EXCLUDED.thumbnail, active = EXCLUDED.active, base_price = EXCLUDED.base_price;
INSERT INTO product_variants (product_id, sku, size, color, stock_quantity, price_adjustment, active, image) VALUES (583, 'SKU-67438', 'DRESS S', NULL, 1, 0, true, NULL) ON CONFLICT (sku) DO UPDATE SET stock_quantity = EXCLUDED.stock_quantity, size = EXCLUDED.size, active = EXCLUDED.active;
INSERT INTO prices (variant_id, amount, currency) SELECT id, 4800, 'Br' FROM product_variants WHERE sku = 'SKU-67438' AND NOT EXISTS (SELECT 1 FROM prices WHERE variant_id = product_variants.id);
INSERT INTO product_variants (product_id, sku, size, color, stock_quantity, price_adjustment, active, image) VALUES (583, 'SKU-67439', 'DRESS M', NULL, 1, 0, true, NULL) ON CONFLICT (sku) DO UPDATE SET stock_quantity = EXCLUDED.stock_quantity, size = EXCLUDED.size, active = EXCLUDED.active;
INSERT INTO prices (variant_id, amount, currency) SELECT id, 4800, 'Br' FROM product_variants WHERE sku = 'SKU-67439' AND NOT EXISTS (SELECT 1 FROM prices WHERE variant_id = product_variants.id);
INSERT INTO product_variants (product_id, sku, size, color, stock_quantity, price_adjustment, active, image) VALUES (583, 'SKU-67440', 'DRESS L', NULL, 1, 0, true, NULL) ON CONFLICT (sku) DO UPDATE SET stock_quantity = EXCLUDED.stock_quantity, size = EXCLUDED.size, active = EXCLUDED.active;
INSERT INTO prices (variant_id, amount, currency) SELECT id, 4800, 'Br' FROM product_variants WHERE sku = 'SKU-67440' AND NOT EXISTS (SELECT 1 FROM prices WHERE variant_id = product_variants.id);
INSERT INTO product_images (product_id, url, position) VALUES (583, '/images/583/img_2988-2.jpg', 0) ON CONFLICT DO NOTHING;
INSERT INTO product_images (product_id, url, position) VALUES (583, '/images/583/img_2987-2.jpg', 1) ON CONFLICT DO NOTHING;
INSERT INTO product_images (product_id, url, position) VALUES (583, '/images/583/img_2990-2.jpg', 2) ON CONFLICT DO NOTHING;
INSERT INTO product_images (product_id, url, position) VALUES (583, '/images/583/img_2991-2.jpg', 3) ON CONFLICT DO NOTHING;
INSERT INTO product_images (product_id, url, position) VALUES (583, '/images/583/img_2989-2.jpg', 4) ON CONFLICT DO NOTHING;
INSERT INTO products (id, title, slug, description, thumbnail, active, base_price) VALUES (584, 'Celine Beige Cropped Cardigan with Front Pockets', 'celine-beige-cropped-cardigan-with-front-pockets', '', '/images/584/img_3015.jpg', True, 4800) ON CONFLICT (id) DO UPDATE SET title = EXCLUDED.title, slug = EXCLUDED.slug, description = EXCLUDED.description, thumbnail = EXCLUDED.thumbnail, active = EXCLUDED.active, base_price = EXCLUDED.base_price;
INSERT INTO product_variants (product_id, sku, size, color, stock_quantity, price_adjustment, active, image) VALUES (584, 'SKU-67458', 'JACK FREE', NULL, 1, 0, true, NULL) ON CONFLICT (sku) DO UPDATE SET stock_quantity = EXCLUDED.stock_quantity, size = EXCLUDED.size, active = EXCLUDED.active;
INSERT INTO prices (variant_id, amount, currency) SELECT id, 4800, 'Br' FROM product_variants WHERE sku = 'SKU-67458' AND NOT EXISTS (SELECT 1 FROM prices WHERE variant_id = product_variants.id);
INSERT INTO product_images (product_id, url, position) VALUES (584, '/images/584/img_3015.jpg', 0) ON CONFLICT DO NOTHING;
INSERT INTO product_images (product_id, url, position) VALUES (584, '/images/584/img_3014.jpg', 1) ON CONFLICT DO NOTHING;
INSERT INTO products (id, title, slug, description, thumbnail, active, base_price) VALUES (585, 'Black Sleeveless Pleated Mini Skirt Dress', 'black-sleeveless-pleated-mini-skirt-dress', '', '/images/585/img_2949.jpg', True, 5400) ON CONFLICT (id) DO UPDATE SET title = EXCLUDED.title, slug = EXCLUDED.slug, description = EXCLUDED.description, thumbnail = EXCLUDED.thumbnail, active = EXCLUDED.active, base_price = EXCLUDED.base_price;
INSERT INTO product_variants (product_id, sku, size, color, stock_quantity, price_adjustment, active, image) VALUES (585, 'SKU-67447', 'SKIRT FREE', NULL, 1, 0, true, NULL) ON CONFLICT (sku) DO UPDATE SET stock_quantity = EXCLUDED.stock_quantity, size = EXCLUDED.size, active = EXCLUDED.active;
INSERT INTO prices (variant_id, amount, currency) SELECT id, 5400, 'Br' FROM product_variants WHERE sku = 'SKU-67447' AND NOT EXISTS (SELECT 1 FROM prices WHERE variant_id = product_variants.id);
INSERT INTO product_images (product_id, url, position) VALUES (585, '/images/585/img_2949.jpg', 0) ON CONFLICT DO NOTHING;
INSERT INTO product_images (product_id, url, position) VALUES (585, '/images/585/img_2948.jpg', 1) ON CONFLICT DO NOTHING;
INSERT INTO product_images (product_id, url, position) VALUES (585, '/images/585/img_2947.jpg', 2) ON CONFLICT DO NOTHING;
INSERT INTO products (id, title, slug, description, thumbnail, active, base_price) VALUES (586, 'Elegant Chocolate Brown Draped Cape Mini Dress', 'elegant-chocolate-brown-draped-cape-mini-dress', '', '/images/586/img_3102.jpg', True, 5600) ON CONFLICT (id) DO UPDATE SET title = EXCLUDED.title, slug = EXCLUDED.slug, description = EXCLUDED.description, thumbnail = EXCLUDED.thumbnail, active = EXCLUDED.active, base_price = EXCLUDED.base_price;
INSERT INTO product_variants (product_id, sku, size, color, stock_quantity, price_adjustment, active, image) VALUES (586, 'SKU-67502', 'DRESS S', NULL, 1, 0, true, NULL) ON CONFLICT (sku) DO UPDATE SET stock_quantity = EXCLUDED.stock_quantity, size = EXCLUDED.size, active = EXCLUDED.active;
INSERT INTO prices (variant_id, amount, currency) SELECT id, 5600, 'Br' FROM product_variants WHERE sku = 'SKU-67502' AND NOT EXISTS (SELECT 1 FROM prices WHERE variant_id = product_variants.id);
INSERT INTO product_images (product_id, url, position) VALUES (586, '/images/586/img_3102.jpg', 0) ON CONFLICT DO NOTHING;
INSERT INTO product_images (product_id, url, position) VALUES (586, '/images/586/img_3103.jpg', 1) ON CONFLICT DO NOTHING;
INSERT INTO product_images (product_id, url, position) VALUES (586, '/images/586/img_3104-2.jpg', 2) ON CONFLICT DO NOTHING;
INSERT INTO product_images (product_id, url, position) VALUES (586, '/images/586/img_3101-2.jpg', 3) ON CONFLICT DO NOTHING;
INSERT INTO products (id, title, slug, description, thumbnail, active, base_price) VALUES (587, 'Classic Black Off-the-Shoulder Long-Sleeve Bodycon Mini Dress', 'classic-black-off-the-shoulder-long-sleeve-bodycon-mini-dress', '', '/images/587/o1cn01ptxy7c1yrvg3pcon7_2211316886632-0-cib.jpg', True, 4400) ON CONFLICT (id) DO UPDATE SET title = EXCLUDED.title, slug = EXCLUDED.slug, description = EXCLUDED.description, thumbnail = EXCLUDED.thumbnail, active = EXCLUDED.active, base_price = EXCLUDED.base_price;
INSERT INTO product_variants (product_id, sku, size, color, stock_quantity, price_adjustment, active, image) VALUES (587, 'SKU-67229', 'DRESS M', NULL, 1, 0, true, NULL) ON CONFLICT (sku) DO UPDATE SET stock_quantity = EXCLUDED.stock_quantity, size = EXCLUDED.size, active = EXCLUDED.active;
INSERT INTO prices (variant_id, amount, currency) SELECT id, 4400, 'Br' FROM product_variants WHERE sku = 'SKU-67229' AND NOT EXISTS (SELECT 1 FROM prices WHERE variant_id = product_variants.id);
INSERT INTO product_variants (product_id, sku, size, color, stock_quantity, price_adjustment, active, image) VALUES (587, 'SKU-67230', 'DRESS L', NULL, 1, 0, true, NULL) ON CONFLICT (sku) DO UPDATE SET stock_quantity = EXCLUDED.stock_quantity, size = EXCLUDED.size, active = EXCLUDED.active;
INSERT INTO prices (variant_id, amount, currency) SELECT id, 4400, 'Br' FROM product_variants WHERE sku = 'SKU-67230' AND NOT EXISTS (SELECT 1 FROM prices WHERE variant_id = product_variants.id);
INSERT INTO product_images (product_id, url, position) VALUES (587, '/images/587/o1cn01ptxy7c1yrvg3pcon7_2211316886632-0-cib.jpg', 0) ON CONFLICT DO NOTHING;
INSERT INTO product_images (product_id, url, position) VALUES (587, '/images/587/o1cn01sh1srs1yrvg2zeb9n_2211316886632-0-cib.jpg', 1) ON CONFLICT DO NOTHING;
INSERT INTO product_images (product_id, url, position) VALUES (587, '/images/587/o1cn01r6wbqc1yrvfximbll_2211316886632-0-cib.jpg', 2) ON CONFLICT DO NOTHING;
INSERT INTO products (id, title, slug, description, thumbnail, active, base_price) VALUES (588, 'Pale Blue Wash High-Waist Wide Leg Pleated Jeans', 'pale-blue-wash-high-waist-wide-leg-pleated-jeans', '', '/images/588/img_2833-2.jpg', True, 5400) ON CONFLICT (id) DO UPDATE SET title = EXCLUDED.title, slug = EXCLUDED.slug, description = EXCLUDED.description, thumbnail = EXCLUDED.thumbnail, active = EXCLUDED.active, base_price = EXCLUDED.base_price;
INSERT INTO product_variants (product_id, sku, size, color, stock_quantity, price_adjustment, active, image) VALUES (588, 'SKU-67314', 'JEANS S', NULL, 1, 0, true, NULL) ON CONFLICT (sku) DO UPDATE SET stock_quantity = EXCLUDED.stock_quantity, size = EXCLUDED.size, active = EXCLUDED.active;
INSERT INTO prices (variant_id, amount, currency) SELECT id, 5400, 'Br' FROM product_variants WHERE sku = 'SKU-67314' AND NOT EXISTS (SELECT 1 FROM prices WHERE variant_id = product_variants.id);
INSERT INTO product_variants (product_id, sku, size, color, stock_quantity, price_adjustment, active, image) VALUES (588, 'SKU-67315', 'JEANS M', NULL, 1, 0, true, NULL) ON CONFLICT (sku) DO UPDATE SET stock_quantity = EXCLUDED.stock_quantity, size = EXCLUDED.size, active = EXCLUDED.active;
INSERT INTO prices (variant_id, amount, currency) SELECT id, 5400, 'Br' FROM product_variants WHERE sku = 'SKU-67315' AND NOT EXISTS (SELECT 1 FROM prices WHERE variant_id = product_variants.id);
INSERT INTO product_variants (product_id, sku, size, color, stock_quantity, price_adjustment, active, image) VALUES (588, 'SKU-67316', 'JEANS L', NULL, 1, 0, true, NULL) ON CONFLICT (sku) DO UPDATE SET stock_quantity = EXCLUDED.stock_quantity, size = EXCLUDED.size, active = EXCLUDED.active;
INSERT INTO prices (variant_id, amount, currency) SELECT id, 5400, 'Br' FROM product_variants WHERE sku = 'SKU-67316' AND NOT EXISTS (SELECT 1 FROM prices WHERE variant_id = product_variants.id);
INSERT INTO product_variants (product_id, sku, size, color, stock_quantity, price_adjustment, active, image) VALUES (588, 'SKU-67317', 'JEANS XL', NULL, 1, 0, true, NULL) ON CONFLICT (sku) DO UPDATE SET stock_quantity = EXCLUDED.stock_quantity, size = EXCLUDED.size, active = EXCLUDED.active;
INSERT INTO prices (variant_id, amount, currency) SELECT id, 5400, 'Br' FROM product_variants WHERE sku = 'SKU-67317' AND NOT EXISTS (SELECT 1 FROM prices WHERE variant_id = product_variants.id);
INSERT INTO product_images (product_id, url, position) VALUES (588, '/images/588/img_2833-2.jpg', 0) ON CONFLICT DO NOTHING;
INSERT INTO product_images (product_id, url, position) VALUES (588, '/images/588/img_2834-2.jpg', 1) ON CONFLICT DO NOTHING;
INSERT INTO products (id, title, slug, description, thumbnail, active, base_price) VALUES (589, 'Trendy Denim Long Sleeve Jumpsuit', 'trendy-denim-long-sleeve-jumpsuit', '', '/images/589/img_2864.jpg', True, 7400) ON CONFLICT (id) DO UPDATE SET title = EXCLUDED.title, slug = EXCLUDED.slug, description = EXCLUDED.description, thumbnail = EXCLUDED.thumbnail, active = EXCLUDED.active, base_price = EXCLUDED.base_price;
INSERT INTO product_variants (product_id, sku, size, color, stock_quantity, price_adjustment, active, image) VALUES (589, 'SKU-67303', 'Trendy Denim Long Sleeve Jumpsuit S', NULL, 1, 0, true, NULL) ON CONFLICT (sku) DO UPDATE SET stock_quantity = EXCLUDED.stock_quantity, size = EXCLUDED.size, active = EXCLUDED.active;
INSERT INTO prices (variant_id, amount, currency) SELECT id, 7400, 'Br' FROM product_variants WHERE sku = 'SKU-67303' AND NOT EXISTS (SELECT 1 FROM prices WHERE variant_id = product_variants.id);
INSERT INTO product_variants (product_id, sku, size, color, stock_quantity, price_adjustment, active, image) VALUES (589, 'SKU-67304', 'Trendy Denim Long Sleeve Jumpsuit M', NULL, 1, 0, true, NULL) ON CONFLICT (sku) DO UPDATE SET stock_quantity = EXCLUDED.stock_quantity, size = EXCLUDED.size, active = EXCLUDED.active;
INSERT INTO prices (variant_id, amount, currency) SELECT id, 7400, 'Br' FROM product_variants WHERE sku = 'SKU-67304' AND NOT EXISTS (SELECT 1 FROM prices WHERE variant_id = product_variants.id);
INSERT INTO product_variants (product_id, sku, size, color, stock_quantity, price_adjustment, active, image) VALUES (589, 'SKU-67305', 'Trendy Denim Long Sleeve Jumpsuit L', NULL, 1, 0, true, NULL) ON CONFLICT (sku) DO UPDATE SET stock_quantity = EXCLUDED.stock_quantity, size = EXCLUDED.size, active = EXCLUDED.active;
INSERT INTO prices (variant_id, amount, currency) SELECT id, 7400, 'Br' FROM product_variants WHERE sku = 'SKU-67305' AND NOT EXISTS (SELECT 1 FROM prices WHERE variant_id = product_variants.id);
INSERT INTO product_variants (product_id, sku, size, color, stock_quantity, price_adjustment, active, image) VALUES (589, 'SKU-67306', 'Trendy Denim Long Sleeve Jumpsuit 2XL', NULL, 1, 0, true, NULL) ON CONFLICT (sku) DO UPDATE SET stock_quantity = EXCLUDED.stock_quantity, size = EXCLUDED.size, active = EXCLUDED.active;
INSERT INTO prices (variant_id, amount, currency) SELECT id, 7400, 'Br' FROM product_variants WHERE sku = 'SKU-67306' AND NOT EXISTS (SELECT 1 FROM prices WHERE variant_id = product_variants.id);
INSERT INTO product_variants (product_id, sku, size, color, stock_quantity, price_adjustment, active, image) VALUES (589, 'SKU-67307', 'Trendy Denim Long Sleeve Jumpsuit XL', NULL, 1, 0, true, NULL) ON CONFLICT (sku) DO UPDATE SET stock_quantity = EXCLUDED.stock_quantity, size = EXCLUDED.size, active = EXCLUDED.active;
INSERT INTO prices (variant_id, amount, currency) SELECT id, 7400, 'Br' FROM product_variants WHERE sku = 'SKU-67307' AND NOT EXISTS (SELECT 1 FROM prices WHERE variant_id = product_variants.id);
INSERT INTO product_variants (product_id, sku, size, color, stock_quantity, price_adjustment, active, image) VALUES (589, 'SKU-67308', 'Trendy Denim Long Sleeve Jumpsuit 3XL', NULL, 1, 0, true, NULL) ON CONFLICT (sku) DO UPDATE SET stock_quantity = EXCLUDED.stock_quantity, size = EXCLUDED.size, active = EXCLUDED.active;
INSERT INTO prices (variant_id, amount, currency) SELECT id, 7400, 'Br' FROM product_variants WHERE sku = 'SKU-67308' AND NOT EXISTS (SELECT 1 FROM prices WHERE variant_id = product_variants.id);
INSERT INTO product_images (product_id, url, position) VALUES (589, '/images/589/img_2864.jpg', 0) ON CONFLICT DO NOTHING;
INSERT INTO product_images (product_id, url, position) VALUES (589, '/images/589/img_2862.jpg', 1) ON CONFLICT DO NOTHING;
INSERT INTO products (id, title, slug, description, thumbnail, active, base_price) VALUES (590, 'Medium Blue Wash White Star Print Pattern Wide Leg Jeans', 'medium-blue-wash-white-star-print-pattern-wide-leg-jeans', '', '/images/590/img_2842.jpg', True, 5600) ON CONFLICT (id) DO UPDATE SET title = EXCLUDED.title, slug = EXCLUDED.slug, description = EXCLUDED.description, thumbnail = EXCLUDED.thumbnail, active = EXCLUDED.active, base_price = EXCLUDED.base_price;
INSERT INTO product_variants (product_id, sku, size, color, stock_quantity, price_adjustment, active, image) VALUES (590, 'SKU-67323', 'JEANS S', NULL, 1, 0, true, NULL) ON CONFLICT (sku) DO UPDATE SET stock_quantity = EXCLUDED.stock_quantity, size = EXCLUDED.size, active = EXCLUDED.active;
INSERT INTO prices (variant_id, amount, currency) SELECT id, 5600, 'Br' FROM product_variants WHERE sku = 'SKU-67323' AND NOT EXISTS (SELECT 1 FROM prices WHERE variant_id = product_variants.id);
INSERT INTO product_variants (product_id, sku, size, color, stock_quantity, price_adjustment, active, image) VALUES (590, 'SKU-67324', 'JEANS M', NULL, 1, 0, true, NULL) ON CONFLICT (sku) DO UPDATE SET stock_quantity = EXCLUDED.stock_quantity, size = EXCLUDED.size, active = EXCLUDED.active;
INSERT INTO prices (variant_id, amount, currency) SELECT id, 5600, 'Br' FROM product_variants WHERE sku = 'SKU-67324' AND NOT EXISTS (SELECT 1 FROM prices WHERE variant_id = product_variants.id);
INSERT INTO product_variants (product_id, sku, size, color, stock_quantity, price_adjustment, active, image) VALUES (590, 'SKU-67325', 'JEANS L', NULL, 1, 0, true, NULL) ON CONFLICT (sku) DO UPDATE SET stock_quantity = EXCLUDED.stock_quantity, size = EXCLUDED.size, active = EXCLUDED.active;
INSERT INTO prices (variant_id, amount, currency) SELECT id, 5600, 'Br' FROM product_variants WHERE sku = 'SKU-67325' AND NOT EXISTS (SELECT 1 FROM prices WHERE variant_id = product_variants.id);
INSERT INTO product_images (product_id, url, position) VALUES (590, '/images/590/img_2842.jpg', 0) ON CONFLICT DO NOTHING;
INSERT INTO product_images (product_id, url, position) VALUES (590, '/images/590/img_2843.jpg', 1) ON CONFLICT DO NOTHING;
INSERT INTO product_images (product_id, url, position) VALUES (590, '/images/590/img_2844.jpg', 2) ON CONFLICT DO NOTHING;
INSERT INTO products (id, title, slug, description, thumbnail, active, base_price) VALUES (591, 'White High-Waist Maxi Skirt ', 'white-high-waist-maxi-skirt', '', '/images/591/imgi_4_03-20-25_s3_2_js17875_white_zsr_cxb_js_11-03-17_23882_cm.jpg', True, 4400) ON CONFLICT (id) DO UPDATE SET title = EXCLUDED.title, slug = EXCLUDED.slug, description = EXCLUDED.description, thumbnail = EXCLUDED.thumbnail, active = EXCLUDED.active, base_price = EXCLUDED.base_price;
INSERT INTO product_variants (product_id, sku, size, color, stock_quantity, price_adjustment, active, image) VALUES (591, 'SKU-67175', 'SKIRT M', NULL, 1, 0, true, NULL) ON CONFLICT (sku) DO UPDATE SET stock_quantity = EXCLUDED.stock_quantity, size = EXCLUDED.size, active = EXCLUDED.active;
INSERT INTO prices (variant_id, amount, currency) SELECT id, 4400, 'Br' FROM product_variants WHERE sku = 'SKU-67175' AND NOT EXISTS (SELECT 1 FROM prices WHERE variant_id = product_variants.id);
INSERT INTO product_variants (product_id, sku, size, color, stock_quantity, price_adjustment, active, image) VALUES (591, 'SKU-67176', 'SKIRT L', NULL, 1, 0, true, NULL) ON CONFLICT (sku) DO UPDATE SET stock_quantity = EXCLUDED.stock_quantity, size = EXCLUDED.size, active = EXCLUDED.active;
INSERT INTO prices (variant_id, amount, currency) SELECT id, 4400, 'Br' FROM product_variants WHERE sku = 'SKU-67176' AND NOT EXISTS (SELECT 1 FROM prices WHERE variant_id = product_variants.id);
INSERT INTO product_images (product_id, url, position) VALUES (591, '/images/591/imgi_4_03-20-25_s3_2_js17875_white_zsr_cxb_js_11-03-17_23882_cm.jpg', 0) ON CONFLICT DO NOTHING;
INSERT INTO product_images (product_id, url, position) VALUES (591, '/images/591/imgi_4_03-20-25_s4_12_js17875_white_ae_pc_11-13-46_plus_0339_pxf.jpg', 1) ON CONFLICT DO NOTHING;
INSERT INTO product_images (product_id, url, position) VALUES (591, '/images/591/imgi_4_03-20-25_s4_12_js17875_white_ae_pc_11-13-35_plus_0336_pxf.jpg', 2) ON CONFLICT DO NOTHING;
INSERT INTO products (id, title, slug, description, thumbnail, active, base_price) VALUES (592, 'PLT Blush Pink Short-Sleeve Top and Short Set', 'plt-blush-pink-short-sleeve-top-and-short-set', '', '/images/592/img_1372-1.jpeg', True, 5400) ON CONFLICT (id) DO UPDATE SET title = EXCLUDED.title, slug = EXCLUDED.slug, description = EXCLUDED.description, thumbnail = EXCLUDED.thumbnail, active = EXCLUDED.active, base_price = EXCLUDED.base_price;
INSERT INTO product_variants (product_id, sku, size, color, stock_quantity, price_adjustment, active, image) VALUES (592, 'SKU-67165', 'SET XL', NULL, 1, 0, true, NULL) ON CONFLICT (sku) DO UPDATE SET stock_quantity = EXCLUDED.stock_quantity, size = EXCLUDED.size, active = EXCLUDED.active;
INSERT INTO prices (variant_id, amount, currency) SELECT id, 5400, 'Br' FROM product_variants WHERE sku = 'SKU-67165' AND NOT EXISTS (SELECT 1 FROM prices WHERE variant_id = product_variants.id);
INSERT INTO product_variants (product_id, sku, size, color, stock_quantity, price_adjustment, active, image) VALUES (592, 'SKU-67163', 'SET M', NULL, 1, 0, true, NULL) ON CONFLICT (sku) DO UPDATE SET stock_quantity = EXCLUDED.stock_quantity, size = EXCLUDED.size, active = EXCLUDED.active;
INSERT INTO prices (variant_id, amount, currency) SELECT id, 5400, 'Br' FROM product_variants WHERE sku = 'SKU-67163' AND NOT EXISTS (SELECT 1 FROM prices WHERE variant_id = product_variants.id);
INSERT INTO product_variants (product_id, sku, size, color, stock_quantity, price_adjustment, active, image) VALUES (592, 'SKU-67164', 'SET L', NULL, 1, 0, true, NULL) ON CONFLICT (sku) DO UPDATE SET stock_quantity = EXCLUDED.stock_quantity, size = EXCLUDED.size, active = EXCLUDED.active;
INSERT INTO prices (variant_id, amount, currency) SELECT id, 5400, 'Br' FROM product_variants WHERE sku = 'SKU-67164' AND NOT EXISTS (SELECT 1 FROM prices WHERE variant_id = product_variants.id);
INSERT INTO product_images (product_id, url, position) VALUES (592, '/images/592/img_1372-1.jpeg', 0) ON CONFLICT DO NOTHING;
INSERT INTO products (id, title, slug, description, thumbnail, active, base_price) VALUES (593, 'Side Slit Tank Rib Dress', 'side-slit-tank-rib-dress', '', '/images/593/img_0500-1.jpeg', True, 3800) ON CONFLICT (id) DO UPDATE SET title = EXCLUDED.title, slug = EXCLUDED.slug, description = EXCLUDED.description, thumbnail = EXCLUDED.thumbnail, active = EXCLUDED.active, base_price = EXCLUDED.base_price;
INSERT INTO product_variants (product_id, sku, size, color, stock_quantity, price_adjustment, active, image) VALUES (593, 'SKU-67140', 'DRESS S', NULL, 1, 0, true, NULL) ON CONFLICT (sku) DO UPDATE SET stock_quantity = EXCLUDED.stock_quantity, size = EXCLUDED.size, active = EXCLUDED.active;
INSERT INTO prices (variant_id, amount, currency) SELECT id, 3800, 'Br' FROM product_variants WHERE sku = 'SKU-67140' AND NOT EXISTS (SELECT 1 FROM prices WHERE variant_id = product_variants.id);
INSERT INTO product_variants (product_id, sku, size, color, stock_quantity, price_adjustment, active, image) VALUES (593, 'SKU-67141', 'DRESS M', NULL, 1, 0, true, NULL) ON CONFLICT (sku) DO UPDATE SET stock_quantity = EXCLUDED.stock_quantity, size = EXCLUDED.size, active = EXCLUDED.active;
INSERT INTO prices (variant_id, amount, currency) SELECT id, 3800, 'Br' FROM product_variants WHERE sku = 'SKU-67141' AND NOT EXISTS (SELECT 1 FROM prices WHERE variant_id = product_variants.id);
INSERT INTO product_variants (product_id, sku, size, color, stock_quantity, price_adjustment, active, image) VALUES (593, 'SKU-67142', 'DRESS 19', NULL, 1, 0, true, NULL) ON CONFLICT (sku) DO UPDATE SET stock_quantity = EXCLUDED.stock_quantity, size = EXCLUDED.size, active = EXCLUDED.active;
INSERT INTO prices (variant_id, amount, currency) SELECT id, 3800, 'Br' FROM product_variants WHERE sku = 'SKU-67142' AND NOT EXISTS (SELECT 1 FROM prices WHERE variant_id = product_variants.id);
INSERT INTO product_images (product_id, url, position) VALUES (593, '/images/593/img_0500-1.jpeg', 0) ON CONFLICT DO NOTHING;
INSERT INTO product_images (product_id, url, position) VALUES (593, '/images/593/img_0501.jpeg', 1) ON CONFLICT DO NOTHING;
INSERT INTO products (id, title, slug, description, thumbnail, active, base_price) VALUES (594, 'Black Strapless Maxi Dress', 'black-strapless-maxi-dress', '', '/images/594/imgi_4_5617_8_black-midi-dress-145x218.jpg', True, 3900) ON CONFLICT (id) DO UPDATE SET title = EXCLUDED.title, slug = EXCLUDED.slug, description = EXCLUDED.description, thumbnail = EXCLUDED.thumbnail, active = EXCLUDED.active, base_price = EXCLUDED.base_price;
INSERT INTO product_variants (product_id, sku, size, color, stock_quantity, price_adjustment, active, image) VALUES (594, 'SKU-67122', 'DRESS M', NULL, 1, 0, true, NULL) ON CONFLICT (sku) DO UPDATE SET stock_quantity = EXCLUDED.stock_quantity, size = EXCLUDED.size, active = EXCLUDED.active;
INSERT INTO prices (variant_id, amount, currency) SELECT id, 3900, 'Br' FROM product_variants WHERE sku = 'SKU-67122' AND NOT EXISTS (SELECT 1 FROM prices WHERE variant_id = product_variants.id);
INSERT INTO product_variants (product_id, sku, size, color, stock_quantity, price_adjustment, active, image) VALUES (594, 'SKU-67123', 'DRESS L', NULL, 1, 0, true, NULL) ON CONFLICT (sku) DO UPDATE SET stock_quantity = EXCLUDED.stock_quantity, size = EXCLUDED.size, active = EXCLUDED.active;
INSERT INTO prices (variant_id, amount, currency) SELECT id, 3900, 'Br' FROM product_variants WHERE sku = 'SKU-67123' AND NOT EXISTS (SELECT 1 FROM prices WHERE variant_id = product_variants.id);
INSERT INTO product_variants (product_id, sku, size, color, stock_quantity, price_adjustment, active, image) VALUES (594, 'SKU-67124', 'DRESS XL', NULL, 1, 0, true, NULL) ON CONFLICT (sku) DO UPDATE SET stock_quantity = EXCLUDED.stock_quantity, size = EXCLUDED.size, active = EXCLUDED.active;
INSERT INTO prices (variant_id, amount, currency) SELECT id, 3900, 'Br' FROM product_variants WHERE sku = 'SKU-67124' AND NOT EXISTS (SELECT 1 FROM prices WHERE variant_id = product_variants.id);
INSERT INTO product_images (product_id, url, position) VALUES (594, '/images/594/imgi_4_5617_8_black-midi-dress-145x218.jpg', 0) ON CONFLICT DO NOTHING;
INSERT INTO products (id, title, slug, description, thumbnail, active, base_price) VALUES (595, 'Classic Brown Solid Color Sleeveless Bodycon Dress - Cream', 'classic-brown-solid-color-sleeveless-bodycon-dress-cream', '', '/images/595/img_0333-1.jpeg', True, 3900) ON CONFLICT (id) DO UPDATE SET title = EXCLUDED.title, slug = EXCLUDED.slug, description = EXCLUDED.description, thumbnail = EXCLUDED.thumbnail, active = EXCLUDED.active, base_price = EXCLUDED.base_price;
INSERT INTO product_variants (product_id, sku, size, color, stock_quantity, price_adjustment, active, image) VALUES (595, 'SKU-67056', 'DRESS S', NULL, 1, 0, true, NULL) ON CONFLICT (sku) DO UPDATE SET stock_quantity = EXCLUDED.stock_quantity, size = EXCLUDED.size, active = EXCLUDED.active;
INSERT INTO prices (variant_id, amount, currency) SELECT id, 3900, 'Br' FROM product_variants WHERE sku = 'SKU-67056' AND NOT EXISTS (SELECT 1 FROM prices WHERE variant_id = product_variants.id);
INSERT INTO product_variants (product_id, sku, size, color, stock_quantity, price_adjustment, active, image) VALUES (595, 'SKU-67057', 'DRESS M', NULL, 1, 0, true, NULL) ON CONFLICT (sku) DO UPDATE SET stock_quantity = EXCLUDED.stock_quantity, size = EXCLUDED.size, active = EXCLUDED.active;
INSERT INTO prices (variant_id, amount, currency) SELECT id, 3900, 'Br' FROM product_variants WHERE sku = 'SKU-67057' AND NOT EXISTS (SELECT 1 FROM prices WHERE variant_id = product_variants.id);
INSERT INTO product_images (product_id, url, position) VALUES (595, '/images/595/img_0333-1.jpeg', 0) ON CONFLICT DO NOTHING;
INSERT INTO products (id, title, slug, description, thumbnail, active, base_price) VALUES (596, 'Active Wear High Quality Jumpsuit ', 'active-wear-high-quality-jumpsuit-2', '', '/images/596/img_0543.jpeg', True, 5900) ON CONFLICT (id) DO UPDATE SET title = EXCLUDED.title, slug = EXCLUDED.slug, description = EXCLUDED.description, thumbnail = EXCLUDED.thumbnail, active = EXCLUDED.active, base_price = EXCLUDED.base_price;
INSERT INTO product_variants (product_id, sku, size, color, stock_quantity, price_adjustment, active, image) VALUES (596, 'SKU-67046', 'Active Wear High Quality Jumpsuit S', NULL, 1, 0, true, NULL) ON CONFLICT (sku) DO UPDATE SET stock_quantity = EXCLUDED.stock_quantity, size = EXCLUDED.size, active = EXCLUDED.active;
INSERT INTO prices (variant_id, amount, currency) SELECT id, 5900, 'Br' FROM product_variants WHERE sku = 'SKU-67046' AND NOT EXISTS (SELECT 1 FROM prices WHERE variant_id = product_variants.id);
INSERT INTO product_images (product_id, url, position) VALUES (596, '/images/596/img_0543.jpeg', 0) ON CONFLICT DO NOTHING;
INSERT INTO product_images (product_id, url, position) VALUES (596, '/images/596/img_0544.jpeg', 1) ON CONFLICT DO NOTHING;
INSERT INTO products (id, title, slug, description, thumbnail, active, base_price) VALUES (597, 'Classic Black Fitted Short-Sleeve Crop Top', 'classic-black-fitted-short-sleeve-crop-top', '', '/images/597/img_1321__02.jpeg', True, 2800) ON CONFLICT (id) DO UPDATE SET title = EXCLUDED.title, slug = EXCLUDED.slug, description = EXCLUDED.description, thumbnail = EXCLUDED.thumbnail, active = EXCLUDED.active, base_price = EXCLUDED.base_price;
INSERT INTO product_variants (product_id, sku, size, color, stock_quantity, price_adjustment, active, image) VALUES (597, 'SKU-67059', 'TOP M', NULL, 1, 0, true, NULL) ON CONFLICT (sku) DO UPDATE SET stock_quantity = EXCLUDED.stock_quantity, size = EXCLUDED.size, active = EXCLUDED.active;
INSERT INTO prices (variant_id, amount, currency) SELECT id, 2800, 'Br' FROM product_variants WHERE sku = 'SKU-67059' AND NOT EXISTS (SELECT 1 FROM prices WHERE variant_id = product_variants.id);
INSERT INTO product_variants (product_id, sku, size, color, stock_quantity, price_adjustment, active, image) VALUES (597, 'SKU-67060', 'TOP L', NULL, 1, 0, true, NULL) ON CONFLICT (sku) DO UPDATE SET stock_quantity = EXCLUDED.stock_quantity, size = EXCLUDED.size, active = EXCLUDED.active;
INSERT INTO prices (variant_id, amount, currency) SELECT id, 2800, 'Br' FROM product_variants WHERE sku = 'SKU-67060' AND NOT EXISTS (SELECT 1 FROM prices WHERE variant_id = product_variants.id);
INSERT INTO product_images (product_id, url, position) VALUES (597, '/images/597/img_1321__02.jpeg', 0) ON CONFLICT DO NOTHING;
INSERT INTO products (id, title, slug, description, thumbnail, active, base_price) VALUES (598, 'Forever21 Pink and White Tiny Floral Print Racerback Sleeveless Bodysuit', 'forever21-pink-and-white-tiny-floral-print-racerback-sleeveless-bodysuit', '', '/images/598/photo_2025-11-03-18.06.09.jpeg', True, 2900) ON CONFLICT (id) DO UPDATE SET title = EXCLUDED.title, slug = EXCLUDED.slug, description = EXCLUDED.description, thumbnail = EXCLUDED.thumbnail, active = EXCLUDED.active, base_price = EXCLUDED.base_price;
INSERT INTO product_variants (product_id, sku, size, color, stock_quantity, price_adjustment, active, image) VALUES (598, 'SKU-67031', 'bodysuit M', NULL, 1, 0, true, NULL) ON CONFLICT (sku) DO UPDATE SET stock_quantity = EXCLUDED.stock_quantity, size = EXCLUDED.size, active = EXCLUDED.active;
INSERT INTO prices (variant_id, amount, currency) SELECT id, 2900, 'Br' FROM product_variants WHERE sku = 'SKU-67031' AND NOT EXISTS (SELECT 1 FROM prices WHERE variant_id = product_variants.id);
INSERT INTO product_images (product_id, url, position) VALUES (598, '/images/598/photo_2025-11-03-18.06.09.jpeg', 0) ON CONFLICT DO NOTHING;
INSERT INTO product_images (product_id, url, position) VALUES (598, '/images/598/photo_2025-11-03-18.06.12.jpeg', 1) ON CONFLICT DO NOTHING;
INSERT INTO product_images (product_id, url, position) VALUES (598, '/images/598/photo_2025-09-22-19.03.20.jpeg', 2) ON CONFLICT DO NOTHING;
INSERT INTO products (id, title, slug, description, thumbnail, active, base_price) VALUES (599, 'Forever21 Off-White Textured Fabric Criss-Cross Back Halter Bodysuit', 'forever21-off-white-textured-fabric-criss-cross-back-halter-bodysuit', '', '/images/599/photo_2025-09-24-17.20.28.jpeg', True, 2900) ON CONFLICT (id) DO UPDATE SET title = EXCLUDED.title, slug = EXCLUDED.slug, description = EXCLUDED.description, thumbnail = EXCLUDED.thumbnail, active = EXCLUDED.active, base_price = EXCLUDED.base_price;
INSERT INTO product_variants (product_id, sku, size, color, stock_quantity, price_adjustment, active, image) VALUES (599, 'SKU-66985', 'bodysuit S/M', NULL, 1, 0, true, NULL) ON CONFLICT (sku) DO UPDATE SET stock_quantity = EXCLUDED.stock_quantity, size = EXCLUDED.size, active = EXCLUDED.active;
INSERT INTO prices (variant_id, amount, currency) SELECT id, 2900, 'Br' FROM product_variants WHERE sku = 'SKU-66985' AND NOT EXISTS (SELECT 1 FROM prices WHERE variant_id = product_variants.id);
INSERT INTO product_images (product_id, url, position) VALUES (599, '/images/599/photo_2025-09-24-17.20.28.jpeg', 0) ON CONFLICT DO NOTHING;
INSERT INTO products (id, title, slug, description, thumbnail, active, base_price) VALUES (600, 'High-Waist Gray Flared Yoga Pants', 'high-waist-gray-flared-yoga-pants', '', '/images/600/img_0800.jpeg', True, 3200) ON CONFLICT (id) DO UPDATE SET title = EXCLUDED.title, slug = EXCLUDED.slug, description = EXCLUDED.description, thumbnail = EXCLUDED.thumbnail, active = EXCLUDED.active, base_price = EXCLUDED.base_price;
INSERT INTO product_variants (product_id, sku, size, color, stock_quantity, price_adjustment, active, image) VALUES (600, 'SKU-66803', 'active wear S', NULL, 1, 0, true, NULL) ON CONFLICT (sku) DO UPDATE SET stock_quantity = EXCLUDED.stock_quantity, size = EXCLUDED.size, active = EXCLUDED.active;
INSERT INTO prices (variant_id, amount, currency) SELECT id, 3200, 'Br' FROM product_variants WHERE sku = 'SKU-66803' AND NOT EXISTS (SELECT 1 FROM prices WHERE variant_id = product_variants.id);
INSERT INTO product_variants (product_id, sku, size, color, stock_quantity, price_adjustment, active, image) VALUES (600, 'SKU-66804', 'active wear L', NULL, 1, 0, true, NULL) ON CONFLICT (sku) DO UPDATE SET stock_quantity = EXCLUDED.stock_quantity, size = EXCLUDED.size, active = EXCLUDED.active;
INSERT INTO prices (variant_id, amount, currency) SELECT id, 3200, 'Br' FROM product_variants WHERE sku = 'SKU-66804' AND NOT EXISTS (SELECT 1 FROM prices WHERE variant_id = product_variants.id);
INSERT INTO product_images (product_id, url, position) VALUES (600, '/images/600/img_0800.jpeg', 0) ON CONFLICT DO NOTHING;
INSERT INTO product_images (product_id, url, position) VALUES (600, '/images/600/img_0802.jpeg', 1) ON CONFLICT DO NOTHING;
INSERT INTO product_images (product_id, url, position) VALUES (600, '/images/600/img_0801.jpeg', 2) ON CONFLICT DO NOTHING;
INSERT INTO product_images (product_id, url, position) VALUES (600, '/images/600/img_0803.jpeg', 3) ON CONFLICT DO NOTHING;
INSERT INTO products (id, title, slug, description, thumbnail, active, base_price) VALUES (601, 'YSL Sunset Medium Bag - White', 'ysl-sunset-medium-bag-white', '', '/images/601/img_1312.jpeg', True, 4800) ON CONFLICT (id) DO UPDATE SET title = EXCLUDED.title, slug = EXCLUDED.slug, description = EXCLUDED.description, thumbnail = EXCLUDED.thumbnail, active = EXCLUDED.active, base_price = EXCLUDED.base_price;
INSERT INTO product_variants (product_id, sku, size, color, stock_quantity, price_adjustment, active, image) VALUES (601, 'SKU-66852', 'YSL Sunset Medium Bag - White', NULL, 1, 0, true, NULL) ON CONFLICT (sku) DO UPDATE SET stock_quantity = EXCLUDED.stock_quantity, size = EXCLUDED.size, active = EXCLUDED.active;
INSERT INTO prices (variant_id, amount, currency) SELECT id, 4800, 'Br' FROM product_variants WHERE sku = 'SKU-66852' AND NOT EXISTS (SELECT 1 FROM prices WHERE variant_id = product_variants.id);
INSERT INTO product_images (product_id, url, position) VALUES (601, '/images/601/img_1312.jpeg', 0) ON CONFLICT DO NOTHING;
INSERT INTO products (id, title, slug, description, thumbnail, active, base_price) VALUES (602, 'Vibrant Multi-Color Tie-Dye High-Cut Bodysuit', 'vibrant-multi-color-tie-dye-high-cut-bodysuit', '', '/images/602/photo_2025-09-20-13.01.40.jpeg', True, 2900) ON CONFLICT (id) DO UPDATE SET title = EXCLUDED.title, slug = EXCLUDED.slug, description = EXCLUDED.description, thumbnail = EXCLUDED.thumbnail, active = EXCLUDED.active, base_price = EXCLUDED.base_price;
INSERT INTO product_variants (product_id, sku, size, color, stock_quantity, price_adjustment, active, image) VALUES (602, 'SKU-66969', 'bodysuit 1 M', NULL, 1, 0, true, NULL) ON CONFLICT (sku) DO UPDATE SET stock_quantity = EXCLUDED.stock_quantity, size = EXCLUDED.size, active = EXCLUDED.active;
INSERT INTO prices (variant_id, amount, currency) SELECT id, 2900, 'Br' FROM product_variants WHERE sku = 'SKU-66969' AND NOT EXISTS (SELECT 1 FROM prices WHERE variant_id = product_variants.id);
INSERT INTO product_images (product_id, url, position) VALUES (602, '/images/602/photo_2025-09-20-13.01.40.jpeg', 0) ON CONFLICT DO NOTHING;
INSERT INTO product_images (product_id, url, position) VALUES (602, '/images/602/vibrant-multi-color-tie-dye-high-cut-bodysuit.jpeg', 1) ON CONFLICT DO NOTHING;
INSERT INTO products (id, title, slug, description, thumbnail, active, base_price) VALUES (603, 'Hermes Amethyst Croc Tote Bag', 'hermes-amethyst-croc-tote-bag', '', '/images/603/img_3148__02.jpg', True, 6800) ON CONFLICT (id) DO UPDATE SET title = EXCLUDED.title, slug = EXCLUDED.slug, description = EXCLUDED.description, thumbnail = EXCLUDED.thumbnail, active = EXCLUDED.active, base_price = EXCLUDED.base_price;
INSERT INTO product_variants (product_id, sku, size, color, stock_quantity, price_adjustment, active, image) VALUES (603, 'SKU-67509', 'Hermes Amethyst Croc Tote Bag', NULL, 1, 0, true, NULL) ON CONFLICT (sku) DO UPDATE SET stock_quantity = EXCLUDED.stock_quantity, size = EXCLUDED.size, active = EXCLUDED.active;
INSERT INTO prices (variant_id, amount, currency) SELECT id, 6800, 'Br' FROM product_variants WHERE sku = 'SKU-67509' AND NOT EXISTS (SELECT 1 FROM prices WHERE variant_id = product_variants.id);
INSERT INTO product_images (product_id, url, position) VALUES (603, '/images/603/img_3148__02.jpg', 0) ON CONFLICT DO NOTHING;
INSERT INTO product_images (product_id, url, position) VALUES (603, '/images/603/img_3149.jpg', 1) ON CONFLICT DO NOTHING;
INSERT INTO products (id, title, slug, description, thumbnail, active, base_price) VALUES (604, 'Hermes Zest Lock Bag', 'hermes-zest-lock-bag', '', '/images/604/img_3113.jpg', True, 6800) ON CONFLICT (id) DO UPDATE SET title = EXCLUDED.title, slug = EXCLUDED.slug, description = EXCLUDED.description, thumbnail = EXCLUDED.thumbnail, active = EXCLUDED.active, base_price = EXCLUDED.base_price;
INSERT INTO product_variants (product_id, sku, size, color, stock_quantity, price_adjustment, active, image) VALUES (604, 'SKU-67510', 'Hermes Zest Lock Bag', NULL, 1, 0, true, NULL) ON CONFLICT (sku) DO UPDATE SET stock_quantity = EXCLUDED.stock_quantity, size = EXCLUDED.size, active = EXCLUDED.active;
INSERT INTO prices (variant_id, amount, currency) SELECT id, 6800, 'Br' FROM product_variants WHERE sku = 'SKU-67510' AND NOT EXISTS (SELECT 1 FROM prices WHERE variant_id = product_variants.id);
INSERT INTO product_images (product_id, url, position) VALUES (604, '/images/604/img_3113.jpg', 0) ON CONFLICT DO NOTHING;
INSERT INTO product_images (product_id, url, position) VALUES (604, '/images/604/img_3114.jpg', 1) ON CONFLICT DO NOTHING;
INSERT INTO products (id, title, slug, description, thumbnail, active, base_price) VALUES (605, 'Hermes Cherry Blossom Tote Bag', 'hermes-cherry-blossom-tote-bag', '', '/images/605/img_3138.jpg', True, 0) ON CONFLICT (id) DO UPDATE SET title = EXCLUDED.title, slug = EXCLUDED.slug, description = EXCLUDED.description, thumbnail = EXCLUDED.thumbnail, active = EXCLUDED.active, base_price = EXCLUDED.base_price;
INSERT INTO product_images (product_id, url, position) VALUES (605, '/images/605/img_3138.jpg', 0) ON CONFLICT DO NOTHING;
INSERT INTO products (id, title, slug, description, thumbnail, active, base_price) VALUES (606, 'ASICS GEL-KAHANA 8 Off-Road Sneaker', 'asics-gel-kahana-8-off-road-sneaker', '', '/images/606/img_3249.jpg', True, 8400) ON CONFLICT (id) DO UPDATE SET title = EXCLUDED.title, slug = EXCLUDED.slug, description = EXCLUDED.description, thumbnail = EXCLUDED.thumbnail, active = EXCLUDED.active, base_price = EXCLUDED.base_price;
INSERT INTO product_variants (product_id, sku, size, color, stock_quantity, price_adjustment, active, image) VALUES (606, 'SKU-67511', 'ASICS GEL-KAHANA 8 Off-Road Sneaker', NULL, 1, 0, true, NULL) ON CONFLICT (sku) DO UPDATE SET stock_quantity = EXCLUDED.stock_quantity, size = EXCLUDED.size, active = EXCLUDED.active;
INSERT INTO prices (variant_id, amount, currency) SELECT id, 8400, 'Br' FROM product_variants WHERE sku = 'SKU-67511' AND NOT EXISTS (SELECT 1 FROM prices WHERE variant_id = product_variants.id);
INSERT INTO product_images (product_id, url, position) VALUES (606, '/images/606/img_3249.jpg', 0) ON CONFLICT DO NOTHING;
INSERT INTO product_images (product_id, url, position) VALUES (606, '/images/606/photo_5785138089939372942_y.jpg', 1) ON CONFLICT DO NOTHING;
INSERT INTO products (id, title, slug, description, thumbnail, active, base_price) VALUES (607, 'New Balance Cloud 9060 Sneaker', 'new-balance-cloud-9060-sneaker', '', '/images/607/img_3202.jpg', True, 8400) ON CONFLICT (id) DO UPDATE SET title = EXCLUDED.title, slug = EXCLUDED.slug, description = EXCLUDED.description, thumbnail = EXCLUDED.thumbnail, active = EXCLUDED.active, base_price = EXCLUDED.base_price;
INSERT INTO product_variants (product_id, sku, size, color, stock_quantity, price_adjustment, active, image) VALUES (607, 'SKU-67512', 'New Balance Cloud 9060 Sneaker 36.5', NULL, 1, 0, true, NULL) ON CONFLICT (sku) DO UPDATE SET stock_quantity = EXCLUDED.stock_quantity, size = EXCLUDED.size, active = EXCLUDED.active;
INSERT INTO prices (variant_id, amount, currency) SELECT id, 8400, 'Br' FROM product_variants WHERE sku = 'SKU-67512' AND NOT EXISTS (SELECT 1 FROM prices WHERE variant_id = product_variants.id);
INSERT INTO product_images (product_id, url, position) VALUES (607, '/images/607/img_3202.jpg', 0) ON CONFLICT DO NOTHING;
INSERT INTO product_images (product_id, url, position) VALUES (607, '/images/607/img_3201.jpg', 1) ON CONFLICT DO NOTHING;
INSERT INTO products (id, title, slug, description, thumbnail, active, base_price) VALUES (608, 'New Balance Heritage Grey Sneaker', 'new-balance-heritage-grey-sneaker', '', '/images/608/img_3203.jpg', True, 8400) ON CONFLICT (id) DO UPDATE SET title = EXCLUDED.title, slug = EXCLUDED.slug, description = EXCLUDED.description, thumbnail = EXCLUDED.thumbnail, active = EXCLUDED.active, base_price = EXCLUDED.base_price;
INSERT INTO product_variants (product_id, sku, size, color, stock_quantity, price_adjustment, active, image) VALUES (608, 'SKU-67513', 'New Balance Heritage Grey Sneaker 36', NULL, 1, 0, true, NULL) ON CONFLICT (sku) DO UPDATE SET stock_quantity = EXCLUDED.stock_quantity, size = EXCLUDED.size, active = EXCLUDED.active;
INSERT INTO prices (variant_id, amount, currency) SELECT id, 8400, 'Br' FROM product_variants WHERE sku = 'SKU-67513' AND NOT EXISTS (SELECT 1 FROM prices WHERE variant_id = product_variants.id);
INSERT INTO product_images (product_id, url, position) VALUES (608, '/images/608/img_3203.jpg', 0) ON CONFLICT DO NOTHING;
INSERT INTO product_images (product_id, url, position) VALUES (608, '/images/608/img_3204.jpg', 1) ON CONFLICT DO NOTHING;
INSERT INTO product_images (product_id, url, position) VALUES (608, '/images/608/img_3205.jpg', 2) ON CONFLICT DO NOTHING;
INSERT INTO product_images (product_id, url, position) VALUES (608, '/images/608/img_3206.jpg', 3) ON CONFLICT DO NOTHING;
INSERT INTO products (id, title, slug, description, thumbnail, active, base_price) VALUES (609, 'Urban Trekker Sneaker', 'urban-trekker-sneaker', '', '/images/609/img_3247.jpg', True, 7900) ON CONFLICT (id) DO UPDATE SET title = EXCLUDED.title, slug = EXCLUDED.slug, description = EXCLUDED.description, thumbnail = EXCLUDED.thumbnail, active = EXCLUDED.active, base_price = EXCLUDED.base_price;
INSERT INTO product_variants (product_id, sku, size, color, stock_quantity, price_adjustment, active, image) VALUES (609, 'SKU-67514', 'Urban Trekker Sneaker 36', NULL, 1, 0, true, NULL) ON CONFLICT (sku) DO UPDATE SET stock_quantity = EXCLUDED.stock_quantity, size = EXCLUDED.size, active = EXCLUDED.active;
INSERT INTO prices (variant_id, amount, currency) SELECT id, 7900, 'Br' FROM product_variants WHERE sku = 'SKU-67514' AND NOT EXISTS (SELECT 1 FROM prices WHERE variant_id = product_variants.id);
INSERT INTO product_variants (product_id, sku, size, color, stock_quantity, price_adjustment, active, image) VALUES (609, 'SKU-67515', 'Urban Trekker Sneaker 37', NULL, 1, 0, true, NULL) ON CONFLICT (sku) DO UPDATE SET stock_quantity = EXCLUDED.stock_quantity, size = EXCLUDED.size, active = EXCLUDED.active;
INSERT INTO prices (variant_id, amount, currency) SELECT id, 7900, 'Br' FROM product_variants WHERE sku = 'SKU-67515' AND NOT EXISTS (SELECT 1 FROM prices WHERE variant_id = product_variants.id);
INSERT INTO product_variants (product_id, sku, size, color, stock_quantity, price_adjustment, active, image) VALUES (609, 'SKU-67516', 'Urban Trekker Sneaker 38', NULL, 1, 0, true, NULL) ON CONFLICT (sku) DO UPDATE SET stock_quantity = EXCLUDED.stock_quantity, size = EXCLUDED.size, active = EXCLUDED.active;
INSERT INTO prices (variant_id, amount, currency) SELECT id, 7900, 'Br' FROM product_variants WHERE sku = 'SKU-67516' AND NOT EXISTS (SELECT 1 FROM prices WHERE variant_id = product_variants.id);
INSERT INTO product_images (product_id, url, position) VALUES (609, '/images/609/img_3247.jpg', 0) ON CONFLICT DO NOTHING;
INSERT INTO product_images (product_id, url, position) VALUES (609, '/images/609/img_3245.jpg', 1) ON CONFLICT DO NOTHING;
INSERT INTO product_images (product_id, url, position) VALUES (609, '/images/609/img_3246.jpg', 2) ON CONFLICT DO NOTHING;
INSERT INTO products (id, title, slug, description, thumbnail, active, base_price) VALUES (610, 'Loro Piana Style Beige Suede Loafers - Nude', 'loro-piana-style-beige-suede-loafers-nude', '', '/images/610/img_3220.jpg', True, 5400) ON CONFLICT (id) DO UPDATE SET title = EXCLUDED.title, slug = EXCLUDED.slug, description = EXCLUDED.description, thumbnail = EXCLUDED.thumbnail, active = EXCLUDED.active, base_price = EXCLUDED.base_price;
INSERT INTO product_variants (product_id, sku, size, color, stock_quantity, price_adjustment, active, image) VALUES (610, 'SKU-67517', 'Loro Piana Style Beige Suede Loafers - Nude 36', NULL, 1, 0, true, NULL) ON CONFLICT (sku) DO UPDATE SET stock_quantity = EXCLUDED.stock_quantity, size = EXCLUDED.size, active = EXCLUDED.active;
INSERT INTO prices (variant_id, amount, currency) SELECT id, 5400, 'Br' FROM product_variants WHERE sku = 'SKU-67517' AND NOT EXISTS (SELECT 1 FROM prices WHERE variant_id = product_variants.id);
INSERT INTO product_variants (product_id, sku, size, color, stock_quantity, price_adjustment, active, image) VALUES (610, 'SKU-67518', 'Loro Piana Style Beige Suede Loafers - Nude 39', NULL, 1, 0, true, NULL) ON CONFLICT (sku) DO UPDATE SET stock_quantity = EXCLUDED.stock_quantity, size = EXCLUDED.size, active = EXCLUDED.active;
INSERT INTO prices (variant_id, amount, currency) SELECT id, 5400, 'Br' FROM product_variants WHERE sku = 'SKU-67518' AND NOT EXISTS (SELECT 1 FROM prices WHERE variant_id = product_variants.id);
INSERT INTO product_variants (product_id, sku, size, color, stock_quantity, price_adjustment, active, image) VALUES (610, 'SKU-67519', 'Loro Piana Style Beige Suede Loafers - Nude 40', NULL, 1, 0, true, NULL) ON CONFLICT (sku) DO UPDATE SET stock_quantity = EXCLUDED.stock_quantity, size = EXCLUDED.size, active = EXCLUDED.active;
INSERT INTO prices (variant_id, amount, currency) SELECT id, 5400, 'Br' FROM product_variants WHERE sku = 'SKU-67519' AND NOT EXISTS (SELECT 1 FROM prices WHERE variant_id = product_variants.id);
INSERT INTO product_images (product_id, url, position) VALUES (610, '/images/610/img_3220.jpg', 0) ON CONFLICT DO NOTHING;
INSERT INTO product_images (product_id, url, position) VALUES (610, '/images/610/img_3222.jpg', 1) ON CONFLICT DO NOTHING;
INSERT INTO product_images (product_id, url, position) VALUES (610, '/images/610/img_3217.jpg', 2) ON CONFLICT DO NOTHING;
INSERT INTO products (id, title, slug, description, thumbnail, active, base_price) VALUES (611, 'Loro Piana Style Beige Suede Loafers - Chocolate ', 'loro-piana-style-beige-suede-loafers-chocolate', '', '/images/611/img_3223.jpg', True, 5400) ON CONFLICT (id) DO UPDATE SET title = EXCLUDED.title, slug = EXCLUDED.slug, description = EXCLUDED.description, thumbnail = EXCLUDED.thumbnail, active = EXCLUDED.active, base_price = EXCLUDED.base_price;
INSERT INTO product_variants (product_id, sku, size, color, stock_quantity, price_adjustment, active, image) VALUES (611, 'SKU-67520', 'Loro Piana Style Beige Suede Loafers - Chocolate  36', NULL, 1, 0, true, NULL) ON CONFLICT (sku) DO UPDATE SET stock_quantity = EXCLUDED.stock_quantity, size = EXCLUDED.size, active = EXCLUDED.active;
INSERT INTO prices (variant_id, amount, currency) SELECT id, 5400, 'Br' FROM product_variants WHERE sku = 'SKU-67520' AND NOT EXISTS (SELECT 1 FROM prices WHERE variant_id = product_variants.id);
INSERT INTO product_variants (product_id, sku, size, color, stock_quantity, price_adjustment, active, image) VALUES (611, 'SKU-67521', 'Loro Piana Style Beige Suede Loafers - Chocolate  37', NULL, 1, 0, true, NULL) ON CONFLICT (sku) DO UPDATE SET stock_quantity = EXCLUDED.stock_quantity, size = EXCLUDED.size, active = EXCLUDED.active;
INSERT INTO prices (variant_id, amount, currency) SELECT id, 5400, 'Br' FROM product_variants WHERE sku = 'SKU-67521' AND NOT EXISTS (SELECT 1 FROM prices WHERE variant_id = product_variants.id);
INSERT INTO product_variants (product_id, sku, size, color, stock_quantity, price_adjustment, active, image) VALUES (611, 'SKU-67522', 'Loro Piana Style Beige Suede Loafers - Chocolate  38', NULL, 1, 0, true, NULL) ON CONFLICT (sku) DO UPDATE SET stock_quantity = EXCLUDED.stock_quantity, size = EXCLUDED.size, active = EXCLUDED.active;
INSERT INTO prices (variant_id, amount, currency) SELECT id, 5400, 'Br' FROM product_variants WHERE sku = 'SKU-67522' AND NOT EXISTS (SELECT 1 FROM prices WHERE variant_id = product_variants.id);
INSERT INTO product_variants (product_id, sku, size, color, stock_quantity, price_adjustment, active, image) VALUES (611, 'SKU-67523', 'Loro Piana Style Beige Suede Loafers - Chocolate  39', NULL, 1, 0, true, NULL) ON CONFLICT (sku) DO UPDATE SET stock_quantity = EXCLUDED.stock_quantity, size = EXCLUDED.size, active = EXCLUDED.active;
INSERT INTO prices (variant_id, amount, currency) SELECT id, 5400, 'Br' FROM product_variants WHERE sku = 'SKU-67523' AND NOT EXISTS (SELECT 1 FROM prices WHERE variant_id = product_variants.id);
INSERT INTO product_variants (product_id, sku, size, color, stock_quantity, price_adjustment, active, image) VALUES (611, 'SKU-67524', 'Loro Piana Style Beige Suede Loafers - Chocolate  40', NULL, 1, 0, true, NULL) ON CONFLICT (sku) DO UPDATE SET stock_quantity = EXCLUDED.stock_quantity, size = EXCLUDED.size, active = EXCLUDED.active;
INSERT INTO prices (variant_id, amount, currency) SELECT id, 5400, 'Br' FROM product_variants WHERE sku = 'SKU-67524' AND NOT EXISTS (SELECT 1 FROM prices WHERE variant_id = product_variants.id);
INSERT INTO product_images (product_id, url, position) VALUES (611, '/images/611/img_3223.jpg', 0) ON CONFLICT DO NOTHING;
INSERT INTO product_images (product_id, url, position) VALUES (611, '/images/611/img_3221.jpg', 1) ON CONFLICT DO NOTHING;
INSERT INTO products (id, title, slug, description, thumbnail, active, base_price) VALUES (612, 'Loro Piana Style Beige Suede Loafers -Mint', 'loro-piana-style-beige-suede-loafers-mint', '', '/images/612/img_3216.jpg', True, 0) ON CONFLICT (id) DO UPDATE SET title = EXCLUDED.title, slug = EXCLUDED.slug, description = EXCLUDED.description, thumbnail = EXCLUDED.thumbnail, active = EXCLUDED.active, base_price = EXCLUDED.base_price;
INSERT INTO product_images (product_id, url, position) VALUES (612, '/images/612/img_3216.jpg', 0) ON CONFLICT DO NOTHING;
INSERT INTO products (id, title, slug, description, thumbnail, active, base_price) VALUES (613, 'Velvet Mary Jane Flat', 'velvet-mary-jane-flat', '', '/images/613/img_3242.jpg', True, 5400) ON CONFLICT (id) DO UPDATE SET title = EXCLUDED.title, slug = EXCLUDED.slug, description = EXCLUDED.description, thumbnail = EXCLUDED.thumbnail, active = EXCLUDED.active, base_price = EXCLUDED.base_price;
INSERT INTO product_variants (product_id, sku, size, color, stock_quantity, price_adjustment, active, image) VALUES (613, 'SKU-67525', 'Velvet Mary Jane Flat 36', NULL, 1, 0, true, NULL) ON CONFLICT (sku) DO UPDATE SET stock_quantity = EXCLUDED.stock_quantity, size = EXCLUDED.size, active = EXCLUDED.active;
INSERT INTO prices (variant_id, amount, currency) SELECT id, 5400, 'Br' FROM product_variants WHERE sku = 'SKU-67525' AND NOT EXISTS (SELECT 1 FROM prices WHERE variant_id = product_variants.id);
INSERT INTO product_images (product_id, url, position) VALUES (613, '/images/613/img_3242.jpg', 0) ON CONFLICT DO NOTHING;
INSERT INTO product_images (product_id, url, position) VALUES (613, '/images/613/img_3243.jpg', 1) ON CONFLICT DO NOTHING;
INSERT INTO products (id, title, slug, description, thumbnail, active, base_price) VALUES (614, 'Quilted Starlight Mary Jane Flat Shoes', 'quilted-starlight-mary-jane-flat-shoes', '', '/images/614/img_3236.jpg', True, 4900) ON CONFLICT (id) DO UPDATE SET title = EXCLUDED.title, slug = EXCLUDED.slug, description = EXCLUDED.description, thumbnail = EXCLUDED.thumbnail, active = EXCLUDED.active, base_price = EXCLUDED.base_price;
INSERT INTO product_variants (product_id, sku, size, color, stock_quantity, price_adjustment, active, image) VALUES (614, 'SKU-67526', 'Quilted Starlight Mary Jane Flat Shoes 35', NULL, 1, 0, true, NULL) ON CONFLICT (sku) DO UPDATE SET stock_quantity = EXCLUDED.stock_quantity, size = EXCLUDED.size, active = EXCLUDED.active;
INSERT INTO prices (variant_id, amount, currency) SELECT id, 4900, 'Br' FROM product_variants WHERE sku = 'SKU-67526' AND NOT EXISTS (SELECT 1 FROM prices WHERE variant_id = product_variants.id);
INSERT INTO product_variants (product_id, sku, size, color, stock_quantity, price_adjustment, active, image) VALUES (614, 'SKU-67527', 'Quilted Starlight Mary Jane Flat Shoes 36', NULL, 1, 0, true, NULL) ON CONFLICT (sku) DO UPDATE SET stock_quantity = EXCLUDED.stock_quantity, size = EXCLUDED.size, active = EXCLUDED.active;
INSERT INTO prices (variant_id, amount, currency) SELECT id, 4900, 'Br' FROM product_variants WHERE sku = 'SKU-67527' AND NOT EXISTS (SELECT 1 FROM prices WHERE variant_id = product_variants.id);
INSERT INTO product_variants (product_id, sku, size, color, stock_quantity, price_adjustment, active, image) VALUES (614, 'SKU-67528', 'Quilted Starlight Mary Jane Flat Shoes 38', NULL, 1, 0, true, NULL) ON CONFLICT (sku) DO UPDATE SET stock_quantity = EXCLUDED.stock_quantity, size = EXCLUDED.size, active = EXCLUDED.active;
INSERT INTO prices (variant_id, amount, currency) SELECT id, 4900, 'Br' FROM product_variants WHERE sku = 'SKU-67528' AND NOT EXISTS (SELECT 1 FROM prices WHERE variant_id = product_variants.id);
INSERT INTO product_variants (product_id, sku, size, color, stock_quantity, price_adjustment, active, image) VALUES (614, 'SKU-67529', 'Quilted Starlight Mary Jane Flat Shoes 39', NULL, 1, 0, true, NULL) ON CONFLICT (sku) DO UPDATE SET stock_quantity = EXCLUDED.stock_quantity, size = EXCLUDED.size, active = EXCLUDED.active;
INSERT INTO prices (variant_id, amount, currency) SELECT id, 4900, 'Br' FROM product_variants WHERE sku = 'SKU-67529' AND NOT EXISTS (SELECT 1 FROM prices WHERE variant_id = product_variants.id);
INSERT INTO product_images (product_id, url, position) VALUES (614, '/images/614/img_3236.jpg', 0) ON CONFLICT DO NOTHING;
INSERT INTO product_images (product_id, url, position) VALUES (614, '/images/614/img_3238.jpg', 1) ON CONFLICT DO NOTHING;
INSERT INTO products (id, title, slug, description, thumbnail, active, base_price) VALUES (615, 'Heritage Denim Mary Jane Shoes', 'heritage-denim-mary-jane-shoes', '', '/images/615/img_3230.jpg', True, 4900) ON CONFLICT (id) DO UPDATE SET title = EXCLUDED.title, slug = EXCLUDED.slug, description = EXCLUDED.description, thumbnail = EXCLUDED.thumbnail, active = EXCLUDED.active, base_price = EXCLUDED.base_price;
INSERT INTO product_variants (product_id, sku, size, color, stock_quantity, price_adjustment, active, image) VALUES (615, 'SKU-67530', 'Heritage Denim Mary Jane Shoes 35', NULL, 1, 0, true, NULL) ON CONFLICT (sku) DO UPDATE SET stock_quantity = EXCLUDED.stock_quantity, size = EXCLUDED.size, active = EXCLUDED.active;
INSERT INTO prices (variant_id, amount, currency) SELECT id, 4900, 'Br' FROM product_variants WHERE sku = 'SKU-67530' AND NOT EXISTS (SELECT 1 FROM prices WHERE variant_id = product_variants.id);
INSERT INTO product_variants (product_id, sku, size, color, stock_quantity, price_adjustment, active, image) VALUES (615, 'SKU-67531', 'Heritage Denim Mary Jane Shoes 36', NULL, 1, 0, true, NULL) ON CONFLICT (sku) DO UPDATE SET stock_quantity = EXCLUDED.stock_quantity, size = EXCLUDED.size, active = EXCLUDED.active;
INSERT INTO prices (variant_id, amount, currency) SELECT id, 4900, 'Br' FROM product_variants WHERE sku = 'SKU-67531' AND NOT EXISTS (SELECT 1 FROM prices WHERE variant_id = product_variants.id);
INSERT INTO product_variants (product_id, sku, size, color, stock_quantity, price_adjustment, active, image) VALUES (615, 'SKU-67532', 'Heritage Denim Mary Jane Shoes 37', NULL, 1, 0, true, NULL) ON CONFLICT (sku) DO UPDATE SET stock_quantity = EXCLUDED.stock_quantity, size = EXCLUDED.size, active = EXCLUDED.active;
INSERT INTO prices (variant_id, amount, currency) SELECT id, 4900, 'Br' FROM product_variants WHERE sku = 'SKU-67532' AND NOT EXISTS (SELECT 1 FROM prices WHERE variant_id = product_variants.id);
INSERT INTO product_variants (product_id, sku, size, color, stock_quantity, price_adjustment, active, image) VALUES (615, 'SKU-67533', 'Heritage Denim Mary Jane Shoes 38', NULL, 1, 0, true, NULL) ON CONFLICT (sku) DO UPDATE SET stock_quantity = EXCLUDED.stock_quantity, size = EXCLUDED.size, active = EXCLUDED.active;
INSERT INTO prices (variant_id, amount, currency) SELECT id, 4900, 'Br' FROM product_variants WHERE sku = 'SKU-67533' AND NOT EXISTS (SELECT 1 FROM prices WHERE variant_id = product_variants.id);
INSERT INTO product_variants (product_id, sku, size, color, stock_quantity, price_adjustment, active, image) VALUES (615, 'SKU-67534', 'Heritage Denim Mary Jane Shoes 39', NULL, 1, 0, true, NULL) ON CONFLICT (sku) DO UPDATE SET stock_quantity = EXCLUDED.stock_quantity, size = EXCLUDED.size, active = EXCLUDED.active;
INSERT INTO prices (variant_id, amount, currency) SELECT id, 4900, 'Br' FROM product_variants WHERE sku = 'SKU-67534' AND NOT EXISTS (SELECT 1 FROM prices WHERE variant_id = product_variants.id);
INSERT INTO product_variants (product_id, sku, size, color, stock_quantity, price_adjustment, active, image) VALUES (615, 'SKU-67535', 'Heritage Denim Mary Jane Shoes 40', NULL, 1, 0, true, NULL) ON CONFLICT (sku) DO UPDATE SET stock_quantity = EXCLUDED.stock_quantity, size = EXCLUDED.size, active = EXCLUDED.active;
INSERT INTO prices (variant_id, amount, currency) SELECT id, 4900, 'Br' FROM product_variants WHERE sku = 'SKU-67535' AND NOT EXISTS (SELECT 1 FROM prices WHERE variant_id = product_variants.id);
INSERT INTO product_images (product_id, url, position) VALUES (615, '/images/615/img_3230.jpg', 0) ON CONFLICT DO NOTHING;
INSERT INTO product_images (product_id, url, position) VALUES (615, '/images/615/img_3232.jpg', 1) ON CONFLICT DO NOTHING;
INSERT INTO product_images (product_id, url, position) VALUES (615, '/images/615/img_3231.jpg', 2) ON CONFLICT DO NOTHING;
INSERT INTO product_images (product_id, url, position) VALUES (615, '/images/615/img_3233.jpg', 3) ON CONFLICT DO NOTHING;
INSERT INTO products (id, title, slug, description, thumbnail, active, base_price) VALUES (616, 'Patent Prima Ballerina Flat shoes', 'patent-prima-ballerina-flat-shoes', '', '/images/616/img_3200.jpg', True, 4800) ON CONFLICT (id) DO UPDATE SET title = EXCLUDED.title, slug = EXCLUDED.slug, description = EXCLUDED.description, thumbnail = EXCLUDED.thumbnail, active = EXCLUDED.active, base_price = EXCLUDED.base_price;
INSERT INTO product_variants (product_id, sku, size, color, stock_quantity, price_adjustment, active, image) VALUES (616, 'SKU-67536', 'Patent Prima Ballerina Flat shoes 36', NULL, 1, 0, true, NULL) ON CONFLICT (sku) DO UPDATE SET stock_quantity = EXCLUDED.stock_quantity, size = EXCLUDED.size, active = EXCLUDED.active;
INSERT INTO prices (variant_id, amount, currency) SELECT id, 4800, 'Br' FROM product_variants WHERE sku = 'SKU-67536' AND NOT EXISTS (SELECT 1 FROM prices WHERE variant_id = product_variants.id);
INSERT INTO product_variants (product_id, sku, size, color, stock_quantity, price_adjustment, active, image) VALUES (616, 'SKU-67537', 'Patent Prima Ballerina Flat shoes 38', NULL, 1, 0, true, NULL) ON CONFLICT (sku) DO UPDATE SET stock_quantity = EXCLUDED.stock_quantity, size = EXCLUDED.size, active = EXCLUDED.active;
INSERT INTO prices (variant_id, amount, currency) SELECT id, 4800, 'Br' FROM product_variants WHERE sku = 'SKU-67537' AND NOT EXISTS (SELECT 1 FROM prices WHERE variant_id = product_variants.id);
INSERT INTO product_variants (product_id, sku, size, color, stock_quantity, price_adjustment, active, image) VALUES (616, 'SKU-67538', 'Patent Prima Ballerina Flat shoes 39', NULL, 1, 0, true, NULL) ON CONFLICT (sku) DO UPDATE SET stock_quantity = EXCLUDED.stock_quantity, size = EXCLUDED.size, active = EXCLUDED.active;
INSERT INTO prices (variant_id, amount, currency) SELECT id, 4800, 'Br' FROM product_variants WHERE sku = 'SKU-67538' AND NOT EXISTS (SELECT 1 FROM prices WHERE variant_id = product_variants.id);
INSERT INTO product_variants (product_id, sku, size, color, stock_quantity, price_adjustment, active, image) VALUES (616, 'SKU-67539', 'Patent Prima Ballerina Flat shoes 40', NULL, 1, 0, true, NULL) ON CONFLICT (sku) DO UPDATE SET stock_quantity = EXCLUDED.stock_quantity, size = EXCLUDED.size, active = EXCLUDED.active;
INSERT INTO prices (variant_id, amount, currency) SELECT id, 4800, 'Br' FROM product_variants WHERE sku = 'SKU-67539' AND NOT EXISTS (SELECT 1 FROM prices WHERE variant_id = product_variants.id);
INSERT INTO product_images (product_id, url, position) VALUES (616, '/images/616/img_3200.jpg', 0) ON CONFLICT DO NOTHING;
INSERT INTO products (id, title, slug, description, thumbnail, active, base_price) VALUES (617, 'Lattice Comfort Clog Shoes', 'lattice-comfort-clog-shoes', '', '/images/617/img_3215.jpg', True, 5400) ON CONFLICT (id) DO UPDATE SET title = EXCLUDED.title, slug = EXCLUDED.slug, description = EXCLUDED.description, thumbnail = EXCLUDED.thumbnail, active = EXCLUDED.active, base_price = EXCLUDED.base_price;
INSERT INTO product_variants (product_id, sku, size, color, stock_quantity, price_adjustment, active, image) VALUES (617, 'SKU-67540', 'Lattice Comfort Clog Shoes 36', NULL, 1, 0, true, NULL) ON CONFLICT (sku) DO UPDATE SET stock_quantity = EXCLUDED.stock_quantity, size = EXCLUDED.size, active = EXCLUDED.active;
INSERT INTO prices (variant_id, amount, currency) SELECT id, 5400, 'Br' FROM product_variants WHERE sku = 'SKU-67540' AND NOT EXISTS (SELECT 1 FROM prices WHERE variant_id = product_variants.id);
INSERT INTO product_variants (product_id, sku, size, color, stock_quantity, price_adjustment, active, image) VALUES (617, 'SKU-67541', 'Lattice Comfort Clog Shoes 37', NULL, 1, 0, true, NULL) ON CONFLICT (sku) DO UPDATE SET stock_quantity = EXCLUDED.stock_quantity, size = EXCLUDED.size, active = EXCLUDED.active;
INSERT INTO prices (variant_id, amount, currency) SELECT id, 5400, 'Br' FROM product_variants WHERE sku = 'SKU-67541' AND NOT EXISTS (SELECT 1 FROM prices WHERE variant_id = product_variants.id);
INSERT INTO product_images (product_id, url, position) VALUES (617, '/images/617/img_3215.jpg', 0) ON CONFLICT DO NOTHING;
INSERT INTO products (id, title, slug, description, thumbnail, active, base_price) VALUES (618, 'Champagne Sparkle Heel', 'champagne-sparkle-heel', '', '/images/618/img_3187.jpg', True, 5600) ON CONFLICT (id) DO UPDATE SET title = EXCLUDED.title, slug = EXCLUDED.slug, description = EXCLUDED.description, thumbnail = EXCLUDED.thumbnail, active = EXCLUDED.active, base_price = EXCLUDED.base_price;
INSERT INTO product_variants (product_id, sku, size, color, stock_quantity, price_adjustment, active, image) VALUES (618, 'SKU-67542', 'Champagne Sparkle Heel 37', NULL, 1, 0, true, NULL) ON CONFLICT (sku) DO UPDATE SET stock_quantity = EXCLUDED.stock_quantity, size = EXCLUDED.size, active = EXCLUDED.active;
INSERT INTO prices (variant_id, amount, currency) SELECT id, 5600, 'Br' FROM product_variants WHERE sku = 'SKU-67542' AND NOT EXISTS (SELECT 1 FROM prices WHERE variant_id = product_variants.id);
INSERT INTO product_images (product_id, url, position) VALUES (618, '/images/618/img_3187.jpg', 0) ON CONFLICT DO NOTHING;
INSERT INTO product_images (product_id, url, position) VALUES (618, '/images/618/img_3189.jpg', 1) ON CONFLICT DO NOTHING;
INSERT INTO product_images (product_id, url, position) VALUES (618, '/images/618/img_3188.jpg', 2) ON CONFLICT DO NOTHING;
INSERT INTO products (id, title, slug, description, thumbnail, active, base_price) VALUES (619, 'Quilted Starlight  Black Mary Jane Flat ', 'quilted-starlight-black-mary-jane-flat', '', '/images/619/img_3234.jpg', True, 4900) ON CONFLICT (id) DO UPDATE SET title = EXCLUDED.title, slug = EXCLUDED.slug, description = EXCLUDED.description, thumbnail = EXCLUDED.thumbnail, active = EXCLUDED.active, base_price = EXCLUDED.base_price;
INSERT INTO product_variants (product_id, sku, size, color, stock_quantity, price_adjustment, active, image) VALUES (619, 'SKU-67543', 'Quilted Starlight  Black Mary Jane Flat  35', NULL, 1, 0, true, NULL) ON CONFLICT (sku) DO UPDATE SET stock_quantity = EXCLUDED.stock_quantity, size = EXCLUDED.size, active = EXCLUDED.active;
INSERT INTO prices (variant_id, amount, currency) SELECT id, 4900, 'Br' FROM product_variants WHERE sku = 'SKU-67543' AND NOT EXISTS (SELECT 1 FROM prices WHERE variant_id = product_variants.id);
INSERT INTO product_variants (product_id, sku, size, color, stock_quantity, price_adjustment, active, image) VALUES (619, 'SKU-67544', 'Quilted Starlight  Black Mary Jane Flat  36', NULL, 1, 0, true, NULL) ON CONFLICT (sku) DO UPDATE SET stock_quantity = EXCLUDED.stock_quantity, size = EXCLUDED.size, active = EXCLUDED.active;
INSERT INTO prices (variant_id, amount, currency) SELECT id, 4900, 'Br' FROM product_variants WHERE sku = 'SKU-67544' AND NOT EXISTS (SELECT 1 FROM prices WHERE variant_id = product_variants.id);
INSERT INTO product_variants (product_id, sku, size, color, stock_quantity, price_adjustment, active, image) VALUES (619, 'SKU-67545', 'Quilted Starlight  Black Mary Jane Flat  37', NULL, 1, 0, true, NULL) ON CONFLICT (sku) DO UPDATE SET stock_quantity = EXCLUDED.stock_quantity, size = EXCLUDED.size, active = EXCLUDED.active;
INSERT INTO prices (variant_id, amount, currency) SELECT id, 4900, 'Br' FROM product_variants WHERE sku = 'SKU-67545' AND NOT EXISTS (SELECT 1 FROM prices WHERE variant_id = product_variants.id);
INSERT INTO product_variants (product_id, sku, size, color, stock_quantity, price_adjustment, active, image) VALUES (619, 'SKU-67546', 'Quilted Starlight  Black Mary Jane Flat  39', NULL, 1, 0, true, NULL) ON CONFLICT (sku) DO UPDATE SET stock_quantity = EXCLUDED.stock_quantity, size = EXCLUDED.size, active = EXCLUDED.active;
INSERT INTO prices (variant_id, amount, currency) SELECT id, 4900, 'Br' FROM product_variants WHERE sku = 'SKU-67546' AND NOT EXISTS (SELECT 1 FROM prices WHERE variant_id = product_variants.id);
INSERT INTO product_images (product_id, url, position) VALUES (619, '/images/619/img_3234.jpg', 0) ON CONFLICT DO NOTHING;
INSERT INTO product_images (product_id, url, position) VALUES (619, '/images/619/img_3235.jpg', 1) ON CONFLICT DO NOTHING;
INSERT INTO product_images (product_id, url, position) VALUES (619, '/images/619/img_3237.jpg', 2) ON CONFLICT DO NOTHING;
INSERT INTO products (id, title, slug, description, thumbnail, active, base_price) VALUES (620, 'Nude Patent Ballerina Flat', 'nude-patent-ballerina-flat', '', '/images/620/img_3199.jpg', True, 4800) ON CONFLICT (id) DO UPDATE SET title = EXCLUDED.title, slug = EXCLUDED.slug, description = EXCLUDED.description, thumbnail = EXCLUDED.thumbnail, active = EXCLUDED.active, base_price = EXCLUDED.base_price;
INSERT INTO product_variants (product_id, sku, size, color, stock_quantity, price_adjustment, active, image) VALUES (620, 'SKU-67547', 'Nude Patent Ballerina Flat 36', NULL, 1, 0, true, NULL) ON CONFLICT (sku) DO UPDATE SET stock_quantity = EXCLUDED.stock_quantity, size = EXCLUDED.size, active = EXCLUDED.active;
INSERT INTO prices (variant_id, amount, currency) SELECT id, 4800, 'Br' FROM product_variants WHERE sku = 'SKU-67547' AND NOT EXISTS (SELECT 1 FROM prices WHERE variant_id = product_variants.id);
INSERT INTO product_variants (product_id, sku, size, color, stock_quantity, price_adjustment, active, image) VALUES (620, 'SKU-67548', 'Nude Patent Ballerina Flat 38', NULL, 1, 0, true, NULL) ON CONFLICT (sku) DO UPDATE SET stock_quantity = EXCLUDED.stock_quantity, size = EXCLUDED.size, active = EXCLUDED.active;
INSERT INTO prices (variant_id, amount, currency) SELECT id, 4800, 'Br' FROM product_variants WHERE sku = 'SKU-67548' AND NOT EXISTS (SELECT 1 FROM prices WHERE variant_id = product_variants.id);
INSERT INTO product_variants (product_id, sku, size, color, stock_quantity, price_adjustment, active, image) VALUES (620, 'SKU-67549', 'Nude Patent Ballerina Flat 39', NULL, 1, 0, true, NULL) ON CONFLICT (sku) DO UPDATE SET stock_quantity = EXCLUDED.stock_quantity, size = EXCLUDED.size, active = EXCLUDED.active;
INSERT INTO prices (variant_id, amount, currency) SELECT id, 4800, 'Br' FROM product_variants WHERE sku = 'SKU-67549' AND NOT EXISTS (SELECT 1 FROM prices WHERE variant_id = product_variants.id);
INSERT INTO product_variants (product_id, sku, size, color, stock_quantity, price_adjustment, active, image) VALUES (620, 'SKU-67550', 'Nude Patent Ballerina Flat 40', NULL, 1, 0, true, NULL) ON CONFLICT (sku) DO UPDATE SET stock_quantity = EXCLUDED.stock_quantity, size = EXCLUDED.size, active = EXCLUDED.active;
INSERT INTO prices (variant_id, amount, currency) SELECT id, 4800, 'Br' FROM product_variants WHERE sku = 'SKU-67550' AND NOT EXISTS (SELECT 1 FROM prices WHERE variant_id = product_variants.id);
INSERT INTO product_images (product_id, url, position) VALUES (620, '/images/620/img_3199.jpg', 0) ON CONFLICT DO NOTHING;
INSERT INTO products (id, title, slug, description, thumbnail, active, base_price) VALUES (621, 'Pistachio Blossom Flat', 'pistachio-blossom-flat', '', '/images/621/photo_5784999418330286862_y.jpg', True, 4900) ON CONFLICT (id) DO UPDATE SET title = EXCLUDED.title, slug = EXCLUDED.slug, description = EXCLUDED.description, thumbnail = EXCLUDED.thumbnail, active = EXCLUDED.active, base_price = EXCLUDED.base_price;
INSERT INTO product_variants (product_id, sku, size, color, stock_quantity, price_adjustment, active, image) VALUES (621, 'SKU-67551', 'Pistachio Blossom Flat 36', NULL, 1, 0, true, NULL) ON CONFLICT (sku) DO UPDATE SET stock_quantity = EXCLUDED.stock_quantity, size = EXCLUDED.size, active = EXCLUDED.active;
INSERT INTO prices (variant_id, amount, currency) SELECT id, 4900, 'Br' FROM product_variants WHERE sku = 'SKU-67551' AND NOT EXISTS (SELECT 1 FROM prices WHERE variant_id = product_variants.id);
INSERT INTO product_images (product_id, url, position) VALUES (621, '/images/621/photo_5784999418330286862_y.jpg', 0) ON CONFLICT DO NOTHING;
INSERT INTO products (id, title, slug, description, thumbnail, active, base_price) VALUES (622, 'Sexy Liquid Chrome Heel', 'sexy-liquid-chrome-heel', '', '/images/622/photo_5785138089939372979_x.jpg', True, 5800) ON CONFLICT (id) DO UPDATE SET title = EXCLUDED.title, slug = EXCLUDED.slug, description = EXCLUDED.description, thumbnail = EXCLUDED.thumbnail, active = EXCLUDED.active, base_price = EXCLUDED.base_price;
INSERT INTO product_variants (product_id, sku, size, color, stock_quantity, price_adjustment, active, image) VALUES (622, 'SKU-67552', 'Sexy Liquid Chrome Heel 36', NULL, 1, 0, true, NULL) ON CONFLICT (sku) DO UPDATE SET stock_quantity = EXCLUDED.stock_quantity, size = EXCLUDED.size, active = EXCLUDED.active;
INSERT INTO prices (variant_id, amount, currency) SELECT id, 5800, 'Br' FROM product_variants WHERE sku = 'SKU-67552' AND NOT EXISTS (SELECT 1 FROM prices WHERE variant_id = product_variants.id);
INSERT INTO product_variants (product_id, sku, size, color, stock_quantity, price_adjustment, active, image) VALUES (622, 'SKU-67553', 'Sexy Liquid Chrome Heel 38', NULL, 1, 0, true, NULL) ON CONFLICT (sku) DO UPDATE SET stock_quantity = EXCLUDED.stock_quantity, size = EXCLUDED.size, active = EXCLUDED.active;
INSERT INTO prices (variant_id, amount, currency) SELECT id, 5800, 'Br' FROM product_variants WHERE sku = 'SKU-67553' AND NOT EXISTS (SELECT 1 FROM prices WHERE variant_id = product_variants.id);
INSERT INTO product_variants (product_id, sku, size, color, stock_quantity, price_adjustment, active, image) VALUES (622, 'SKU-67554', 'Sexy Liquid Chrome Heel 39', NULL, 1, 0, true, NULL) ON CONFLICT (sku) DO UPDATE SET stock_quantity = EXCLUDED.stock_quantity, size = EXCLUDED.size, active = EXCLUDED.active;
INSERT INTO prices (variant_id, amount, currency) SELECT id, 5800, 'Br' FROM product_variants WHERE sku = 'SKU-67554' AND NOT EXISTS (SELECT 1 FROM prices WHERE variant_id = product_variants.id);
INSERT INTO product_images (product_id, url, position) VALUES (622, '/images/622/photo_5785138089939372979_x.jpg', 0) ON CONFLICT DO NOTHING;
INSERT INTO product_images (product_id, url, position) VALUES (622, '/images/622/photo_5785138089939372978_x.jpg', 1) ON CONFLICT DO NOTHING;
INSERT INTO product_images (product_id, url, position) VALUES (622, '/images/622/photo_5785138089939372976_x.jpg', 2) ON CONFLICT DO NOTHING;
INSERT INTO product_images (product_id, url, position) VALUES (622, '/images/622/photo_5785138089939372977_x.jpg', 3) ON CONFLICT DO NOTHING;
INSERT INTO products (id, title, slug, description, thumbnail, active, base_price) VALUES (623, 'Uptown V-Cut Slide Heel', 'uptown-v-cut-slide-heel', '', '/images/623/photo_5785138089939372961_x.jpg', True, 5400) ON CONFLICT (id) DO UPDATE SET title = EXCLUDED.title, slug = EXCLUDED.slug, description = EXCLUDED.description, thumbnail = EXCLUDED.thumbnail, active = EXCLUDED.active, base_price = EXCLUDED.base_price;
INSERT INTO product_variants (product_id, sku, size, color, stock_quantity, price_adjustment, active, image) VALUES (623, 'SKU-67555', 'Uptown V-Cut Slide Heel 40', NULL, 1, 0, true, NULL) ON CONFLICT (sku) DO UPDATE SET stock_quantity = EXCLUDED.stock_quantity, size = EXCLUDED.size, active = EXCLUDED.active;
INSERT INTO prices (variant_id, amount, currency) SELECT id, 5400, 'Br' FROM product_variants WHERE sku = 'SKU-67555' AND NOT EXISTS (SELECT 1 FROM prices WHERE variant_id = product_variants.id);
INSERT INTO product_images (product_id, url, position) VALUES (623, '/images/623/photo_5785138089939372961_x.jpg', 0) ON CONFLICT DO NOTHING;
INSERT INTO product_images (product_id, url, position) VALUES (623, '/images/623/photo_5785138089939372963_x.jpg', 1) ON CONFLICT DO NOTHING;
INSERT INTO product_images (product_id, url, position) VALUES (623, '/images/623/photo_5785138089939372964_x.jpg', 2) ON CONFLICT DO NOTHING;
INSERT INTO products (id, title, slug, description, thumbnail, active, base_price) VALUES (624, 'Noir Sparkle black Mary Jane flats', 'noir-sparkle-black-mary-jane-flats', '', '/images/624/photo_5785138089939372982_x__02.jpg', True, 4800) ON CONFLICT (id) DO UPDATE SET title = EXCLUDED.title, slug = EXCLUDED.slug, description = EXCLUDED.description, thumbnail = EXCLUDED.thumbnail, active = EXCLUDED.active, base_price = EXCLUDED.base_price;
INSERT INTO product_variants (product_id, sku, size, color, stock_quantity, price_adjustment, active, image) VALUES (624, 'SKU-67556', 'Noir Sparkle black Mary Jane flats 36', NULL, 1, 0, true, NULL) ON CONFLICT (sku) DO UPDATE SET stock_quantity = EXCLUDED.stock_quantity, size = EXCLUDED.size, active = EXCLUDED.active;
INSERT INTO prices (variant_id, amount, currency) SELECT id, 4800, 'Br' FROM product_variants WHERE sku = 'SKU-67556' AND NOT EXISTS (SELECT 1 FROM prices WHERE variant_id = product_variants.id);
INSERT INTO product_variants (product_id, sku, size, color, stock_quantity, price_adjustment, active, image) VALUES (624, 'SKU-67557', 'Noir Sparkle black Mary Jane flats 37', NULL, 1, 0, true, NULL) ON CONFLICT (sku) DO UPDATE SET stock_quantity = EXCLUDED.stock_quantity, size = EXCLUDED.size, active = EXCLUDED.active;
INSERT INTO prices (variant_id, amount, currency) SELECT id, 4800, 'Br' FROM product_variants WHERE sku = 'SKU-67557' AND NOT EXISTS (SELECT 1 FROM prices WHERE variant_id = product_variants.id);
INSERT INTO product_variants (product_id, sku, size, color, stock_quantity, price_adjustment, active, image) VALUES (624, 'SKU-67558', 'Noir Sparkle black Mary Jane flats 38', NULL, 1, 0, true, NULL) ON CONFLICT (sku) DO UPDATE SET stock_quantity = EXCLUDED.stock_quantity, size = EXCLUDED.size, active = EXCLUDED.active;
INSERT INTO prices (variant_id, amount, currency) SELECT id, 4800, 'Br' FROM product_variants WHERE sku = 'SKU-67558' AND NOT EXISTS (SELECT 1 FROM prices WHERE variant_id = product_variants.id);
INSERT INTO product_images (product_id, url, position) VALUES (624, '/images/624/photo_5785138089939372982_x__02.jpg', 0) ON CONFLICT DO NOTHING;
INSERT INTO product_images (product_id, url, position) VALUES (624, '/images/624/photo_5785138089939372980_x__02.jpg', 1) ON CONFLICT DO NOTHING;
INSERT INTO product_images (product_id, url, position) VALUES (624, '/images/624/photo_5785138089939372981_x__02.jpg', 2) ON CONFLICT DO NOTHING;
INSERT INTO products (id, title, slug, description, thumbnail, active, base_price) VALUES (625, 'Gold Buckle Sling Flat', 'gold-buckle-sling-flat', '', '/images/625/photo_5785138089939372951_x.jpg', True, 4800) ON CONFLICT (id) DO UPDATE SET title = EXCLUDED.title, slug = EXCLUDED.slug, description = EXCLUDED.description, thumbnail = EXCLUDED.thumbnail, active = EXCLUDED.active, base_price = EXCLUDED.base_price;
INSERT INTO product_variants (product_id, sku, size, color, stock_quantity, price_adjustment, active, image) VALUES (625, 'SKU-67559', 'Gold Buckle Sling Flat 36.5', NULL, 1, 0, true, NULL) ON CONFLICT (sku) DO UPDATE SET stock_quantity = EXCLUDED.stock_quantity, size = EXCLUDED.size, active = EXCLUDED.active;
INSERT INTO prices (variant_id, amount, currency) SELECT id, 4800, 'Br' FROM product_variants WHERE sku = 'SKU-67559' AND NOT EXISTS (SELECT 1 FROM prices WHERE variant_id = product_variants.id);
INSERT INTO product_variants (product_id, sku, size, color, stock_quantity, price_adjustment, active, image) VALUES (625, 'SKU-67560', 'Gold Buckle Sling Flat 37', NULL, 1, 0, true, NULL) ON CONFLICT (sku) DO UPDATE SET stock_quantity = EXCLUDED.stock_quantity, size = EXCLUDED.size, active = EXCLUDED.active;
INSERT INTO prices (variant_id, amount, currency) SELECT id, 4800, 'Br' FROM product_variants WHERE sku = 'SKU-67560' AND NOT EXISTS (SELECT 1 FROM prices WHERE variant_id = product_variants.id);
INSERT INTO product_variants (product_id, sku, size, color, stock_quantity, price_adjustment, active, image) VALUES (625, 'SKU-67561', 'Gold Buckle Sling Flat 38', NULL, 1, 0, true, NULL) ON CONFLICT (sku) DO UPDATE SET stock_quantity = EXCLUDED.stock_quantity, size = EXCLUDED.size, active = EXCLUDED.active;
INSERT INTO prices (variant_id, amount, currency) SELECT id, 4800, 'Br' FROM product_variants WHERE sku = 'SKU-67561' AND NOT EXISTS (SELECT 1 FROM prices WHERE variant_id = product_variants.id);
INSERT INTO product_variants (product_id, sku, size, color, stock_quantity, price_adjustment, active, image) VALUES (625, 'SKU-67562', 'Gold Buckle Sling Flat 39', NULL, 1, 0, true, NULL) ON CONFLICT (sku) DO UPDATE SET stock_quantity = EXCLUDED.stock_quantity, size = EXCLUDED.size, active = EXCLUDED.active;
INSERT INTO prices (variant_id, amount, currency) SELECT id, 4800, 'Br' FROM product_variants WHERE sku = 'SKU-67562' AND NOT EXISTS (SELECT 1 FROM prices WHERE variant_id = product_variants.id);
INSERT INTO product_images (product_id, url, position) VALUES (625, '/images/625/photo_5785138089939372951_x.jpg', 0) ON CONFLICT DO NOTHING;
INSERT INTO product_images (product_id, url, position) VALUES (625, '/images/625/photo_5785138089939372950_x.jpg', 1) ON CONFLICT DO NOTHING;
INSERT INTO products (id, title, slug, description, thumbnail, active, base_price) VALUES (626, 'Duo-Strap Ballerina Flat', 'duo-strap-ballerina-flat', '', '/images/626/photo_5785138089939372966_x.jpg', True, 4800) ON CONFLICT (id) DO UPDATE SET title = EXCLUDED.title, slug = EXCLUDED.slug, description = EXCLUDED.description, thumbnail = EXCLUDED.thumbnail, active = EXCLUDED.active, base_price = EXCLUDED.base_price;
INSERT INTO product_variants (product_id, sku, size, color, stock_quantity, price_adjustment, active, image) VALUES (626, 'SKU-67563', 'Duo-Strap Ballerina Flat 38', NULL, 1, 0, true, NULL) ON CONFLICT (sku) DO UPDATE SET stock_quantity = EXCLUDED.stock_quantity, size = EXCLUDED.size, active = EXCLUDED.active;
INSERT INTO prices (variant_id, amount, currency) SELECT id, 4800, 'Br' FROM product_variants WHERE sku = 'SKU-67563' AND NOT EXISTS (SELECT 1 FROM prices WHERE variant_id = product_variants.id);
INSERT INTO product_images (product_id, url, position) VALUES (626, '/images/626/photo_5785138089939372966_x.jpg', 0) ON CONFLICT DO NOTHING;
INSERT INTO products (id, title, slug, description, thumbnail, active, base_price) VALUES (627, 'Gilded Toe-Ring Flat', 'gilded-toe-ring-flat', '', '/images/627/photo_5785138089939372949_x.jpg', True, 3900) ON CONFLICT (id) DO UPDATE SET title = EXCLUDED.title, slug = EXCLUDED.slug, description = EXCLUDED.description, thumbnail = EXCLUDED.thumbnail, active = EXCLUDED.active, base_price = EXCLUDED.base_price;
INSERT INTO product_variants (product_id, sku, size, color, stock_quantity, price_adjustment, active, image) VALUES (627, 'SKU-67564', 'Gilded Toe-Ring Flat 36', NULL, 1, 0, true, NULL) ON CONFLICT (sku) DO UPDATE SET stock_quantity = EXCLUDED.stock_quantity, size = EXCLUDED.size, active = EXCLUDED.active;
INSERT INTO prices (variant_id, amount, currency) SELECT id, 3900, 'Br' FROM product_variants WHERE sku = 'SKU-67564' AND NOT EXISTS (SELECT 1 FROM prices WHERE variant_id = product_variants.id);
INSERT INTO product_variants (product_id, sku, size, color, stock_quantity, price_adjustment, active, image) VALUES (627, 'SKU-67565', 'Gilded Toe-Ring Flat 37', NULL, 1, 0, true, NULL) ON CONFLICT (sku) DO UPDATE SET stock_quantity = EXCLUDED.stock_quantity, size = EXCLUDED.size, active = EXCLUDED.active;
INSERT INTO prices (variant_id, amount, currency) SELECT id, 3900, 'Br' FROM product_variants WHERE sku = 'SKU-67565' AND NOT EXISTS (SELECT 1 FROM prices WHERE variant_id = product_variants.id);
INSERT INTO product_variants (product_id, sku, size, color, stock_quantity, price_adjustment, active, image) VALUES (627, 'SKU-67566', 'Gilded Toe-Ring Flat 38', NULL, 1, 0, true, NULL) ON CONFLICT (sku) DO UPDATE SET stock_quantity = EXCLUDED.stock_quantity, size = EXCLUDED.size, active = EXCLUDED.active;
INSERT INTO prices (variant_id, amount, currency) SELECT id, 3900, 'Br' FROM product_variants WHERE sku = 'SKU-67566' AND NOT EXISTS (SELECT 1 FROM prices WHERE variant_id = product_variants.id);
INSERT INTO product_variants (product_id, sku, size, color, stock_quantity, price_adjustment, active, image) VALUES (627, 'SKU-67567', 'Gilded Toe-Ring Flat 39', NULL, 1, 0, true, NULL) ON CONFLICT (sku) DO UPDATE SET stock_quantity = EXCLUDED.stock_quantity, size = EXCLUDED.size, active = EXCLUDED.active;
INSERT INTO prices (variant_id, amount, currency) SELECT id, 3900, 'Br' FROM product_variants WHERE sku = 'SKU-67567' AND NOT EXISTS (SELECT 1 FROM prices WHERE variant_id = product_variants.id);
INSERT INTO product_variants (product_id, sku, size, color, stock_quantity, price_adjustment, active, image) VALUES (627, 'SKU-67568', 'Gilded Toe-Ring Flat 40', NULL, 1, 0, true, NULL) ON CONFLICT (sku) DO UPDATE SET stock_quantity = EXCLUDED.stock_quantity, size = EXCLUDED.size, active = EXCLUDED.active;
INSERT INTO prices (variant_id, amount, currency) SELECT id, 3900, 'Br' FROM product_variants WHERE sku = 'SKU-67568' AND NOT EXISTS (SELECT 1 FROM prices WHERE variant_id = product_variants.id);
INSERT INTO product_images (product_id, url, position) VALUES (627, '/images/627/photo_5785138089939372949_x.jpg', 0) ON CONFLICT DO NOTHING;
INSERT INTO products (id, title, slug, description, thumbnail, active, base_price) VALUES (628, 'The Essential Ballerina  Flat Shoe', 'the-essential-ballerina-flat-shoe', '', '/images/628/photo_5785138089939372991_x.jpg', True, 4800) ON CONFLICT (id) DO UPDATE SET title = EXCLUDED.title, slug = EXCLUDED.slug, description = EXCLUDED.description, thumbnail = EXCLUDED.thumbnail, active = EXCLUDED.active, base_price = EXCLUDED.base_price;
INSERT INTO product_variants (product_id, sku, size, color, stock_quantity, price_adjustment, active, image) VALUES (628, 'SKU-67569', 'The Essential Ballerina  Flat Shoe 36', NULL, 1, 0, true, NULL) ON CONFLICT (sku) DO UPDATE SET stock_quantity = EXCLUDED.stock_quantity, size = EXCLUDED.size, active = EXCLUDED.active;
INSERT INTO prices (variant_id, amount, currency) SELECT id, 4800, 'Br' FROM product_variants WHERE sku = 'SKU-67569' AND NOT EXISTS (SELECT 1 FROM prices WHERE variant_id = product_variants.id);
INSERT INTO product_variants (product_id, sku, size, color, stock_quantity, price_adjustment, active, image) VALUES (628, 'SKU-67570', 'The Essential Ballerina  Flat Shoe 37', NULL, 1, 0, true, NULL) ON CONFLICT (sku) DO UPDATE SET stock_quantity = EXCLUDED.stock_quantity, size = EXCLUDED.size, active = EXCLUDED.active;
INSERT INTO prices (variant_id, amount, currency) SELECT id, 4800, 'Br' FROM product_variants WHERE sku = 'SKU-67570' AND NOT EXISTS (SELECT 1 FROM prices WHERE variant_id = product_variants.id);
INSERT INTO product_variants (product_id, sku, size, color, stock_quantity, price_adjustment, active, image) VALUES (628, 'SKU-67571', 'The Essential Ballerina  Flat Shoe 38', NULL, 1, 0, true, NULL) ON CONFLICT (sku) DO UPDATE SET stock_quantity = EXCLUDED.stock_quantity, size = EXCLUDED.size, active = EXCLUDED.active;
INSERT INTO prices (variant_id, amount, currency) SELECT id, 4800, 'Br' FROM product_variants WHERE sku = 'SKU-67571' AND NOT EXISTS (SELECT 1 FROM prices WHERE variant_id = product_variants.id);
INSERT INTO product_variants (product_id, sku, size, color, stock_quantity, price_adjustment, active, image) VALUES (628, 'SKU-67572', 'The Essential Ballerina  Flat Shoe 39', NULL, 1, 0, true, NULL) ON CONFLICT (sku) DO UPDATE SET stock_quantity = EXCLUDED.stock_quantity, size = EXCLUDED.size, active = EXCLUDED.active;
INSERT INTO prices (variant_id, amount, currency) SELECT id, 4800, 'Br' FROM product_variants WHERE sku = 'SKU-67572' AND NOT EXISTS (SELECT 1 FROM prices WHERE variant_id = product_variants.id);
INSERT INTO product_variants (product_id, sku, size, color, stock_quantity, price_adjustment, active, image) VALUES (628, 'SKU-67573', 'The Essential Ballerina  Flat Shoe 40', NULL, 1, 0, true, NULL) ON CONFLICT (sku) DO UPDATE SET stock_quantity = EXCLUDED.stock_quantity, size = EXCLUDED.size, active = EXCLUDED.active;
INSERT INTO prices (variant_id, amount, currency) SELECT id, 4800, 'Br' FROM product_variants WHERE sku = 'SKU-67573' AND NOT EXISTS (SELECT 1 FROM prices WHERE variant_id = product_variants.id);
INSERT INTO product_images (product_id, url, position) VALUES (628, '/images/628/photo_5785138089939372991_x.jpg', 0) ON CONFLICT DO NOTHING;
INSERT INTO products (id, title, slug, description, thumbnail, active, base_price) VALUES (629, 'Studded Suede Mary Jane Flats', 'studded-suede-mary-jane-flats', '', '/images/629/photo_5785138089939372993_y.jpg', True, 0) ON CONFLICT (id) DO UPDATE SET title = EXCLUDED.title, slug = EXCLUDED.slug, description = EXCLUDED.description, thumbnail = EXCLUDED.thumbnail, active = EXCLUDED.active, base_price = EXCLUDED.base_price;
INSERT INTO product_variants (product_id, sku, size, color, stock_quantity, price_adjustment, active, image) VALUES (629, 'SKU-67574', 'Studded Suede Mary Jane Flats 36', NULL, 1, 0, true, NULL) ON CONFLICT (sku) DO UPDATE SET stock_quantity = EXCLUDED.stock_quantity, size = EXCLUDED.size, active = EXCLUDED.active;
INSERT INTO prices (variant_id, amount, currency) SELECT id, 0, 'Br' FROM product_variants WHERE sku = 'SKU-67574' AND NOT EXISTS (SELECT 1 FROM prices WHERE variant_id = product_variants.id);
INSERT INTO product_variants (product_id, sku, size, color, stock_quantity, price_adjustment, active, image) VALUES (629, 'SKU-67575', 'Studded Suede Mary Jane Flats 38', NULL, 1, 0, true, NULL) ON CONFLICT (sku) DO UPDATE SET stock_quantity = EXCLUDED.stock_quantity, size = EXCLUDED.size, active = EXCLUDED.active;
INSERT INTO prices (variant_id, amount, currency) SELECT id, 0, 'Br' FROM product_variants WHERE sku = 'SKU-67575' AND NOT EXISTS (SELECT 1 FROM prices WHERE variant_id = product_variants.id);
INSERT INTO product_variants (product_id, sku, size, color, stock_quantity, price_adjustment, active, image) VALUES (629, 'SKU-67576', 'Studded Suede Mary Jane Flats 39', NULL, 1, 0, true, NULL) ON CONFLICT (sku) DO UPDATE SET stock_quantity = EXCLUDED.stock_quantity, size = EXCLUDED.size, active = EXCLUDED.active;
INSERT INTO prices (variant_id, amount, currency) SELECT id, 0, 'Br' FROM product_variants WHERE sku = 'SKU-67576' AND NOT EXISTS (SELECT 1 FROM prices WHERE variant_id = product_variants.id);
INSERT INTO product_variants (product_id, sku, size, color, stock_quantity, price_adjustment, active, image) VALUES (629, 'SKU-67577', 'Studded Suede Mary Jane Flats 40', NULL, 1, 0, true, NULL) ON CONFLICT (sku) DO UPDATE SET stock_quantity = EXCLUDED.stock_quantity, size = EXCLUDED.size, active = EXCLUDED.active;
INSERT INTO prices (variant_id, amount, currency) SELECT id, 0, 'Br' FROM product_variants WHERE sku = 'SKU-67577' AND NOT EXISTS (SELECT 1 FROM prices WHERE variant_id = product_variants.id);
INSERT INTO product_images (product_id, url, position) VALUES (629, '/images/629/photo_5785138089939372993_y.jpg', 0) ON CONFLICT DO NOTHING;
INSERT INTO product_images (product_id, url, position) VALUES (629, '/images/629/photo_5785138089939372992_y.jpg', 1) ON CONFLICT DO NOTHING;
INSERT INTO product_images (product_id, url, position) VALUES (629, '/images/629/photo_5785138089939372996_x.jpg', 2) ON CONFLICT DO NOTHING;
INSERT INTO products (id, title, slug, description, thumbnail, active, base_price) VALUES (630, 'Classic Check Structured Bag', 'classic-check-structured-bag', '', '/images/630/photo_5785138089939372941_x-1.jpg', True, 5600) ON CONFLICT (id) DO UPDATE SET title = EXCLUDED.title, slug = EXCLUDED.slug, description = EXCLUDED.description, thumbnail = EXCLUDED.thumbnail, active = EXCLUDED.active, base_price = EXCLUDED.base_price;
INSERT INTO product_variants (product_id, sku, size, color, stock_quantity, price_adjustment, active, image) VALUES (630, 'SKU-67578', 'Classic Check Structured Bag', NULL, 1, 0, true, NULL) ON CONFLICT (sku) DO UPDATE SET stock_quantity = EXCLUDED.stock_quantity, size = EXCLUDED.size, active = EXCLUDED.active;
INSERT INTO prices (variant_id, amount, currency) SELECT id, 5600, 'Br' FROM product_variants WHERE sku = 'SKU-67578' AND NOT EXISTS (SELECT 1 FROM prices WHERE variant_id = product_variants.id);
INSERT INTO product_images (product_id, url, position) VALUES (630, '/images/630/photo_5785138089939372941_x-1.jpg', 0) ON CONFLICT DO NOTHING;
INSERT INTO product_images (product_id, url, position) VALUES (630, '/images/630/photo_5785138089939372940_x.jpg', 1) ON CONFLICT DO NOTHING;
INSERT INTO product_images (product_id, url, position) VALUES (630, '/images/630/photo_5785138089939372939_x.jpg', 2) ON CONFLICT DO NOTHING;
INSERT INTO products (id, title, slug, description, thumbnail, active, base_price) VALUES (631, 'Ruby Croc-Embossed Structured Bag', 'ruby-croc-embossed-structured-bag', '', '/images/631/photo_5785138089939373080_x.jpg', True, 6800) ON CONFLICT (id) DO UPDATE SET title = EXCLUDED.title, slug = EXCLUDED.slug, description = EXCLUDED.description, thumbnail = EXCLUDED.thumbnail, active = EXCLUDED.active, base_price = EXCLUDED.base_price;
INSERT INTO product_variants (product_id, sku, size, color, stock_quantity, price_adjustment, active, image) VALUES (631, 'SKU-67579', 'Ruby Croc-Embossed Structured Bag', NULL, 1, 0, true, NULL) ON CONFLICT (sku) DO UPDATE SET stock_quantity = EXCLUDED.stock_quantity, size = EXCLUDED.size, active = EXCLUDED.active;
INSERT INTO prices (variant_id, amount, currency) SELECT id, 6800, 'Br' FROM product_variants WHERE sku = 'SKU-67579' AND NOT EXISTS (SELECT 1 FROM prices WHERE variant_id = product_variants.id);
INSERT INTO product_images (product_id, url, position) VALUES (631, '/images/631/photo_5785138089939373080_x.jpg', 0) ON CONFLICT DO NOTHING;
INSERT INTO product_images (product_id, url, position) VALUES (631, '/images/631/photo_5785138089939373079_x.jpg', 1) ON CONFLICT DO NOTHING;
INSERT INTO products (id, title, slug, description, thumbnail, active, base_price) VALUES (632, 'The Luxe Embossed Structured Handbag', 'the-luxe-embossed-structured-handbag', '', '/images/632/photo_5785138089939373042_x.jpg', True, 4500) ON CONFLICT (id) DO UPDATE SET title = EXCLUDED.title, slug = EXCLUDED.slug, description = EXCLUDED.description, thumbnail = EXCLUDED.thumbnail, active = EXCLUDED.active, base_price = EXCLUDED.base_price;
INSERT INTO product_variants (product_id, sku, size, color, stock_quantity, price_adjustment, active, image) VALUES (632, 'SKU-67580', 'The Luxe Embossed Structured Handbag', NULL, 1, 0, true, NULL) ON CONFLICT (sku) DO UPDATE SET stock_quantity = EXCLUDED.stock_quantity, size = EXCLUDED.size, active = EXCLUDED.active;
INSERT INTO prices (variant_id, amount, currency) SELECT id, 4500, 'Br' FROM product_variants WHERE sku = 'SKU-67580' AND NOT EXISTS (SELECT 1 FROM prices WHERE variant_id = product_variants.id);
INSERT INTO product_images (product_id, url, position) VALUES (632, '/images/632/photo_5785138089939373042_x.jpg', 0) ON CONFLICT DO NOTHING;
INSERT INTO product_images (product_id, url, position) VALUES (632, '/images/632/photo_5785138089939373041_x.jpg', 1) ON CONFLICT DO NOTHING;
INSERT INTO products (id, title, slug, description, thumbnail, active, base_price) VALUES (633, 'The Luxe Embossed Structured Bag', 'the-luxe-embossed-structured-bag', '', '/images/633/photo_5785138089939373046_x.jpg', True, 4500) ON CONFLICT (id) DO UPDATE SET title = EXCLUDED.title, slug = EXCLUDED.slug, description = EXCLUDED.description, thumbnail = EXCLUDED.thumbnail, active = EXCLUDED.active, base_price = EXCLUDED.base_price;
INSERT INTO product_variants (product_id, sku, size, color, stock_quantity, price_adjustment, active, image) VALUES (633, 'SKU-67581', 'The Luxe Embossed Structured Bag', NULL, 1, 0, true, NULL) ON CONFLICT (sku) DO UPDATE SET stock_quantity = EXCLUDED.stock_quantity, size = EXCLUDED.size, active = EXCLUDED.active;
INSERT INTO prices (variant_id, amount, currency) SELECT id, 4500, 'Br' FROM product_variants WHERE sku = 'SKU-67581' AND NOT EXISTS (SELECT 1 FROM prices WHERE variant_id = product_variants.id);
INSERT INTO product_images (product_id, url, position) VALUES (633, '/images/633/photo_5785138089939373046_x.jpg', 0) ON CONFLICT DO NOTHING;
INSERT INTO product_images (product_id, url, position) VALUES (633, '/images/633/photo_5785138089939373040_y.jpg', 1) ON CONFLICT DO NOTHING;
INSERT INTO products (id, title, slug, description, thumbnail, active, base_price) VALUES (634, 'The Luxe Embossed Structured Brown Bagbag', 'the-luxe-embossed-structured-brown-bagbag', '', '/images/634/photo_5785138089939373039_y.jpg', True, 4500) ON CONFLICT (id) DO UPDATE SET title = EXCLUDED.title, slug = EXCLUDED.slug, description = EXCLUDED.description, thumbnail = EXCLUDED.thumbnail, active = EXCLUDED.active, base_price = EXCLUDED.base_price;
INSERT INTO product_variants (product_id, sku, size, color, stock_quantity, price_adjustment, active, image) VALUES (634, 'SKU-67582', 'The Luxe Embossed Structured Brown Bagbag', NULL, 1, 0, true, NULL) ON CONFLICT (sku) DO UPDATE SET stock_quantity = EXCLUDED.stock_quantity, size = EXCLUDED.size, active = EXCLUDED.active;
INSERT INTO prices (variant_id, amount, currency) SELECT id, 4500, 'Br' FROM product_variants WHERE sku = 'SKU-67582' AND NOT EXISTS (SELECT 1 FROM prices WHERE variant_id = product_variants.id);
INSERT INTO product_images (product_id, url, position) VALUES (634, '/images/634/photo_5785138089939373039_y.jpg', 0) ON CONFLICT DO NOTHING;
INSERT INTO products (id, title, slug, description, thumbnail, active, base_price) VALUES (635, 'The Luxe Embossed Structured Burgundy Bag', 'the-luxe-embossed-structured-burgundy-bag', '', '/images/635/photo_5785138089939373038_y-1.jpg', True, 4500) ON CONFLICT (id) DO UPDATE SET title = EXCLUDED.title, slug = EXCLUDED.slug, description = EXCLUDED.description, thumbnail = EXCLUDED.thumbnail, active = EXCLUDED.active, base_price = EXCLUDED.base_price;
INSERT INTO product_variants (product_id, sku, size, color, stock_quantity, price_adjustment, active, image) VALUES (635, 'SKU-67583', 'The Luxe Embossed Structured Burgundy Bag', NULL, 1, 0, true, NULL) ON CONFLICT (sku) DO UPDATE SET stock_quantity = EXCLUDED.stock_quantity, size = EXCLUDED.size, active = EXCLUDED.active;
INSERT INTO prices (variant_id, amount, currency) SELECT id, 4500, 'Br' FROM product_variants WHERE sku = 'SKU-67583' AND NOT EXISTS (SELECT 1 FROM prices WHERE variant_id = product_variants.id);
INSERT INTO product_images (product_id, url, position) VALUES (635, '/images/635/photo_5785138089939373038_y-1.jpg', 0) ON CONFLICT DO NOTHING;
INSERT INTO product_images (product_id, url, position) VALUES (635, '/images/635/photo_5785138089939373035_x-1.jpg', 1) ON CONFLICT DO NOTHING;
INSERT INTO product_images (product_id, url, position) VALUES (635, '/images/635/photo_5785138089939373038_y.jpg', 2) ON CONFLICT DO NOTHING;
INSERT INTO products (id, title, slug, description, thumbnail, active, base_price) VALUES (636, 'Classic Top-Handle Red Bag', 'classic-top-handle-red-bag', '', '/images/636/photo_5785138089939373061_x.jpg', True, 6800) ON CONFLICT (id) DO UPDATE SET title = EXCLUDED.title, slug = EXCLUDED.slug, description = EXCLUDED.description, thumbnail = EXCLUDED.thumbnail, active = EXCLUDED.active, base_price = EXCLUDED.base_price;
INSERT INTO product_variants (product_id, sku, size, color, stock_quantity, price_adjustment, active, image) VALUES (636, 'SKU-67584', 'Classic Top-Handle Red Bag', NULL, 1, 0, true, NULL) ON CONFLICT (sku) DO UPDATE SET stock_quantity = EXCLUDED.stock_quantity, size = EXCLUDED.size, active = EXCLUDED.active;
INSERT INTO prices (variant_id, amount, currency) SELECT id, 6800, 'Br' FROM product_variants WHERE sku = 'SKU-67584' AND NOT EXISTS (SELECT 1 FROM prices WHERE variant_id = product_variants.id);
INSERT INTO product_images (product_id, url, position) VALUES (636, '/images/636/photo_5785138089939373061_x.jpg', 0) ON CONFLICT DO NOTHING;
INSERT INTO product_images (product_id, url, position) VALUES (636, '/images/636/photo_5785138089939373062_x.jpg', 1) ON CONFLICT DO NOTHING;
INSERT INTO product_images (product_id, url, position) VALUES (636, '/images/636/photo_5785138089939373060_x.jpg', 2) ON CONFLICT DO NOTHING;
INSERT INTO products (id, title, slug, description, thumbnail, active, base_price) VALUES (637, 'Classic Top-Handle Nude Bag', 'classic-top-handle-nude-bag', '', '/images/637/photo_5785138089939373065_x.jpg', True, 6800) ON CONFLICT (id) DO UPDATE SET title = EXCLUDED.title, slug = EXCLUDED.slug, description = EXCLUDED.description, thumbnail = EXCLUDED.thumbnail, active = EXCLUDED.active, base_price = EXCLUDED.base_price;
INSERT INTO product_variants (product_id, sku, size, color, stock_quantity, price_adjustment, active, image) VALUES (637, 'SKU-67585', 'Classic Top-Handle Nude Bag', NULL, 1, 0, true, NULL) ON CONFLICT (sku) DO UPDATE SET stock_quantity = EXCLUDED.stock_quantity, size = EXCLUDED.size, active = EXCLUDED.active;
INSERT INTO prices (variant_id, amount, currency) SELECT id, 6800, 'Br' FROM product_variants WHERE sku = 'SKU-67585' AND NOT EXISTS (SELECT 1 FROM prices WHERE variant_id = product_variants.id);
INSERT INTO product_images (product_id, url, position) VALUES (637, '/images/637/photo_5785138089939373065_x.jpg', 0) ON CONFLICT DO NOTHING;
INSERT INTO product_images (product_id, url, position) VALUES (637, '/images/637/photo_5785138089939373063_x.jpg', 1) ON CONFLICT DO NOTHING;
INSERT INTO product_images (product_id, url, position) VALUES (637, '/images/637/photo_5785138089939373066_x.jpg', 2) ON CONFLICT DO NOTHING;
INSERT INTO products (id, title, slug, description, thumbnail, active, base_price) VALUES (638, 'Tricolor Block Structured Satchel Bag', 'tricolor-block-structured-satchel-bag', '', '/images/638/photo_5785138089939373073_x.jpg', True, 4900) ON CONFLICT (id) DO UPDATE SET title = EXCLUDED.title, slug = EXCLUDED.slug, description = EXCLUDED.description, thumbnail = EXCLUDED.thumbnail, active = EXCLUDED.active, base_price = EXCLUDED.base_price;
INSERT INTO product_variants (product_id, sku, size, color, stock_quantity, price_adjustment, active, image) VALUES (638, 'SKU-67586', 'Tricolor Block Structured Satchel Bag', NULL, 1, 0, true, NULL) ON CONFLICT (sku) DO UPDATE SET stock_quantity = EXCLUDED.stock_quantity, size = EXCLUDED.size, active = EXCLUDED.active;
INSERT INTO prices (variant_id, amount, currency) SELECT id, 4900, 'Br' FROM product_variants WHERE sku = 'SKU-67586' AND NOT EXISTS (SELECT 1 FROM prices WHERE variant_id = product_variants.id);
INSERT INTO product_images (product_id, url, position) VALUES (638, '/images/638/photo_5785138089939373073_x.jpg', 0) ON CONFLICT DO NOTHING;
INSERT INTO product_images (product_id, url, position) VALUES (638, '/images/638/photo_5785138089939373075_x.jpg', 1) ON CONFLICT DO NOTHING;
INSERT INTO product_images (product_id, url, position) VALUES (638, '/images/638/photo_5785138089939373072_x.jpg', 2) ON CONFLICT DO NOTHING;
INSERT INTO products (id, title, slug, description, thumbnail, active, base_price) VALUES (639, 'Two-Tone White Alligator Top-Handle Bag', 'two-tone-white-alligator-top-handle-bag', '', '/images/639/photo_5785138089939373036_x.jpg', True, 6800) ON CONFLICT (id) DO UPDATE SET title = EXCLUDED.title, slug = EXCLUDED.slug, description = EXCLUDED.description, thumbnail = EXCLUDED.thumbnail, active = EXCLUDED.active, base_price = EXCLUDED.base_price;
INSERT INTO product_variants (product_id, sku, size, color, stock_quantity, price_adjustment, active, image) VALUES (639, 'SKU-67587', 'Two-Tone White Alligator Top-Handle Bag', NULL, 1, 0, true, NULL) ON CONFLICT (sku) DO UPDATE SET stock_quantity = EXCLUDED.stock_quantity, size = EXCLUDED.size, active = EXCLUDED.active;
INSERT INTO prices (variant_id, amount, currency) SELECT id, 6800, 'Br' FROM product_variants WHERE sku = 'SKU-67587' AND NOT EXISTS (SELECT 1 FROM prices WHERE variant_id = product_variants.id);
INSERT INTO product_images (product_id, url, position) VALUES (639, '/images/639/photo_5785138089939373036_x.jpg', 0) ON CONFLICT DO NOTHING;
INSERT INTO products (id, title, slug, description, thumbnail, active, base_price) VALUES (640, 'The Everyday Slouch Tote Bag', 'the-everyday-slouch-tote-bag', '', '/images/640/photo_5785138089939373055_x.jpg', True, 5400) ON CONFLICT (id) DO UPDATE SET title = EXCLUDED.title, slug = EXCLUDED.slug, description = EXCLUDED.description, thumbnail = EXCLUDED.thumbnail, active = EXCLUDED.active, base_price = EXCLUDED.base_price;
INSERT INTO product_variants (product_id, sku, size, color, stock_quantity, price_adjustment, active, image) VALUES (640, 'SKU-67588', 'The Everyday Slouch Tote Bag', NULL, 1, 0, true, NULL) ON CONFLICT (sku) DO UPDATE SET stock_quantity = EXCLUDED.stock_quantity, size = EXCLUDED.size, active = EXCLUDED.active;
INSERT INTO prices (variant_id, amount, currency) SELECT id, 5400, 'Br' FROM product_variants WHERE sku = 'SKU-67588' AND NOT EXISTS (SELECT 1 FROM prices WHERE variant_id = product_variants.id);
INSERT INTO product_images (product_id, url, position) VALUES (640, '/images/640/photo_5785138089939373055_x.jpg', 0) ON CONFLICT DO NOTHING;
INSERT INTO product_images (product_id, url, position) VALUES (640, '/images/640/photo_5785138089939373054_x.jpg', 1) ON CONFLICT DO NOTHING;
INSERT INTO product_images (product_id, url, position) VALUES (640, '/images/640/photo_5785138089939373056_x.jpg', 2) ON CONFLICT DO NOTHING;
INSERT INTO products (id, title, slug, description, thumbnail, active, base_price) VALUES (641, 'The Everyday Slouch Tote - Brown', 'the-everyday-slouch-tote-brown', '', '/images/641/photo_5785138089939373057_x.jpg', True, 5400) ON CONFLICT (id) DO UPDATE SET title = EXCLUDED.title, slug = EXCLUDED.slug, description = EXCLUDED.description, thumbnail = EXCLUDED.thumbnail, active = EXCLUDED.active, base_price = EXCLUDED.base_price;
INSERT INTO product_variants (product_id, sku, size, color, stock_quantity, price_adjustment, active, image) VALUES (641, 'SKU-67589', 'The Everyday Slouch Tote - Brown', NULL, 1, 0, true, NULL) ON CONFLICT (sku) DO UPDATE SET stock_quantity = EXCLUDED.stock_quantity, size = EXCLUDED.size, active = EXCLUDED.active;
INSERT INTO prices (variant_id, amount, currency) SELECT id, 5400, 'Br' FROM product_variants WHERE sku = 'SKU-67589' AND NOT EXISTS (SELECT 1 FROM prices WHERE variant_id = product_variants.id);
INSERT INTO product_images (product_id, url, position) VALUES (641, '/images/641/photo_5785138089939373057_x.jpg', 0) ON CONFLICT DO NOTHING;
INSERT INTO product_images (product_id, url, position) VALUES (641, '/images/641/photo_5785138089939373056_x.jpg', 1) ON CONFLICT DO NOTHING;
INSERT INTO products (id, title, slug, description, thumbnail, active, base_price) VALUES (642, 'Denim & Black Contrast Mini Satchel Bag', 'denim-black-contrast-mini-satchel-bag', '', '/images/642/photo_5785138089939373051_x.jpg', True, 4900) ON CONFLICT (id) DO UPDATE SET title = EXCLUDED.title, slug = EXCLUDED.slug, description = EXCLUDED.description, thumbnail = EXCLUDED.thumbnail, active = EXCLUDED.active, base_price = EXCLUDED.base_price;
INSERT INTO product_variants (product_id, sku, size, color, stock_quantity, price_adjustment, active, image) VALUES (642, 'SKU-67591', 'Denim & Black Contrast Mini Satchel Bag', NULL, 1, 0, true, NULL) ON CONFLICT (sku) DO UPDATE SET stock_quantity = EXCLUDED.stock_quantity, size = EXCLUDED.size, active = EXCLUDED.active;
INSERT INTO prices (variant_id, amount, currency) SELECT id, 4900, 'Br' FROM product_variants WHERE sku = 'SKU-67591' AND NOT EXISTS (SELECT 1 FROM prices WHERE variant_id = product_variants.id);
INSERT INTO product_images (product_id, url, position) VALUES (642, '/images/642/photo_5785138089939373051_x.jpg', 0) ON CONFLICT DO NOTHING;
INSERT INTO product_images (product_id, url, position) VALUES (642, '/images/642/photo_5785138089939373052_x.jpg', 1) ON CONFLICT DO NOTHING;
INSERT INTO product_images (product_id, url, position) VALUES (642, '/images/642/photo_5785138089939373048_x-1.jpg', 2) ON CONFLICT DO NOTHING;
INSERT INTO products (id, title, slug, description, thumbnail, active, base_price) VALUES (643, 'Denim & Brown Contrast Mini Satchel Bag', 'denim-brown-contrast-mini-satchel-bag', '', '/images/643/photo_5785138089939373050_x.jpg', True, 4900) ON CONFLICT (id) DO UPDATE SET title = EXCLUDED.title, slug = EXCLUDED.slug, description = EXCLUDED.description, thumbnail = EXCLUDED.thumbnail, active = EXCLUDED.active, base_price = EXCLUDED.base_price;
INSERT INTO product_variants (product_id, sku, size, color, stock_quantity, price_adjustment, active, image) VALUES (643, 'SKU-67592', 'Denim & Brown Contrast Mini Satchel Bag', NULL, 1, 0, true, NULL) ON CONFLICT (sku) DO UPDATE SET stock_quantity = EXCLUDED.stock_quantity, size = EXCLUDED.size, active = EXCLUDED.active;
INSERT INTO prices (variant_id, amount, currency) SELECT id, 4900, 'Br' FROM product_variants WHERE sku = 'SKU-67592' AND NOT EXISTS (SELECT 1 FROM prices WHERE variant_id = product_variants.id);
INSERT INTO product_images (product_id, url, position) VALUES (643, '/images/643/photo_5785138089939373050_x.jpg', 0) ON CONFLICT DO NOTHING;
INSERT INTO product_images (product_id, url, position) VALUES (643, '/images/643/photo_5785138089939373053_x.jpg', 1) ON CONFLICT DO NOTHING;
INSERT INTO product_images (product_id, url, position) VALUES (643, '/images/643/photo_5785138089939373047_x-1.jpg', 2) ON CONFLICT DO NOTHING;
INSERT INTO products (id, title, slug, description, thumbnail, active, base_price) VALUES (644, 'Leather Top Handle Bag - Black', 'leather-top-handle-bag-black', '', '/images/644/img_1052.jpeg', True, 4800) ON CONFLICT (id) DO UPDATE SET title = EXCLUDED.title, slug = EXCLUDED.slug, description = EXCLUDED.description, thumbnail = EXCLUDED.thumbnail, active = EXCLUDED.active, base_price = EXCLUDED.base_price;
INSERT INTO product_variants (product_id, sku, size, color, stock_quantity, price_adjustment, active, image) VALUES (644, 'SKU-66816', 'bag', NULL, 1, 0, true, NULL) ON CONFLICT (sku) DO UPDATE SET stock_quantity = EXCLUDED.stock_quantity, size = EXCLUDED.size, active = EXCLUDED.active;
INSERT INTO prices (variant_id, amount, currency) SELECT id, 4800, 'Br' FROM product_variants WHERE sku = 'SKU-66816' AND NOT EXISTS (SELECT 1 FROM prices WHERE variant_id = product_variants.id);
INSERT INTO product_images (product_id, url, position) VALUES (644, '/images/644/img_1052.jpeg', 0) ON CONFLICT DO NOTHING;
INSERT INTO product_images (product_id, url, position) VALUES (644, '/images/644/img_1049.jpeg', 1) ON CONFLICT DO NOTHING;
INSERT INTO products (id, title, slug, description, thumbnail, active, base_price) VALUES (645, 'Brown Strip Knit Polo Tee ', 'brown-strip-knit-polo-tee-1', '', '/images/645/img_2367.jpeg', True, 3500) ON CONFLICT (id) DO UPDATE SET title = EXCLUDED.title, slug = EXCLUDED.slug, description = EXCLUDED.description, thumbnail = EXCLUDED.thumbnail, active = EXCLUDED.active, base_price = EXCLUDED.base_price;
INSERT INTO product_variants (product_id, sku, size, color, stock_quantity, price_adjustment, active, image) VALUES (645, 'SKU-67593', 'Brown Strip Knit Polo Tee  FREE', NULL, 1, 0, true, NULL) ON CONFLICT (sku) DO UPDATE SET stock_quantity = EXCLUDED.stock_quantity, size = EXCLUDED.size, active = EXCLUDED.active;
INSERT INTO prices (variant_id, amount, currency) SELECT id, 3500, 'Br' FROM product_variants WHERE sku = 'SKU-67593' AND NOT EXISTS (SELECT 1 FROM prices WHERE variant_id = product_variants.id);
INSERT INTO product_images (product_id, url, position) VALUES (645, '/images/645/img_2367.jpeg', 0) ON CONFLICT DO NOTHING;
INSERT INTO product_images (product_id, url, position) VALUES (645, '/images/645/img_2368.jpeg', 1) ON CONFLICT DO NOTHING;
INSERT INTO products (id, title, slug, description, thumbnail, active, base_price) VALUES (646, 'Baby Corduroy Puffer Vest Set - Olive', 'baby-corduroy-puffer-vest-set-olive', '', '/images/646/photo_5792116823384853998_x.jpg', True, 490) ON CONFLICT (id) DO UPDATE SET title = EXCLUDED.title, slug = EXCLUDED.slug, description = EXCLUDED.description, thumbnail = EXCLUDED.thumbnail, active = EXCLUDED.active, base_price = EXCLUDED.base_price;
INSERT INTO product_variants (product_id, sku, size, color, stock_quantity, price_adjustment, active, image) VALUES (646, 'SKU-67594', 'Baby Corduroy Puffer Vest Set  0-3 M', NULL, 1, 0, true, NULL) ON CONFLICT (sku) DO UPDATE SET stock_quantity = EXCLUDED.stock_quantity, size = EXCLUDED.size, active = EXCLUDED.active;
INSERT INTO prices (variant_id, amount, currency) SELECT id, 490, 'Br' FROM product_variants WHERE sku = 'SKU-67594' AND NOT EXISTS (SELECT 1 FROM prices WHERE variant_id = product_variants.id);
INSERT INTO product_variants (product_id, sku, size, color, stock_quantity, price_adjustment, active, image) VALUES (646, 'SKU-67595', 'Baby Corduroy Puffer Vest Set  3-6 M', NULL, 1, 0, true, NULL) ON CONFLICT (sku) DO UPDATE SET stock_quantity = EXCLUDED.stock_quantity, size = EXCLUDED.size, active = EXCLUDED.active;
INSERT INTO prices (variant_id, amount, currency) SELECT id, 4900, 'Br' FROM product_variants WHERE sku = 'SKU-67595' AND NOT EXISTS (SELECT 1 FROM prices WHERE variant_id = product_variants.id);
INSERT INTO product_variants (product_id, sku, size, color, stock_quantity, price_adjustment, active, image) VALUES (646, 'SKU-67596', 'Baby Corduroy Puffer Vest Set  6-9 M', NULL, 1, 0, true, NULL) ON CONFLICT (sku) DO UPDATE SET stock_quantity = EXCLUDED.stock_quantity, size = EXCLUDED.size, active = EXCLUDED.active;
INSERT INTO prices (variant_id, amount, currency) SELECT id, 4900, 'Br' FROM product_variants WHERE sku = 'SKU-67596' AND NOT EXISTS (SELECT 1 FROM prices WHERE variant_id = product_variants.id);
INSERT INTO product_variants (product_id, sku, size, color, stock_quantity, price_adjustment, active, image) VALUES (646, 'SKU-67597', 'Baby Corduroy Puffer Vest Set  12 M', NULL, 1, 0, true, NULL) ON CONFLICT (sku) DO UPDATE SET stock_quantity = EXCLUDED.stock_quantity, size = EXCLUDED.size, active = EXCLUDED.active;
INSERT INTO prices (variant_id, amount, currency) SELECT id, 4900, 'Br' FROM product_variants WHERE sku = 'SKU-67597' AND NOT EXISTS (SELECT 1 FROM prices WHERE variant_id = product_variants.id);
INSERT INTO product_variants (product_id, sku, size, color, stock_quantity, price_adjustment, active, image) VALUES (646, 'SKU-67598', 'Baby Corduroy Puffer Vest Set  18 M', NULL, 1, 0, true, NULL) ON CONFLICT (sku) DO UPDATE SET stock_quantity = EXCLUDED.stock_quantity, size = EXCLUDED.size, active = EXCLUDED.active;
INSERT INTO prices (variant_id, amount, currency) SELECT id, 4900, 'Br' FROM product_variants WHERE sku = 'SKU-67598' AND NOT EXISTS (SELECT 1 FROM prices WHERE variant_id = product_variants.id);
INSERT INTO product_images (product_id, url, position) VALUES (646, '/images/646/photo_5792116823384853998_x.jpg', 0) ON CONFLICT DO NOTHING;
INSERT INTO product_images (product_id, url, position) VALUES (646, '/images/646/photo_5792116823384853999_x.jpg', 1) ON CONFLICT DO NOTHING;
INSERT INTO products (id, title, slug, description, thumbnail, active, base_price) VALUES (647, 'Khaki Puffer Vest and Fleece Pants Set ', 'khaki-puffer-vest-and-fleece-pants-set', '', '/images/647/photo_5792116823384854020_x.jpg', True, 4900) ON CONFLICT (id) DO UPDATE SET title = EXCLUDED.title, slug = EXCLUDED.slug, description = EXCLUDED.description, thumbnail = EXCLUDED.thumbnail, active = EXCLUDED.active, base_price = EXCLUDED.base_price;
INSERT INTO product_variants (product_id, sku, size, color, stock_quantity, price_adjustment, active, image) VALUES (647, 'SKU-67599', 'Khaki Puffer Vest and Fleece Pants Set  0-3 M', NULL, 1, 0, true, NULL) ON CONFLICT (sku) DO UPDATE SET stock_quantity = EXCLUDED.stock_quantity, size = EXCLUDED.size, active = EXCLUDED.active;
INSERT INTO prices (variant_id, amount, currency) SELECT id, 4900, 'Br' FROM product_variants WHERE sku = 'SKU-67599' AND NOT EXISTS (SELECT 1 FROM prices WHERE variant_id = product_variants.id);
INSERT INTO product_variants (product_id, sku, size, color, stock_quantity, price_adjustment, active, image) VALUES (647, 'SKU-67600', 'Khaki Puffer Vest and Fleece Pants Set  3-6 M', NULL, 1, 0, true, NULL) ON CONFLICT (sku) DO UPDATE SET stock_quantity = EXCLUDED.stock_quantity, size = EXCLUDED.size, active = EXCLUDED.active;
INSERT INTO prices (variant_id, amount, currency) SELECT id, 4900, 'Br' FROM product_variants WHERE sku = 'SKU-67600' AND NOT EXISTS (SELECT 1 FROM prices WHERE variant_id = product_variants.id);
INSERT INTO product_variants (product_id, sku, size, color, stock_quantity, price_adjustment, active, image) VALUES (647, 'SKU-67601', 'Khaki Puffer Vest and Fleece Pants Set  6-9 M', NULL, 1, 0, true, NULL) ON CONFLICT (sku) DO UPDATE SET stock_quantity = EXCLUDED.stock_quantity, size = EXCLUDED.size, active = EXCLUDED.active;
INSERT INTO prices (variant_id, amount, currency) SELECT id, 4900, 'Br' FROM product_variants WHERE sku = 'SKU-67601' AND NOT EXISTS (SELECT 1 FROM prices WHERE variant_id = product_variants.id);
INSERT INTO product_variants (product_id, sku, size, color, stock_quantity, price_adjustment, active, image) VALUES (647, 'SKU-67602', 'Khaki Puffer Vest and Fleece Pants Set  12 M', NULL, 1, 0, true, NULL) ON CONFLICT (sku) DO UPDATE SET stock_quantity = EXCLUDED.stock_quantity, size = EXCLUDED.size, active = EXCLUDED.active;
INSERT INTO prices (variant_id, amount, currency) SELECT id, 4900, 'Br' FROM product_variants WHERE sku = 'SKU-67602' AND NOT EXISTS (SELECT 1 FROM prices WHERE variant_id = product_variants.id);
INSERT INTO product_variants (product_id, sku, size, color, stock_quantity, price_adjustment, active, image) VALUES (647, 'SKU-67603', 'Khaki Puffer Vest and Fleece Pants Set  18 M', NULL, 1, 0, true, NULL) ON CONFLICT (sku) DO UPDATE SET stock_quantity = EXCLUDED.stock_quantity, size = EXCLUDED.size, active = EXCLUDED.active;
INSERT INTO prices (variant_id, amount, currency) SELECT id, 4900, 'Br' FROM product_variants WHERE sku = 'SKU-67603' AND NOT EXISTS (SELECT 1 FROM prices WHERE variant_id = product_variants.id);
INSERT INTO product_images (product_id, url, position) VALUES (647, '/images/647/photo_5792116823384854020_x.jpg', 0) ON CONFLICT DO NOTHING;
INSERT INTO product_images (product_id, url, position) VALUES (647, '/images/647/photo_5792116823384854046_x.jpg', 1) ON CONFLICT DO NOTHING;
INSERT INTO products (id, title, slug, description, thumbnail, active, base_price) VALUES (648, 'Character Print Zippered Baby Sleepsuit', 'character-print-zippered-baby-sleepsuit', '', '/images/648/photo_5792116823384853991_x.jpg', True, 2200) ON CONFLICT (id) DO UPDATE SET title = EXCLUDED.title, slug = EXCLUDED.slug, description = EXCLUDED.description, thumbnail = EXCLUDED.thumbnail, active = EXCLUDED.active, base_price = EXCLUDED.base_price;
INSERT INTO product_variants (product_id, sku, size, color, stock_quantity, price_adjustment, active, image) VALUES (648, 'SKU-67604', 'Character Print Zippered Baby Sleepsuit 68 Cm', NULL, 1, 0, true, NULL) ON CONFLICT (sku) DO UPDATE SET stock_quantity = EXCLUDED.stock_quantity, size = EXCLUDED.size, active = EXCLUDED.active;
INSERT INTO prices (variant_id, amount, currency) SELECT id, 2200, 'Br' FROM product_variants WHERE sku = 'SKU-67604' AND NOT EXISTS (SELECT 1 FROM prices WHERE variant_id = product_variants.id);
INSERT INTO product_variants (product_id, sku, size, color, stock_quantity, price_adjustment, active, image) VALUES (648, 'SKU-67605', 'Character Print Zippered Baby Sleepsuit 80 Cm', NULL, 1, 0, true, NULL) ON CONFLICT (sku) DO UPDATE SET stock_quantity = EXCLUDED.stock_quantity, size = EXCLUDED.size, active = EXCLUDED.active;
INSERT INTO prices (variant_id, amount, currency) SELECT id, 2200, 'Br' FROM product_variants WHERE sku = 'SKU-67605' AND NOT EXISTS (SELECT 1 FROM prices WHERE variant_id = product_variants.id);
INSERT INTO product_variants (product_id, sku, size, color, stock_quantity, price_adjustment, active, image) VALUES (648, 'SKU-67606', 'Character Print Zippered Baby Sleepsuit 92 CM', NULL, 1, 0, true, NULL) ON CONFLICT (sku) DO UPDATE SET stock_quantity = EXCLUDED.stock_quantity, size = EXCLUDED.size, active = EXCLUDED.active;
INSERT INTO prices (variant_id, amount, currency) SELECT id, 2200, 'Br' FROM product_variants WHERE sku = 'SKU-67606' AND NOT EXISTS (SELECT 1 FROM prices WHERE variant_id = product_variants.id);
INSERT INTO product_images (product_id, url, position) VALUES (648, '/images/648/photo_5792116823384853991_x.jpg', 0) ON CONFLICT DO NOTHING;
INSERT INTO product_images (product_id, url, position) VALUES (648, '/images/648/photo_5792116823384853992_x.jpg', 1) ON CONFLICT DO NOTHING;
INSERT INTO product_images (product_id, url, position) VALUES (648, '/images/648/photo_5792116823384853990_x.jpg', 2) ON CONFLICT DO NOTHING;
INSERT INTO products (id, title, slug, description, thumbnail, active, base_price) VALUES (649, 'Toddler Rose and Daisy Print Zip Sleepsuit', 'toddler-rose-and-daisy-print-zip-sleepsuit', '', '/images/649/photo_5792116823384854129_x.jpg', True, 2200) ON CONFLICT (id) DO UPDATE SET title = EXCLUDED.title, slug = EXCLUDED.slug, description = EXCLUDED.description, thumbnail = EXCLUDED.thumbnail, active = EXCLUDED.active, base_price = EXCLUDED.base_price;
INSERT INTO product_variants (product_id, sku, size, color, stock_quantity, price_adjustment, active, image) VALUES (649, 'SKU-67607', 'Toddler Rose and Daisy Print Zip Sleepsuit 74 Cm', NULL, 1, 0, true, NULL) ON CONFLICT (sku) DO UPDATE SET stock_quantity = EXCLUDED.stock_quantity, size = EXCLUDED.size, active = EXCLUDED.active;
INSERT INTO prices (variant_id, amount, currency) SELECT id, 2200, 'Br' FROM product_variants WHERE sku = 'SKU-67607' AND NOT EXISTS (SELECT 1 FROM prices WHERE variant_id = product_variants.id);
INSERT INTO product_images (product_id, url, position) VALUES (649, '/images/649/photo_5792116823384854129_x.jpg', 0) ON CONFLICT DO NOTHING;
INSERT INTO product_images (product_id, url, position) VALUES (649, '/images/649/photo_5792116823384854130_x.jpg', 1) ON CONFLICT DO NOTHING;
INSERT INTO products (id, title, slug, description, thumbnail, active, base_price) VALUES (650, 'Sun and Wave Print Baby Zip Romper', 'sun-and-wave-print-baby-zip-romper', '', '/images/650/photo_5792116823384854105_x.jpg', True, 1900) ON CONFLICT (id) DO UPDATE SET title = EXCLUDED.title, slug = EXCLUDED.slug, description = EXCLUDED.description, thumbnail = EXCLUDED.thumbnail, active = EXCLUDED.active, base_price = EXCLUDED.base_price;
INSERT INTO product_variants (product_id, sku, size, color, stock_quantity, price_adjustment, active, image) VALUES (650, 'SKU-67608', 'Sun and Wave Print Baby Zip Romper', NULL, 1, 0, true, NULL) ON CONFLICT (sku) DO UPDATE SET stock_quantity = EXCLUDED.stock_quantity, size = EXCLUDED.size, active = EXCLUDED.active;
INSERT INTO prices (variant_id, amount, currency) SELECT id, 1900, 'Br' FROM product_variants WHERE sku = 'SKU-67608' AND NOT EXISTS (SELECT 1 FROM prices WHERE variant_id = product_variants.id);
INSERT INTO product_images (product_id, url, position) VALUES (650, '/images/650/photo_5792116823384854105_x.jpg', 0) ON CONFLICT DO NOTHING;
INSERT INTO product_images (product_id, url, position) VALUES (650, '/images/650/photo_5792116823384854103_x.jpg', 1) ON CONFLICT DO NOTHING;
INSERT INTO product_images (product_id, url, position) VALUES (650, '/images/650/photo_5792116823384854126_x.jpg', 2) ON CONFLICT DO NOTHING;
INSERT INTO products (id, title, slug, description, thumbnail, active, base_price) VALUES (651, 'Checkered Print Baby Zip Romper', 'checkered-print-baby-zip-romper', '', '/images/651/photo_5792116823384854131_y.jpg', True, 2200) ON CONFLICT (id) DO UPDATE SET title = EXCLUDED.title, slug = EXCLUDED.slug, description = EXCLUDED.description, thumbnail = EXCLUDED.thumbnail, active = EXCLUDED.active, base_price = EXCLUDED.base_price;
INSERT INTO product_variants (product_id, sku, size, color, stock_quantity, price_adjustment, active, image) VALUES (651, 'SKU-67609', 'Checkered Print Baby Zip Romper 74 Cm', NULL, 1, 0, true, NULL) ON CONFLICT (sku) DO UPDATE SET stock_quantity = EXCLUDED.stock_quantity, size = EXCLUDED.size, active = EXCLUDED.active;
INSERT INTO prices (variant_id, amount, currency) SELECT id, 2200, 'Br' FROM product_variants WHERE sku = 'SKU-67609' AND NOT EXISTS (SELECT 1 FROM prices WHERE variant_id = product_variants.id);
INSERT INTO product_images (product_id, url, position) VALUES (651, '/images/651/photo_5792116823384854131_y.jpg', 0) ON CONFLICT DO NOTHING;
INSERT INTO product_images (product_id, url, position) VALUES (651, '/images/651/photo_5792116823384854133_y.jpg', 1) ON CONFLICT DO NOTHING;
INSERT INTO products (id, title, slug, description, thumbnail, active, base_price) VALUES (652, 'Navy Puffer Vest and Corduroy Pants Set', 'navy-puffer-vest-and-corduroy-pants-set', '', '/images/652/photo_5792116823384854321_x.jpg', True, 4900) ON CONFLICT (id) DO UPDATE SET title = EXCLUDED.title, slug = EXCLUDED.slug, description = EXCLUDED.description, thumbnail = EXCLUDED.thumbnail, active = EXCLUDED.active, base_price = EXCLUDED.base_price;
INSERT INTO product_variants (product_id, sku, size, color, stock_quantity, price_adjustment, active, image) VALUES (652, 'SKU-67610', 'Navy Puffer Vest and Corduroy Pants Set 0-3 M', NULL, 1, 0, true, NULL) ON CONFLICT (sku) DO UPDATE SET stock_quantity = EXCLUDED.stock_quantity, size = EXCLUDED.size, active = EXCLUDED.active;
INSERT INTO prices (variant_id, amount, currency) SELECT id, 4900, 'Br' FROM product_variants WHERE sku = 'SKU-67610' AND NOT EXISTS (SELECT 1 FROM prices WHERE variant_id = product_variants.id);
INSERT INTO product_variants (product_id, sku, size, color, stock_quantity, price_adjustment, active, image) VALUES (652, 'SKU-67611', 'Navy Puffer Vest and Corduroy Pants Set 3-6 M', NULL, 1, 0, true, NULL) ON CONFLICT (sku) DO UPDATE SET stock_quantity = EXCLUDED.stock_quantity, size = EXCLUDED.size, active = EXCLUDED.active;
INSERT INTO prices (variant_id, amount, currency) SELECT id, 4900, 'Br' FROM product_variants WHERE sku = 'SKU-67611' AND NOT EXISTS (SELECT 1 FROM prices WHERE variant_id = product_variants.id);
INSERT INTO product_variants (product_id, sku, size, color, stock_quantity, price_adjustment, active, image) VALUES (652, 'SKU-67612', 'Navy Puffer Vest and Corduroy Pants Set 6-9 M', NULL, 1, 0, true, NULL) ON CONFLICT (sku) DO UPDATE SET stock_quantity = EXCLUDED.stock_quantity, size = EXCLUDED.size, active = EXCLUDED.active;
INSERT INTO prices (variant_id, amount, currency) SELECT id, 4900, 'Br' FROM product_variants WHERE sku = 'SKU-67612' AND NOT EXISTS (SELECT 1 FROM prices WHERE variant_id = product_variants.id);
INSERT INTO product_variants (product_id, sku, size, color, stock_quantity, price_adjustment, active, image) VALUES (652, 'SKU-67613', 'Navy Puffer Vest and Corduroy Pants Set 12 M', NULL, 1, 0, true, NULL) ON CONFLICT (sku) DO UPDATE SET stock_quantity = EXCLUDED.stock_quantity, size = EXCLUDED.size, active = EXCLUDED.active;
INSERT INTO prices (variant_id, amount, currency) SELECT id, 4900, 'Br' FROM product_variants WHERE sku = 'SKU-67613' AND NOT EXISTS (SELECT 1 FROM prices WHERE variant_id = product_variants.id);
INSERT INTO product_variants (product_id, sku, size, color, stock_quantity, price_adjustment, active, image) VALUES (652, 'SKU-67614', 'Navy Puffer Vest and Corduroy Pants Set 18M', NULL, 1, 0, true, NULL) ON CONFLICT (sku) DO UPDATE SET stock_quantity = EXCLUDED.stock_quantity, size = EXCLUDED.size, active = EXCLUDED.active;
INSERT INTO prices (variant_id, amount, currency) SELECT id, 4900, 'Br' FROM product_variants WHERE sku = 'SKU-67614' AND NOT EXISTS (SELECT 1 FROM prices WHERE variant_id = product_variants.id);
INSERT INTO product_images (product_id, url, position) VALUES (652, '/images/652/photo_5792116823384854321_x.jpg', 0) ON CONFLICT DO NOTHING;
INSERT INTO product_images (product_id, url, position) VALUES (652, '/images/652/photo_5792116823384854309_x.jpg', 1) ON CONFLICT DO NOTHING;
INSERT INTO products (id, title, slug, description, thumbnail, active, base_price) VALUES (653, 'Rooster Print Baby Zip Sleepsuit', 'rooster-print-baby-zip-sleepsuit', '', '/images/653/photo_5792116823384854242_y.jpg', True, 2200) ON CONFLICT (id) DO UPDATE SET title = EXCLUDED.title, slug = EXCLUDED.slug, description = EXCLUDED.description, thumbnail = EXCLUDED.thumbnail, active = EXCLUDED.active, base_price = EXCLUDED.base_price;
INSERT INTO product_variants (product_id, sku, size, color, stock_quantity, price_adjustment, active, image) VALUES (653, 'SKU-67615', 'Rooster Print Baby Zip Sleepsuit NEW BORN', NULL, 1, 0, true, NULL) ON CONFLICT (sku) DO UPDATE SET stock_quantity = EXCLUDED.stock_quantity, size = EXCLUDED.size, active = EXCLUDED.active;
INSERT INTO prices (variant_id, amount, currency) SELECT id, 2200, 'Br' FROM product_variants WHERE sku = 'SKU-67615' AND NOT EXISTS (SELECT 1 FROM prices WHERE variant_id = product_variants.id);
INSERT INTO product_variants (product_id, sku, size, color, stock_quantity, price_adjustment, active, image) VALUES (653, 'SKU-67616', 'Rooster Print Baby Zip Sleepsuit 0-3 M', NULL, 1, 0, true, NULL) ON CONFLICT (sku) DO UPDATE SET stock_quantity = EXCLUDED.stock_quantity, size = EXCLUDED.size, active = EXCLUDED.active;
INSERT INTO prices (variant_id, amount, currency) SELECT id, 2200, 'Br' FROM product_variants WHERE sku = 'SKU-67616' AND NOT EXISTS (SELECT 1 FROM prices WHERE variant_id = product_variants.id);
INSERT INTO product_images (product_id, url, position) VALUES (653, '/images/653/photo_5792116823384854242_y.jpg', 0) ON CONFLICT DO NOTHING;
INSERT INTO product_images (product_id, url, position) VALUES (653, '/images/653/photo_5792116823384854317_y.jpg', 1) ON CONFLICT DO NOTHING;
INSERT INTO products (id, title, slug, description, thumbnail, active, base_price) VALUES (654, 'Pink Daisy Print Sleepsuit', 'pink-daisy-print-sleepsuit', '', '/images/654/photo_5792116823384854141_x.jpg', True, 2200) ON CONFLICT (id) DO UPDATE SET title = EXCLUDED.title, slug = EXCLUDED.slug, description = EXCLUDED.description, thumbnail = EXCLUDED.thumbnail, active = EXCLUDED.active, base_price = EXCLUDED.base_price;
INSERT INTO product_variants (product_id, sku, size, color, stock_quantity, price_adjustment, active, image) VALUES (654, 'SKU-67617', 'Pink Daisy Print Sleepsuit 0-3 M', NULL, 1, 0, true, NULL) ON CONFLICT (sku) DO UPDATE SET stock_quantity = EXCLUDED.stock_quantity, size = EXCLUDED.size, active = EXCLUDED.active;
INSERT INTO prices (variant_id, amount, currency) SELECT id, 2200, 'Br' FROM product_variants WHERE sku = 'SKU-67617' AND NOT EXISTS (SELECT 1 FROM prices WHERE variant_id = product_variants.id);
INSERT INTO product_images (product_id, url, position) VALUES (654, '/images/654/photo_5792116823384854141_x.jpg', 0) ON CONFLICT DO NOTHING;
INSERT INTO product_images (product_id, url, position) VALUES (654, '/images/654/photo_5792116823384854215_x.jpg', 1) ON CONFLICT DO NOTHING;
INSERT INTO products (id, title, slug, description, thumbnail, active, base_price) VALUES (655, 'Puppy Print Baby Zip Romper', 'puppy-print-baby-zip-romper', '', '/images/655/photo_5792116823384854324_y.jpg', True, 2200) ON CONFLICT (id) DO UPDATE SET title = EXCLUDED.title, slug = EXCLUDED.slug, description = EXCLUDED.description, thumbnail = EXCLUDED.thumbnail, active = EXCLUDED.active, base_price = EXCLUDED.base_price;
INSERT INTO product_variants (product_id, sku, size, color, stock_quantity, price_adjustment, active, image) VALUES (655, 'SKU-67618', 'Puppy Print Baby Zip Romper 3-6 M', NULL, 1, 0, true, NULL) ON CONFLICT (sku) DO UPDATE SET stock_quantity = EXCLUDED.stock_quantity, size = EXCLUDED.size, active = EXCLUDED.active;
INSERT INTO prices (variant_id, amount, currency) SELECT id, 2200, 'Br' FROM product_variants WHERE sku = 'SKU-67618' AND NOT EXISTS (SELECT 1 FROM prices WHERE variant_id = product_variants.id);
INSERT INTO product_images (product_id, url, position) VALUES (655, '/images/655/photo_5792116823384854324_y.jpg', 0) ON CONFLICT DO NOTHING;
INSERT INTO product_images (product_id, url, position) VALUES (655, '/images/655/photo_5792116823384854323_y.jpg', 1) ON CONFLICT DO NOTHING;
INSERT INTO products (id, title, slug, description, thumbnail, active, base_price) VALUES (656, 'Mint Rainbow Print Baby Zip Sleepsuit', 'mint-rainbow-print-baby-zip-sleepsuit', '', '/images/656/photo_5792116823384854135_y.jpg', True, 1900) ON CONFLICT (id) DO UPDATE SET title = EXCLUDED.title, slug = EXCLUDED.slug, description = EXCLUDED.description, thumbnail = EXCLUDED.thumbnail, active = EXCLUDED.active, base_price = EXCLUDED.base_price;
INSERT INTO product_variants (product_id, sku, size, color, stock_quantity, price_adjustment, active, image) VALUES (656, 'SKU-67619', 'Mint Rainbow Print Baby Zip Sleepsuit NEW BORN', NULL, 1, 0, true, NULL) ON CONFLICT (sku) DO UPDATE SET stock_quantity = EXCLUDED.stock_quantity, size = EXCLUDED.size, active = EXCLUDED.active;
INSERT INTO prices (variant_id, amount, currency) SELECT id, 1900, 'Br' FROM product_variants WHERE sku = 'SKU-67619' AND NOT EXISTS (SELECT 1 FROM prices WHERE variant_id = product_variants.id);
INSERT INTO product_images (product_id, url, position) VALUES (656, '/images/656/photo_5792116823384854135_y.jpg', 0) ON CONFLICT DO NOTHING;
INSERT INTO product_images (product_id, url, position) VALUES (656, '/images/656/photo_5792116823384854139_y.jpg', 1) ON CONFLICT DO NOTHING;
INSERT INTO products (id, title, slug, description, thumbnail, active, base_price) VALUES (657, 'Vintage Floral Baby Zip Sleepsuit', 'vintage-floral-baby-zip-sleepsuit', '', '/images/657/photo_5792116823384854132_x__02.jpg', True, 2200) ON CONFLICT (id) DO UPDATE SET title = EXCLUDED.title, slug = EXCLUDED.slug, description = EXCLUDED.description, thumbnail = EXCLUDED.thumbnail, active = EXCLUDED.active, base_price = EXCLUDED.base_price;
INSERT INTO product_variants (product_id, sku, size, color, stock_quantity, price_adjustment, active, image) VALUES (657, 'SKU-67620', 'Vintage Floral Baby Zip Sleepsuit 0-3 M', NULL, 1, 0, true, NULL) ON CONFLICT (sku) DO UPDATE SET stock_quantity = EXCLUDED.stock_quantity, size = EXCLUDED.size, active = EXCLUDED.active;
INSERT INTO prices (variant_id, amount, currency) SELECT id, 2200, 'Br' FROM product_variants WHERE sku = 'SKU-67620' AND NOT EXISTS (SELECT 1 FROM prices WHERE variant_id = product_variants.id);
INSERT INTO product_images (product_id, url, position) VALUES (657, '/images/657/photo_5792116823384854132_x__02.jpg', 0) ON CONFLICT DO NOTHING;
INSERT INTO product_images (product_id, url, position) VALUES (657, '/images/657/photo_5792116823384854134_x.jpg', 1) ON CONFLICT DO NOTHING;
INSERT INTO products (id, title, slug, description, thumbnail, active, base_price) VALUES (658, 'Winnie Pooh Print Zip Romper', 'winnie-the-pooh-print-zip-romper', '', '/images/658/photo_5792116823384854250_x.jpg', True, 2200) ON CONFLICT (id) DO UPDATE SET title = EXCLUDED.title, slug = EXCLUDED.slug, description = EXCLUDED.description, thumbnail = EXCLUDED.thumbnail, active = EXCLUDED.active, base_price = EXCLUDED.base_price;
INSERT INTO product_variants (product_id, sku, size, color, stock_quantity, price_adjustment, active, image) VALUES (658, 'SKU-67621', 'Winnie the Pooh Print Zip Romper', NULL, 1, 0, true, NULL) ON CONFLICT (sku) DO UPDATE SET stock_quantity = EXCLUDED.stock_quantity, size = EXCLUDED.size, active = EXCLUDED.active;
INSERT INTO prices (variant_id, amount, currency) SELECT id, 2200, 'Br' FROM product_variants WHERE sku = 'SKU-67621' AND NOT EXISTS (SELECT 1 FROM prices WHERE variant_id = product_variants.id);
INSERT INTO product_variants (product_id, sku, size, color, stock_quantity, price_adjustment, active, image) VALUES (658, 'SKU-67622', 'Winnie Pooh Print Zip Romper 74 Cm', NULL, 1, 0, true, NULL) ON CONFLICT (sku) DO UPDATE SET stock_quantity = EXCLUDED.stock_quantity, size = EXCLUDED.size, active = EXCLUDED.active;
INSERT INTO prices (variant_id, amount, currency) SELECT id, 2200, 'Br' FROM product_variants WHERE sku = 'SKU-67622' AND NOT EXISTS (SELECT 1 FROM prices WHERE variant_id = product_variants.id);
INSERT INTO product_variants (product_id, sku, size, color, stock_quantity, price_adjustment, active, image) VALUES (658, 'SKU-67623', 'Winnie Pooh Print Zip Romper 80 Cm', NULL, 1, 0, true, NULL) ON CONFLICT (sku) DO UPDATE SET stock_quantity = EXCLUDED.stock_quantity, size = EXCLUDED.size, active = EXCLUDED.active;
INSERT INTO prices (variant_id, amount, currency) SELECT id, 2200, 'Br' FROM product_variants WHERE sku = 'SKU-67623' AND NOT EXISTS (SELECT 1 FROM prices WHERE variant_id = product_variants.id);
INSERT INTO product_images (product_id, url, position) VALUES (658, '/images/658/photo_5792116823384854250_x.jpg', 0) ON CONFLICT DO NOTHING;
INSERT INTO product_images (product_id, url, position) VALUES (658, '/images/658/photo_5792116823384854227_x.jpg', 1) ON CONFLICT DO NOTHING;
INSERT INTO products (id, title, slug, description, thumbnail, active, base_price) VALUES (659, 'Checkered Baby Footed Zip Sleepsuit', 'checkered-baby-footed-zip-sleepsuit', '', '/images/659/photo_5792116823384854049_y.jpg', True, 2200) ON CONFLICT (id) DO UPDATE SET title = EXCLUDED.title, slug = EXCLUDED.slug, description = EXCLUDED.description, thumbnail = EXCLUDED.thumbnail, active = EXCLUDED.active, base_price = EXCLUDED.base_price;
INSERT INTO product_variants (product_id, sku, size, color, stock_quantity, price_adjustment, active, image) VALUES (659, 'SKU-67624', 'Checkered Baby Footed Zip Sleepsuit 0-3 M', NULL, 1, 0, true, NULL) ON CONFLICT (sku) DO UPDATE SET stock_quantity = EXCLUDED.stock_quantity, size = EXCLUDED.size, active = EXCLUDED.active;
INSERT INTO prices (variant_id, amount, currency) SELECT id, 2200, 'Br' FROM product_variants WHERE sku = 'SKU-67624' AND NOT EXISTS (SELECT 1 FROM prices WHERE variant_id = product_variants.id);
INSERT INTO product_images (product_id, url, position) VALUES (659, '/images/659/photo_5792116823384854049_y.jpg', 0) ON CONFLICT DO NOTHING;
INSERT INTO products (id, title, slug, description, thumbnail, active, base_price) VALUES (660, 'Kids Tan Skinny Jeans ', 'kids-tan-skinny-jeans', '', '/images/660/photo_5792116823384854333_x.jpg', True, 2900) ON CONFLICT (id) DO UPDATE SET title = EXCLUDED.title, slug = EXCLUDED.slug, description = EXCLUDED.description, thumbnail = EXCLUDED.thumbnail, active = EXCLUDED.active, base_price = EXCLUDED.base_price;
INSERT INTO product_variants (product_id, sku, size, color, stock_quantity, price_adjustment, active, image) VALUES (660, 'SKU-67626', 'Kids Tan Skinny Jeans  5 YEAR', NULL, 1, 0, true, NULL) ON CONFLICT (sku) DO UPDATE SET stock_quantity = EXCLUDED.stock_quantity, size = EXCLUDED.size, active = EXCLUDED.active;
INSERT INTO prices (variant_id, amount, currency) SELECT id, 2900, 'Br' FROM product_variants WHERE sku = 'SKU-67626' AND NOT EXISTS (SELECT 1 FROM prices WHERE variant_id = product_variants.id);
INSERT INTO product_variants (product_id, sku, size, color, stock_quantity, price_adjustment, active, image) VALUES (660, 'SKU-67627', 'Kids Tan Skinny Jeans  6 YEAR', NULL, 1, 0, true, NULL) ON CONFLICT (sku) DO UPDATE SET stock_quantity = EXCLUDED.stock_quantity, size = EXCLUDED.size, active = EXCLUDED.active;
INSERT INTO prices (variant_id, amount, currency) SELECT id, 2900, 'Br' FROM product_variants WHERE sku = 'SKU-67627' AND NOT EXISTS (SELECT 1 FROM prices WHERE variant_id = product_variants.id);
INSERT INTO product_variants (product_id, sku, size, color, stock_quantity, price_adjustment, active, image) VALUES (660, 'SKU-67628', 'Kids Tan Skinny Jeans  7 YEAR', NULL, 1, 0, true, NULL) ON CONFLICT (sku) DO UPDATE SET stock_quantity = EXCLUDED.stock_quantity, size = EXCLUDED.size, active = EXCLUDED.active;
INSERT INTO prices (variant_id, amount, currency) SELECT id, 2900, 'Br' FROM product_variants WHERE sku = 'SKU-67628' AND NOT EXISTS (SELECT 1 FROM prices WHERE variant_id = product_variants.id);
INSERT INTO product_variants (product_id, sku, size, color, stock_quantity, price_adjustment, active, image) VALUES (660, 'SKU-67629', 'Kids Tan Skinny Jeans  8 YEAR', NULL, 1, 0, true, NULL) ON CONFLICT (sku) DO UPDATE SET stock_quantity = EXCLUDED.stock_quantity, size = EXCLUDED.size, active = EXCLUDED.active;
INSERT INTO prices (variant_id, amount, currency) SELECT id, 2900, 'Br' FROM product_variants WHERE sku = 'SKU-67629' AND NOT EXISTS (SELECT 1 FROM prices WHERE variant_id = product_variants.id);
INSERT INTO product_variants (product_id, sku, size, color, stock_quantity, price_adjustment, active, image) VALUES (660, 'SKU-67630', 'Kids Tan Skinny Jeans  10 YEAR', NULL, 1, 0, true, NULL) ON CONFLICT (sku) DO UPDATE SET stock_quantity = EXCLUDED.stock_quantity, size = EXCLUDED.size, active = EXCLUDED.active;
INSERT INTO prices (variant_id, amount, currency) SELECT id, 2900, 'Br' FROM product_variants WHERE sku = 'SKU-67630' AND NOT EXISTS (SELECT 1 FROM prices WHERE variant_id = product_variants.id);
INSERT INTO product_variants (product_id, sku, size, color, stock_quantity, price_adjustment, active, image) VALUES (660, 'SKU-67631', 'Kids Tan Skinny Jeans  14 YEAR', NULL, 1, 0, true, NULL) ON CONFLICT (sku) DO UPDATE SET stock_quantity = EXCLUDED.stock_quantity, size = EXCLUDED.size, active = EXCLUDED.active;
INSERT INTO prices (variant_id, amount, currency) SELECT id, 2900, 'Br' FROM product_variants WHERE sku = 'SKU-67631' AND NOT EXISTS (SELECT 1 FROM prices WHERE variant_id = product_variants.id);
INSERT INTO product_images (product_id, url, position) VALUES (660, '/images/660/photo_5792116823384854333_x.jpg', 0) ON CONFLICT DO NOTHING;
INSERT INTO products (id, title, slug, description, thumbnail, active, base_price) VALUES (661, 'Golf Cart Print Zip Romper', 'golf-cart-print-zip-romper', '', '/images/661/photo_5792116823384854336_x.jpg', True, 2200) ON CONFLICT (id) DO UPDATE SET title = EXCLUDED.title, slug = EXCLUDED.slug, description = EXCLUDED.description, thumbnail = EXCLUDED.thumbnail, active = EXCLUDED.active, base_price = EXCLUDED.base_price;
INSERT INTO product_variants (product_id, sku, size, color, stock_quantity, price_adjustment, active, image) VALUES (661, 'SKU-67632', 'Golf Cart Print Zip Romper 0-3 M', NULL, 1, 0, true, NULL) ON CONFLICT (sku) DO UPDATE SET stock_quantity = EXCLUDED.stock_quantity, size = EXCLUDED.size, active = EXCLUDED.active;
INSERT INTO prices (variant_id, amount, currency) SELECT id, 2200, 'Br' FROM product_variants WHERE sku = 'SKU-67632' AND NOT EXISTS (SELECT 1 FROM prices WHERE variant_id = product_variants.id);
INSERT INTO product_images (product_id, url, position) VALUES (661, '/images/661/photo_5792116823384854336_x.jpg', 0) ON CONFLICT DO NOTHING;
INSERT INTO products (id, title, slug, description, thumbnail, active, base_price) VALUES (662, 'Autumn Floral and Dog Print Zip Sleepsuit', 'autumn-floral-and-dog-print-zip-sleepsuit', '', '/images/662/photo_5792116823384854337_y.jpg', True, 2200) ON CONFLICT (id) DO UPDATE SET title = EXCLUDED.title, slug = EXCLUDED.slug, description = EXCLUDED.description, thumbnail = EXCLUDED.thumbnail, active = EXCLUDED.active, base_price = EXCLUDED.base_price;
INSERT INTO product_variants (product_id, sku, size, color, stock_quantity, price_adjustment, active, image) VALUES (662, 'SKU-67633', 'Autumn Floral and Dog Print Zip Sleepsuit 0-3 M', NULL, 1, 0, true, NULL) ON CONFLICT (sku) DO UPDATE SET stock_quantity = EXCLUDED.stock_quantity, size = EXCLUDED.size, active = EXCLUDED.active;
INSERT INTO prices (variant_id, amount, currency) SELECT id, 2200, 'Br' FROM product_variants WHERE sku = 'SKU-67633' AND NOT EXISTS (SELECT 1 FROM prices WHERE variant_id = product_variants.id);
INSERT INTO product_images (product_id, url, position) VALUES (662, '/images/662/photo_5792116823384854337_y.jpg', 0) ON CONFLICT DO NOTHING;
INSERT INTO products (id, title, slug, description, thumbnail, active, base_price) VALUES (663, 'Toddler Pleated Denim Dress', 'toddler-pleated-denim-dress', '', '/images/663/photo_5792116823384854339_x.jpg', True, 3200) ON CONFLICT (id) DO UPDATE SET title = EXCLUDED.title, slug = EXCLUDED.slug, description = EXCLUDED.description, thumbnail = EXCLUDED.thumbnail, active = EXCLUDED.active, base_price = EXCLUDED.base_price;
INSERT INTO product_variants (product_id, sku, size, color, stock_quantity, price_adjustment, active, image) VALUES (663, 'SKU-67634', 'Toddler Pleated Denim Dress 100 Cm', NULL, 1, 0, true, NULL) ON CONFLICT (sku) DO UPDATE SET stock_quantity = EXCLUDED.stock_quantity, size = EXCLUDED.size, active = EXCLUDED.active;
INSERT INTO prices (variant_id, amount, currency) SELECT id, 3200, 'Br' FROM product_variants WHERE sku = 'SKU-67634' AND NOT EXISTS (SELECT 1 FROM prices WHERE variant_id = product_variants.id);
INSERT INTO product_images (product_id, url, position) VALUES (663, '/images/663/photo_5792116823384854339_x.jpg', 0) ON CONFLICT DO NOTHING;
INSERT INTO products (id, title, slug, description, thumbnail, active, base_price) VALUES (664, 'Infant Vintage Wildflower Sleepsuit', 'infant-vintage-wildflower-sleepsuit', '', '/images/664/photo_5792116823384854358_x.jpg', True, 2200) ON CONFLICT (id) DO UPDATE SET title = EXCLUDED.title, slug = EXCLUDED.slug, description = EXCLUDED.description, thumbnail = EXCLUDED.thumbnail, active = EXCLUDED.active, base_price = EXCLUDED.base_price;
INSERT INTO product_variants (product_id, sku, size, color, stock_quantity, price_adjustment, active, image) VALUES (664, 'SKU-67635', 'Infant Vintage Wildflower Sleepsuit 6-12 M', NULL, 1, 0, true, NULL) ON CONFLICT (sku) DO UPDATE SET stock_quantity = EXCLUDED.stock_quantity, size = EXCLUDED.size, active = EXCLUDED.active;
INSERT INTO prices (variant_id, amount, currency) SELECT id, 2200, 'Br' FROM product_variants WHERE sku = 'SKU-67635' AND NOT EXISTS (SELECT 1 FROM prices WHERE variant_id = product_variants.id);
INSERT INTO product_images (product_id, url, position) VALUES (664, '/images/664/photo_5792116823384854358_x.jpg', 0) ON CONFLICT DO NOTHING;
INSERT INTO products (id, title, slug, description, thumbnail, active, base_price) VALUES (665, 'Hot Air Balloon Print Baby Zip Sleepsuit', 'hot-air-balloon-print-baby-zip-sleepsuit', '', '/images/665/photo_5792116823384854359_y.jpg', True, 2200) ON CONFLICT (id) DO UPDATE SET title = EXCLUDED.title, slug = EXCLUDED.slug, description = EXCLUDED.description, thumbnail = EXCLUDED.thumbnail, active = EXCLUDED.active, base_price = EXCLUDED.base_price;
INSERT INTO product_variants (product_id, sku, size, color, stock_quantity, price_adjustment, active, image) VALUES (665, 'SKU-67636', 'Hot Air Balloon Print Baby Zip Sleepsuit NEW BORN', NULL, 1, 0, true, NULL) ON CONFLICT (sku) DO UPDATE SET stock_quantity = EXCLUDED.stock_quantity, size = EXCLUDED.size, active = EXCLUDED.active;
INSERT INTO prices (variant_id, amount, currency) SELECT id, 2200, 'Br' FROM product_variants WHERE sku = 'SKU-67636' AND NOT EXISTS (SELECT 1 FROM prices WHERE variant_id = product_variants.id);
INSERT INTO product_variants (product_id, sku, size, color, stock_quantity, price_adjustment, active, image) VALUES (665, 'SKU-67637', 'Hot Air Balloon Print Baby Zip Sleepsuit 3-6 M', NULL, 1, 0, true, NULL) ON CONFLICT (sku) DO UPDATE SET stock_quantity = EXCLUDED.stock_quantity, size = EXCLUDED.size, active = EXCLUDED.active;
INSERT INTO prices (variant_id, amount, currency) SELECT id, 2200, 'Br' FROM product_variants WHERE sku = 'SKU-67637' AND NOT EXISTS (SELECT 1 FROM prices WHERE variant_id = product_variants.id);
INSERT INTO product_images (product_id, url, position) VALUES (665, '/images/665/photo_5792116823384854359_y.jpg', 0) ON CONFLICT DO NOTHING;
INSERT INTO product_images (product_id, url, position) VALUES (665, '/images/665/photo_5792116823384854392_y.jpg', 1) ON CONFLICT DO NOTHING;
INSERT INTO products (id, title, slug, description, thumbnail, active, base_price) VALUES (666, 'Apple and Pear Print Baby Zip Sleepsuit', 'apple-and-pear-print-baby-zip-sleepsuit', '', '/images/666/photo_5792116823384854397_x.jpg', True, 2200) ON CONFLICT (id) DO UPDATE SET title = EXCLUDED.title, slug = EXCLUDED.slug, description = EXCLUDED.description, thumbnail = EXCLUDED.thumbnail, active = EXCLUDED.active, base_price = EXCLUDED.base_price;
INSERT INTO product_variants (product_id, sku, size, color, stock_quantity, price_adjustment, active, image) VALUES (666, 'SKU-67638', 'Apple and Pear Print Baby Zip Sleepsuit 80 CM', NULL, 1, 0, true, NULL) ON CONFLICT (sku) DO UPDATE SET stock_quantity = EXCLUDED.stock_quantity, size = EXCLUDED.size, active = EXCLUDED.active;
INSERT INTO prices (variant_id, amount, currency) SELECT id, 2200, 'Br' FROM product_variants WHERE sku = 'SKU-67638' AND NOT EXISTS (SELECT 1 FROM prices WHERE variant_id = product_variants.id);
INSERT INTO product_variants (product_id, sku, size, color, stock_quantity, price_adjustment, active, image) VALUES (666, 'SKU-67639', 'Apple and Pear Print Baby Zip Sleepsuit 86 Cm', NULL, 1, 0, true, NULL) ON CONFLICT (sku) DO UPDATE SET stock_quantity = EXCLUDED.stock_quantity, size = EXCLUDED.size, active = EXCLUDED.active;
INSERT INTO prices (variant_id, amount, currency) SELECT id, 2200, 'Br' FROM product_variants WHERE sku = 'SKU-67639' AND NOT EXISTS (SELECT 1 FROM prices WHERE variant_id = product_variants.id);
INSERT INTO product_images (product_id, url, position) VALUES (666, '/images/666/photo_5792116823384854397_x.jpg', 0) ON CONFLICT DO NOTHING;
INSERT INTO products (id, title, slug, description, thumbnail, active, base_price) VALUES (667, 'Celestial Moon and Star Romper', 'celestial-moon-and-star-romper', '', '/images/667/photo_5792116823384854415_x.jpg', True, 2200) ON CONFLICT (id) DO UPDATE SET title = EXCLUDED.title, slug = EXCLUDED.slug, description = EXCLUDED.description, thumbnail = EXCLUDED.thumbnail, active = EXCLUDED.active, base_price = EXCLUDED.base_price;
INSERT INTO product_variants (product_id, sku, size, color, stock_quantity, price_adjustment, active, image) VALUES (667, 'SKU-67640', 'Celestial Moon and Star Romper 74 Cm', NULL, 1, 0, true, NULL) ON CONFLICT (sku) DO UPDATE SET stock_quantity = EXCLUDED.stock_quantity, size = EXCLUDED.size, active = EXCLUDED.active;
INSERT INTO prices (variant_id, amount, currency) SELECT id, 2200, 'Br' FROM product_variants WHERE sku = 'SKU-67640' AND NOT EXISTS (SELECT 1 FROM prices WHERE variant_id = product_variants.id);
INSERT INTO product_variants (product_id, sku, size, color, stock_quantity, price_adjustment, active, image) VALUES (667, 'SKU-67641', 'Celestial Moon and Star Romper 80 Cm', NULL, 1, 0, true, NULL) ON CONFLICT (sku) DO UPDATE SET stock_quantity = EXCLUDED.stock_quantity, size = EXCLUDED.size, active = EXCLUDED.active;
INSERT INTO prices (variant_id, amount, currency) SELECT id, 2200, 'Br' FROM product_variants WHERE sku = 'SKU-67641' AND NOT EXISTS (SELECT 1 FROM prices WHERE variant_id = product_variants.id);
INSERT INTO product_variants (product_id, sku, size, color, stock_quantity, price_adjustment, active, image) VALUES (667, 'SKU-67642', 'Celestial Moon and Star Romper 86 Cm', NULL, 1, 0, true, NULL) ON CONFLICT (sku) DO UPDATE SET stock_quantity = EXCLUDED.stock_quantity, size = EXCLUDED.size, active = EXCLUDED.active;
INSERT INTO prices (variant_id, amount, currency) SELECT id, 2200, 'Br' FROM product_variants WHERE sku = 'SKU-67642' AND NOT EXISTS (SELECT 1 FROM prices WHERE variant_id = product_variants.id);
INSERT INTO product_images (product_id, url, position) VALUES (667, '/images/667/photo_5792116823384854415_x.jpg', 0) ON CONFLICT DO NOTHING;
INSERT INTO products (id, title, slug, description, thumbnail, active, base_price) VALUES (668, 'Black Denim Short ', 'black-denim-short', '', '/images/668/img_3077-2.jpg', True, 3900) ON CONFLICT (id) DO UPDATE SET title = EXCLUDED.title, slug = EXCLUDED.slug, description = EXCLUDED.description, thumbnail = EXCLUDED.thumbnail, active = EXCLUDED.active, base_price = EXCLUDED.base_price;
INSERT INTO product_variants (product_id, sku, size, color, stock_quantity, price_adjustment, active, image) VALUES (668, 'SKU-67482', 'SHORT M', NULL, 1, 0, true, NULL) ON CONFLICT (sku) DO UPDATE SET stock_quantity = EXCLUDED.stock_quantity, size = EXCLUDED.size, active = EXCLUDED.active;
INSERT INTO prices (variant_id, amount, currency) SELECT id, 3900, 'Br' FROM product_variants WHERE sku = 'SKU-67482' AND NOT EXISTS (SELECT 1 FROM prices WHERE variant_id = product_variants.id);
INSERT INTO product_variants (product_id, sku, size, color, stock_quantity, price_adjustment, active, image) VALUES (668, 'SKU-67483', 'SHORT L', NULL, 1, 0, true, NULL) ON CONFLICT (sku) DO UPDATE SET stock_quantity = EXCLUDED.stock_quantity, size = EXCLUDED.size, active = EXCLUDED.active;
INSERT INTO prices (variant_id, amount, currency) SELECT id, 3900, 'Br' FROM product_variants WHERE sku = 'SKU-67483' AND NOT EXISTS (SELECT 1 FROM prices WHERE variant_id = product_variants.id);
INSERT INTO product_variants (product_id, sku, size, color, stock_quantity, price_adjustment, active, image) VALUES (668, 'SKU-67484', 'SHORT XL', NULL, 1, 0, true, NULL) ON CONFLICT (sku) DO UPDATE SET stock_quantity = EXCLUDED.stock_quantity, size = EXCLUDED.size, active = EXCLUDED.active;
INSERT INTO prices (variant_id, amount, currency) SELECT id, 3900, 'Br' FROM product_variants WHERE sku = 'SKU-67484' AND NOT EXISTS (SELECT 1 FROM prices WHERE variant_id = product_variants.id);
INSERT INTO product_images (product_id, url, position) VALUES (668, '/images/668/img_3077-2.jpg', 0) ON CONFLICT DO NOTHING;
INSERT INTO products (id, title, slug, description, thumbnail, active, base_price) VALUES (669, 'Rainbow Vertical Stripe Baby Zip Romper', 'rainbow-vertical-stripe-baby-zip-romper', '', '/images/669/photo_5792116823384854416_y.jpg', True, 2200) ON CONFLICT (id) DO UPDATE SET title = EXCLUDED.title, slug = EXCLUDED.slug, description = EXCLUDED.description, thumbnail = EXCLUDED.thumbnail, active = EXCLUDED.active, base_price = EXCLUDED.base_price;
INSERT INTO product_variants (product_id, sku, size, color, stock_quantity, price_adjustment, active, image) VALUES (669, 'SKU-67643', 'Celestial Moon and Star Romper 74 Cm', NULL, 1, 0, true, NULL) ON CONFLICT (sku) DO UPDATE SET stock_quantity = EXCLUDED.stock_quantity, size = EXCLUDED.size, active = EXCLUDED.active;
INSERT INTO prices (variant_id, amount, currency) SELECT id, 2200, 'Br' FROM product_variants WHERE sku = 'SKU-67643' AND NOT EXISTS (SELECT 1 FROM prices WHERE variant_id = product_variants.id);
INSERT INTO product_variants (product_id, sku, size, color, stock_quantity, price_adjustment, active, image) VALUES (669, 'SKU-67644', 'Celestial Moon and Star Romper 80 Cm', NULL, 1, 0, true, NULL) ON CONFLICT (sku) DO UPDATE SET stock_quantity = EXCLUDED.stock_quantity, size = EXCLUDED.size, active = EXCLUDED.active;
INSERT INTO prices (variant_id, amount, currency) SELECT id, 2200, 'Br' FROM product_variants WHERE sku = 'SKU-67644' AND NOT EXISTS (SELECT 1 FROM prices WHERE variant_id = product_variants.id);
INSERT INTO product_variants (product_id, sku, size, color, stock_quantity, price_adjustment, active, image) VALUES (669, 'SKU-67645', 'Celestial Moon and Star Romper 92 Cm', NULL, 1, 0, true, NULL) ON CONFLICT (sku) DO UPDATE SET stock_quantity = EXCLUDED.stock_quantity, size = EXCLUDED.size, active = EXCLUDED.active;
INSERT INTO prices (variant_id, amount, currency) SELECT id, 2200, 'Br' FROM product_variants WHERE sku = 'SKU-67645' AND NOT EXISTS (SELECT 1 FROM prices WHERE variant_id = product_variants.id);
INSERT INTO product_images (product_id, url, position) VALUES (669, '/images/669/photo_5792116823384854416_y.jpg', 0) ON CONFLICT DO NOTHING;
INSERT INTO product_images (product_id, url, position) VALUES (669, '/images/669/photo_5792116823384854421_x.jpg', 1) ON CONFLICT DO NOTHING;
INSERT INTO products (id, title, slug, description, thumbnail, active, base_price) VALUES (670, 'Butterfly Print Baby Zip Romper', 'butterfly-print-baby-zip-romper', '', '/images/670/photo_5792116823384854450_x.jpg', True, 2200) ON CONFLICT (id) DO UPDATE SET title = EXCLUDED.title, slug = EXCLUDED.slug, description = EXCLUDED.description, thumbnail = EXCLUDED.thumbnail, active = EXCLUDED.active, base_price = EXCLUDED.base_price;
INSERT INTO product_variants (product_id, sku, size, color, stock_quantity, price_adjustment, active, image) VALUES (670, 'SKU-67646', 'Butterfly Print Baby Zip Romper 0-3 M', NULL, 1, 0, true, NULL) ON CONFLICT (sku) DO UPDATE SET stock_quantity = EXCLUDED.stock_quantity, size = EXCLUDED.size, active = EXCLUDED.active;
INSERT INTO prices (variant_id, amount, currency) SELECT id, 2200, 'Br' FROM product_variants WHERE sku = 'SKU-67646' AND NOT EXISTS (SELECT 1 FROM prices WHERE variant_id = product_variants.id);
INSERT INTO product_images (product_id, url, position) VALUES (670, '/images/670/photo_5792116823384854450_x.jpg', 0) ON CONFLICT DO NOTHING;
INSERT INTO products (id, title, slug, description, thumbnail, active, base_price) VALUES (671, 'Aqua Whale Print Baby Zip Sleepsuit', 'aqua-whale-print-baby-zip-sleepsuit', '', '/images/671/photo_5792116823384854441_y.jpg', True, 2200) ON CONFLICT (id) DO UPDATE SET title = EXCLUDED.title, slug = EXCLUDED.slug, description = EXCLUDED.description, thumbnail = EXCLUDED.thumbnail, active = EXCLUDED.active, base_price = EXCLUDED.base_price;
INSERT INTO product_variants (product_id, sku, size, color, stock_quantity, price_adjustment, active, image) VALUES (671, 'SKU-67647', 'Aqua Whale Print Baby Zip Sleepsuit 0-3 M', NULL, 1, 0, true, NULL) ON CONFLICT (sku) DO UPDATE SET stock_quantity = EXCLUDED.stock_quantity, size = EXCLUDED.size, active = EXCLUDED.active;
INSERT INTO prices (variant_id, amount, currency) SELECT id, 2200, 'Br' FROM product_variants WHERE sku = 'SKU-67647' AND NOT EXISTS (SELECT 1 FROM prices WHERE variant_id = product_variants.id);
INSERT INTO product_variants (product_id, sku, size, color, stock_quantity, price_adjustment, active, image) VALUES (671, 'SKU-67648', 'Aqua Whale Print Baby Zip Sleepsuit 3-6 M', NULL, 1, 0, true, NULL) ON CONFLICT (sku) DO UPDATE SET stock_quantity = EXCLUDED.stock_quantity, size = EXCLUDED.size, active = EXCLUDED.active;
INSERT INTO prices (variant_id, amount, currency) SELECT id, 2200, 'Br' FROM product_variants WHERE sku = 'SKU-67648' AND NOT EXISTS (SELECT 1 FROM prices WHERE variant_id = product_variants.id);
INSERT INTO product_variants (product_id, sku, size, color, stock_quantity, price_adjustment, active, image) VALUES (671, 'SKU-67649', 'Aqua Whale Print Baby Zip Sleepsuit 6-9 M', NULL, 1, 0, true, NULL) ON CONFLICT (sku) DO UPDATE SET stock_quantity = EXCLUDED.stock_quantity, size = EXCLUDED.size, active = EXCLUDED.active;
INSERT INTO prices (variant_id, amount, currency) SELECT id, 2200, 'Br' FROM product_variants WHERE sku = 'SKU-67649' AND NOT EXISTS (SELECT 1 FROM prices WHERE variant_id = product_variants.id);
INSERT INTO product_images (product_id, url, position) VALUES (671, '/images/671/photo_5792116823384854441_y.jpg', 0) ON CONFLICT DO NOTHING;
INSERT INTO products (id, title, slug, description, thumbnail, active, base_price) VALUES (672, 'Multi-Color Floral Sleepsuit with Pink Trim', 'multi-color-floral-sleepsuit-with-pink-trim', '', '/images/672/photo_5792116823384854424_x.jpg', True, 2200) ON CONFLICT (id) DO UPDATE SET title = EXCLUDED.title, slug = EXCLUDED.slug, description = EXCLUDED.description, thumbnail = EXCLUDED.thumbnail, active = EXCLUDED.active, base_price = EXCLUDED.base_price;
INSERT INTO product_variants (product_id, sku, size, color, stock_quantity, price_adjustment, active, image) VALUES (672, 'SKU-67650', 'Multi-Color Floral Sleepsuit with Pink Trim 0-3 M', NULL, 1, 0, true, NULL) ON CONFLICT (sku) DO UPDATE SET stock_quantity = EXCLUDED.stock_quantity, size = EXCLUDED.size, active = EXCLUDED.active;
INSERT INTO prices (variant_id, amount, currency) SELECT id, 2200, 'Br' FROM product_variants WHERE sku = 'SKU-67650' AND NOT EXISTS (SELECT 1 FROM prices WHERE variant_id = product_variants.id);
INSERT INTO product_variants (product_id, sku, size, color, stock_quantity, price_adjustment, active, image) VALUES (672, 'SKU-67651', 'Multi-Color Floral Sleepsuit with Pink Trim 3-6 M', NULL, 1, 0, true, NULL) ON CONFLICT (sku) DO UPDATE SET stock_quantity = EXCLUDED.stock_quantity, size = EXCLUDED.size, active = EXCLUDED.active;
INSERT INTO prices (variant_id, amount, currency) SELECT id, 2200, 'Br' FROM product_variants WHERE sku = 'SKU-67651' AND NOT EXISTS (SELECT 1 FROM prices WHERE variant_id = product_variants.id);
INSERT INTO product_images (product_id, url, position) VALUES (672, '/images/672/photo_5792116823384854424_x.jpg', 0) ON CONFLICT DO NOTHING;
INSERT INTO products (id, title, slug, description, thumbnail, active, base_price) VALUES (673, 'Checkered Kids'' Zip Romper', 'checkered-kids-zip-romper', '', '/images/673/photo_5792116823384854426_x-1.jpg', True, 2200) ON CONFLICT (id) DO UPDATE SET title = EXCLUDED.title, slug = EXCLUDED.slug, description = EXCLUDED.description, thumbnail = EXCLUDED.thumbnail, active = EXCLUDED.active, base_price = EXCLUDED.base_price;
INSERT INTO product_variants (product_id, sku, size, color, stock_quantity, price_adjustment, active, image) VALUES (673, 'SKU-67652', 'Checkered Kids'' Zip Romper 9-12 M', NULL, 1, 0, true, NULL) ON CONFLICT (sku) DO UPDATE SET stock_quantity = EXCLUDED.stock_quantity, size = EXCLUDED.size, active = EXCLUDED.active;
INSERT INTO prices (variant_id, amount, currency) SELECT id, 2200, 'Br' FROM product_variants WHERE sku = 'SKU-67652' AND NOT EXISTS (SELECT 1 FROM prices WHERE variant_id = product_variants.id);
INSERT INTO product_variants (product_id, sku, size, color, stock_quantity, price_adjustment, active, image) VALUES (673, 'SKU-67653', 'Checkered Kids'' Zip Romper 12-18 M', NULL, 1, 0, true, NULL) ON CONFLICT (sku) DO UPDATE SET stock_quantity = EXCLUDED.stock_quantity, size = EXCLUDED.size, active = EXCLUDED.active;
INSERT INTO prices (variant_id, amount, currency) SELECT id, 2200, 'Br' FROM product_variants WHERE sku = 'SKU-67653' AND NOT EXISTS (SELECT 1 FROM prices WHERE variant_id = product_variants.id);
INSERT INTO product_images (product_id, url, position) VALUES (673, '/images/673/photo_5792116823384854426_x-1.jpg', 0) ON CONFLICT DO NOTHING;
INSERT INTO product_images (product_id, url, position) VALUES (673, '/images/673/photo_5792116823384854426_x.jpg', 1) ON CONFLICT DO NOTHING;
INSERT INTO products (id, title, slug, description, thumbnail, active, base_price) VALUES (674, 'Fall Floral Print Baby Zip Sleepsuit', 'fall-floral-print-baby-zip-sleepsuit', '', '/images/674/photo_5792116823384854432_y.jpg', True, 2200) ON CONFLICT (id) DO UPDATE SET title = EXCLUDED.title, slug = EXCLUDED.slug, description = EXCLUDED.description, thumbnail = EXCLUDED.thumbnail, active = EXCLUDED.active, base_price = EXCLUDED.base_price;
INSERT INTO product_variants (product_id, sku, size, color, stock_quantity, price_adjustment, active, image) VALUES (674, 'SKU-67654', 'Fall Floral Print Baby Zip Sleepsuit', NULL, 1, 0, true, NULL) ON CONFLICT (sku) DO UPDATE SET stock_quantity = EXCLUDED.stock_quantity, size = EXCLUDED.size, active = EXCLUDED.active;
INSERT INTO prices (variant_id, amount, currency) SELECT id, 2200, 'Br' FROM product_variants WHERE sku = 'SKU-67654' AND NOT EXISTS (SELECT 1 FROM prices WHERE variant_id = product_variants.id);
INSERT INTO product_images (product_id, url, position) VALUES (674, '/images/674/photo_5792116823384854432_y.jpg', 0) ON CONFLICT DO NOTHING;
INSERT INTO products (id, title, slug, description, thumbnail, active, base_price) VALUES (675, 'Teddy Bear Print Zip Romper', 'teddy-bear-print-zip-romper', '', '/images/675/photo_5792116823384854422_x.jpg', True, 0) ON CONFLICT (id) DO UPDATE SET title = EXCLUDED.title, slug = EXCLUDED.slug, description = EXCLUDED.description, thumbnail = EXCLUDED.thumbnail, active = EXCLUDED.active, base_price = EXCLUDED.base_price;
INSERT INTO product_images (product_id, url, position) VALUES (675, '/images/675/photo_5792116823384854422_x.jpg', 0) ON CONFLICT DO NOTHING;
INSERT INTO products (id, title, slug, description, thumbnail, active, base_price) VALUES (676, 'Fall Floral Print Baby Zip Sleepsuit', 'fall-floral-print-baby-zip-sleepsuit-1', '', '/images/676/photo_5792116823384854432_y.jpg', True, 2200) ON CONFLICT (id) DO UPDATE SET title = EXCLUDED.title, slug = EXCLUDED.slug, description = EXCLUDED.description, thumbnail = EXCLUDED.thumbnail, active = EXCLUDED.active, base_price = EXCLUDED.base_price;
INSERT INTO product_variants (product_id, sku, size, color, stock_quantity, price_adjustment, active, image) VALUES (676, 'SKU-67655', 'Fall Floral Print Baby Zip Sleepsuit 0-3M', NULL, 1, 0, true, NULL) ON CONFLICT (sku) DO UPDATE SET stock_quantity = EXCLUDED.stock_quantity, size = EXCLUDED.size, active = EXCLUDED.active;
INSERT INTO prices (variant_id, amount, currency) SELECT id, 2200, 'Br' FROM product_variants WHERE sku = 'SKU-67655' AND NOT EXISTS (SELECT 1 FROM prices WHERE variant_id = product_variants.id);
INSERT INTO product_images (product_id, url, position) VALUES (676, '/images/676/photo_5792116823384854432_y.jpg', 0) ON CONFLICT DO NOTHING;
INSERT INTO products (id, title, slug, description, thumbnail, active, base_price) VALUES (677, 'Alphabet Print Baby Zip Romper', 'alphabet-print-baby-zip-romper', '', '/images/677/photo_5792116823384854334_x.jpg', True, 1900) ON CONFLICT (id) DO UPDATE SET title = EXCLUDED.title, slug = EXCLUDED.slug, description = EXCLUDED.description, thumbnail = EXCLUDED.thumbnail, active = EXCLUDED.active, base_price = EXCLUDED.base_price;
INSERT INTO product_variants (product_id, sku, size, color, stock_quantity, price_adjustment, active, image) VALUES (677, 'SKU-67625', 'Alphabet Print Blue Baby Zip Romper NER BORN', NULL, 1, 0, true, NULL) ON CONFLICT (sku) DO UPDATE SET stock_quantity = EXCLUDED.stock_quantity, size = EXCLUDED.size, active = EXCLUDED.active;
INSERT INTO prices (variant_id, amount, currency) SELECT id, 1900, 'Br' FROM product_variants WHERE sku = 'SKU-67625' AND NOT EXISTS (SELECT 1 FROM prices WHERE variant_id = product_variants.id);
INSERT INTO product_images (product_id, url, position) VALUES (677, '/images/677/photo_5792116823384854334_x.jpg', 0) ON CONFLICT DO NOTHING;
INSERT INTO products (id, title, slug, description, thumbnail, active, base_price) VALUES (678, 'Hermes Gold Plated Bracelet -Red', 'hermes-gold-plated-bracelet', '', '/images/678/img_4954.jpg', True, 1900) ON CONFLICT (id) DO UPDATE SET title = EXCLUDED.title, slug = EXCLUDED.slug, description = EXCLUDED.description, thumbnail = EXCLUDED.thumbnail, active = EXCLUDED.active, base_price = EXCLUDED.base_price;
INSERT INTO product_variants (product_id, sku, size, color, stock_quantity, price_adjustment, active, image) VALUES (678, 'SKU-67656', 'Hermes Gold Plated Bracelet', NULL, 1, 0, true, NULL) ON CONFLICT (sku) DO UPDATE SET stock_quantity = EXCLUDED.stock_quantity, size = EXCLUDED.size, active = EXCLUDED.active;
INSERT INTO prices (variant_id, amount, currency) SELECT id, 1900, 'Br' FROM product_variants WHERE sku = 'SKU-67656' AND NOT EXISTS (SELECT 1 FROM prices WHERE variant_id = product_variants.id);
INSERT INTO product_images (product_id, url, position) VALUES (678, '/images/678/img_4954.jpg', 0) ON CONFLICT DO NOTHING;
INSERT INTO products (id, title, slug, description, thumbnail, active, base_price) VALUES (679, 'Girls Gray Jeans', 'girls-gray-jeans', '', '/images/679/photo_5796638766817545061_x.jpg', True, 2800) ON CONFLICT (id) DO UPDATE SET title = EXCLUDED.title, slug = EXCLUDED.slug, description = EXCLUDED.description, thumbnail = EXCLUDED.thumbnail, active = EXCLUDED.active, base_price = EXCLUDED.base_price;
INSERT INTO product_variants (product_id, sku, size, color, stock_quantity, price_adjustment, active, image) VALUES (679, 'SKU-67657', 'Girls Gray Jeans 5Y', NULL, 1, 0, true, NULL) ON CONFLICT (sku) DO UPDATE SET stock_quantity = EXCLUDED.stock_quantity, size = EXCLUDED.size, active = EXCLUDED.active;
INSERT INTO prices (variant_id, amount, currency) SELECT id, 2800, 'Br' FROM product_variants WHERE sku = 'SKU-67657' AND NOT EXISTS (SELECT 1 FROM prices WHERE variant_id = product_variants.id);
INSERT INTO product_variants (product_id, sku, size, color, stock_quantity, price_adjustment, active, image) VALUES (679, 'SKU-67658', 'Girls Gray Jeans 6Y', NULL, 1, 0, true, NULL) ON CONFLICT (sku) DO UPDATE SET stock_quantity = EXCLUDED.stock_quantity, size = EXCLUDED.size, active = EXCLUDED.active;
INSERT INTO prices (variant_id, amount, currency) SELECT id, 2800, 'Br' FROM product_variants WHERE sku = 'SKU-67658' AND NOT EXISTS (SELECT 1 FROM prices WHERE variant_id = product_variants.id);
INSERT INTO product_variants (product_id, sku, size, color, stock_quantity, price_adjustment, active, image) VALUES (679, 'SKU-67659', 'Girls Gray Jeans 7Y', NULL, 1, 0, true, NULL) ON CONFLICT (sku) DO UPDATE SET stock_quantity = EXCLUDED.stock_quantity, size = EXCLUDED.size, active = EXCLUDED.active;
INSERT INTO prices (variant_id, amount, currency) SELECT id, 2800, 'Br' FROM product_variants WHERE sku = 'SKU-67659' AND NOT EXISTS (SELECT 1 FROM prices WHERE variant_id = product_variants.id);
INSERT INTO product_variants (product_id, sku, size, color, stock_quantity, price_adjustment, active, image) VALUES (679, 'SKU-67660', 'Girls Gray Jeans 8Y', NULL, 1, 0, true, NULL) ON CONFLICT (sku) DO UPDATE SET stock_quantity = EXCLUDED.stock_quantity, size = EXCLUDED.size, active = EXCLUDED.active;
INSERT INTO prices (variant_id, amount, currency) SELECT id, 2800, 'Br' FROM product_variants WHERE sku = 'SKU-67660' AND NOT EXISTS (SELECT 1 FROM prices WHERE variant_id = product_variants.id);
INSERT INTO product_variants (product_id, sku, size, color, stock_quantity, price_adjustment, active, image) VALUES (679, 'SKU-67661', 'Girls Gray Jeans 10Y', NULL, 1, 0, true, NULL) ON CONFLICT (sku) DO UPDATE SET stock_quantity = EXCLUDED.stock_quantity, size = EXCLUDED.size, active = EXCLUDED.active;
INSERT INTO prices (variant_id, amount, currency) SELECT id, 2800, 'Br' FROM product_variants WHERE sku = 'SKU-67661' AND NOT EXISTS (SELECT 1 FROM prices WHERE variant_id = product_variants.id);
INSERT INTO product_variants (product_id, sku, size, color, stock_quantity, price_adjustment, active, image) VALUES (679, 'SKU-67662', 'Girls Gray Jeans 12Y', NULL, 1, 0, true, NULL) ON CONFLICT (sku) DO UPDATE SET stock_quantity = EXCLUDED.stock_quantity, size = EXCLUDED.size, active = EXCLUDED.active;
INSERT INTO prices (variant_id, amount, currency) SELECT id, 2800, 'Br' FROM product_variants WHERE sku = 'SKU-67662' AND NOT EXISTS (SELECT 1 FROM prices WHERE variant_id = product_variants.id);
INSERT INTO product_variants (product_id, sku, size, color, stock_quantity, price_adjustment, active, image) VALUES (679, 'SKU-67663', 'Girls Gray Jeans 14Y', NULL, 1, 0, true, NULL) ON CONFLICT (sku) DO UPDATE SET stock_quantity = EXCLUDED.stock_quantity, size = EXCLUDED.size, active = EXCLUDED.active;
INSERT INTO prices (variant_id, amount, currency) SELECT id, 2800, 'Br' FROM product_variants WHERE sku = 'SKU-67663' AND NOT EXISTS (SELECT 1 FROM prices WHERE variant_id = product_variants.id);
INSERT INTO product_variants (product_id, sku, size, color, stock_quantity, price_adjustment, active, image) VALUES (679, 'SKU-67664', 'Girls Gray Jeans 16Y', NULL, 1, 0, true, NULL) ON CONFLICT (sku) DO UPDATE SET stock_quantity = EXCLUDED.stock_quantity, size = EXCLUDED.size, active = EXCLUDED.active;
INSERT INTO prices (variant_id, amount, currency) SELECT id, 2800, 'Br' FROM product_variants WHERE sku = 'SKU-67664' AND NOT EXISTS (SELECT 1 FROM prices WHERE variant_id = product_variants.id);
INSERT INTO product_images (product_id, url, position) VALUES (679, '/images/679/photo_5796638766817545061_x.jpg', 0) ON CONFLICT DO NOTHING;
INSERT INTO products (id, title, slug, description, thumbnail, active, base_price) VALUES (680, 'Girls Red Skinny Jeans', 'girls-red-skinny-jeans', '', '/images/680/photo_5796638766817545063_x.jpg', True, 2800) ON CONFLICT (id) DO UPDATE SET title = EXCLUDED.title, slug = EXCLUDED.slug, description = EXCLUDED.description, thumbnail = EXCLUDED.thumbnail, active = EXCLUDED.active, base_price = EXCLUDED.base_price;
INSERT INTO product_variants (product_id, sku, size, color, stock_quantity, price_adjustment, active, image) VALUES (680, 'SKU-67665', 'Girls Red Skinny Jeans 6Y', NULL, 1, 0, true, NULL) ON CONFLICT (sku) DO UPDATE SET stock_quantity = EXCLUDED.stock_quantity, size = EXCLUDED.size, active = EXCLUDED.active;
INSERT INTO prices (variant_id, amount, currency) SELECT id, 2800, 'Br' FROM product_variants WHERE sku = 'SKU-67665' AND NOT EXISTS (SELECT 1 FROM prices WHERE variant_id = product_variants.id);
INSERT INTO product_variants (product_id, sku, size, color, stock_quantity, price_adjustment, active, image) VALUES (680, 'SKU-67666', 'Girls Red Skinny Jeans 7Y', NULL, 1, 0, true, NULL) ON CONFLICT (sku) DO UPDATE SET stock_quantity = EXCLUDED.stock_quantity, size = EXCLUDED.size, active = EXCLUDED.active;
INSERT INTO prices (variant_id, amount, currency) SELECT id, 2800, 'Br' FROM product_variants WHERE sku = 'SKU-67666' AND NOT EXISTS (SELECT 1 FROM prices WHERE variant_id = product_variants.id);
INSERT INTO product_variants (product_id, sku, size, color, stock_quantity, price_adjustment, active, image) VALUES (680, 'SKU-67667', 'Girls Red Skinny Jeans 16Y', NULL, 1, 0, true, NULL) ON CONFLICT (sku) DO UPDATE SET stock_quantity = EXCLUDED.stock_quantity, size = EXCLUDED.size, active = EXCLUDED.active;
INSERT INTO prices (variant_id, amount, currency) SELECT id, 2800, 'Br' FROM product_variants WHERE sku = 'SKU-67667' AND NOT EXISTS (SELECT 1 FROM prices WHERE variant_id = product_variants.id);
INSERT INTO product_images (product_id, url, position) VALUES (680, '/images/680/photo_5796638766817545063_x.jpg', 0) ON CONFLICT DO NOTHING;
INSERT INTO products (id, title, slug, description, thumbnail, active, base_price) VALUES (681, 'Pastel Checkerboard Sleepsuit', 'pastel-checkerboard-sleepsuit', '', '/images/681/photo_5796638766817545071_x.jpg', True, 2200) ON CONFLICT (id) DO UPDATE SET title = EXCLUDED.title, slug = EXCLUDED.slug, description = EXCLUDED.description, thumbnail = EXCLUDED.thumbnail, active = EXCLUDED.active, base_price = EXCLUDED.base_price;
INSERT INTO product_variants (product_id, sku, size, color, stock_quantity, price_adjustment, active, image) VALUES (681, 'SKU-67668', 'Pastel Checkerboard Sleepsuit 3-6M', NULL, 1, 0, true, NULL) ON CONFLICT (sku) DO UPDATE SET stock_quantity = EXCLUDED.stock_quantity, size = EXCLUDED.size, active = EXCLUDED.active;
INSERT INTO prices (variant_id, amount, currency) SELECT id, 2200, 'Br' FROM product_variants WHERE sku = 'SKU-67668' AND NOT EXISTS (SELECT 1 FROM prices WHERE variant_id = product_variants.id);
INSERT INTO product_images (product_id, url, position) VALUES (681, '/images/681/photo_5796638766817545071_x.jpg', 0) ON CONFLICT DO NOTHING;
INSERT INTO products (id, title, slug, description, thumbnail, active, base_price) VALUES (682, 'Baby Hooded Fuzzy Footed Romper', 'baby-hooded-fuzzy-footed-romper', '', '/images/682/photo_5796638766817545072_y.jpg', True, 2900) ON CONFLICT (id) DO UPDATE SET title = EXCLUDED.title, slug = EXCLUDED.slug, description = EXCLUDED.description, thumbnail = EXCLUDED.thumbnail, active = EXCLUDED.active, base_price = EXCLUDED.base_price;
INSERT INTO product_variants (product_id, sku, size, color, stock_quantity, price_adjustment, active, image) VALUES (682, 'SKU-67669', 'Baby Hooded Fuzzy Footed Romper 12M', NULL, 1, 0, true, NULL) ON CONFLICT (sku) DO UPDATE SET stock_quantity = EXCLUDED.stock_quantity, size = EXCLUDED.size, active = EXCLUDED.active;
INSERT INTO prices (variant_id, amount, currency) SELECT id, 2900, 'Br' FROM product_variants WHERE sku = 'SKU-67669' AND NOT EXISTS (SELECT 1 FROM prices WHERE variant_id = product_variants.id);
INSERT INTO product_images (product_id, url, position) VALUES (682, '/images/682/photo_5796638766817545072_y.jpg', 0) ON CONFLICT DO NOTHING;
INSERT INTO products (id, title, slug, description, thumbnail, active, base_price) VALUES (683, 'Colorful Vertical Stripe Zip Sleepsuit', 'colorful-vertical-stripe-zip-sleepsuit', '', '/images/683/photo_5796638766817545073_x.jpg', True, 2200) ON CONFLICT (id) DO UPDATE SET title = EXCLUDED.title, slug = EXCLUDED.slug, description = EXCLUDED.description, thumbnail = EXCLUDED.thumbnail, active = EXCLUDED.active, base_price = EXCLUDED.base_price;
INSERT INTO product_variants (product_id, sku, size, color, stock_quantity, price_adjustment, active, image) VALUES (683, 'SKU-67670', 'Colorful Vertical Stripe Zip Sleepsuit 62Cm', NULL, 1, 0, true, NULL) ON CONFLICT (sku) DO UPDATE SET stock_quantity = EXCLUDED.stock_quantity, size = EXCLUDED.size, active = EXCLUDED.active;
INSERT INTO prices (variant_id, amount, currency) SELECT id, 2200, 'Br' FROM product_variants WHERE sku = 'SKU-67670' AND NOT EXISTS (SELECT 1 FROM prices WHERE variant_id = product_variants.id);
INSERT INTO product_variants (product_id, sku, size, color, stock_quantity, price_adjustment, active, image) VALUES (683, 'SKU-67671', 'Colorful Vertical Stripe Zip Sleepsuit 68Cm', NULL, 1, 0, true, NULL) ON CONFLICT (sku) DO UPDATE SET stock_quantity = EXCLUDED.stock_quantity, size = EXCLUDED.size, active = EXCLUDED.active;
INSERT INTO prices (variant_id, amount, currency) SELECT id, 2200, 'Br' FROM product_variants WHERE sku = 'SKU-67671' AND NOT EXISTS (SELECT 1 FROM prices WHERE variant_id = product_variants.id);
INSERT INTO product_variants (product_id, sku, size, color, stock_quantity, price_adjustment, active, image) VALUES (683, 'SKU-67672', 'Colorful Vertical Stripe Zip Sleepsuit 74Cm', NULL, 1, 0, true, NULL) ON CONFLICT (sku) DO UPDATE SET stock_quantity = EXCLUDED.stock_quantity, size = EXCLUDED.size, active = EXCLUDED.active;
INSERT INTO prices (variant_id, amount, currency) SELECT id, 2200, 'Br' FROM product_variants WHERE sku = 'SKU-67672' AND NOT EXISTS (SELECT 1 FROM prices WHERE variant_id = product_variants.id);
INSERT INTO product_variants (product_id, sku, size, color, stock_quantity, price_adjustment, active, image) VALUES (683, 'SKU-67673', 'Colorful Vertical Stripe Zip Sleepsuit 86Cm', NULL, 1, 0, true, NULL) ON CONFLICT (sku) DO UPDATE SET stock_quantity = EXCLUDED.stock_quantity, size = EXCLUDED.size, active = EXCLUDED.active;
INSERT INTO prices (variant_id, amount, currency) SELECT id, 2200, 'Br' FROM product_variants WHERE sku = 'SKU-67673' AND NOT EXISTS (SELECT 1 FROM prices WHERE variant_id = product_variants.id);
INSERT INTO product_images (product_id, url, position) VALUES (683, '/images/683/photo_5796638766817545073_x.jpg', 0) ON CONFLICT DO NOTHING;
INSERT INTO products (id, title, slug, description, thumbnail, active, base_price) VALUES (684, 'Baby Burgundy Teddy Zip Romper', 'baby-burgundy-teddy-zip-romper', '', '/images/684/photo_5796638766817545076_y.jpg', True, 2900) ON CONFLICT (id) DO UPDATE SET title = EXCLUDED.title, slug = EXCLUDED.slug, description = EXCLUDED.description, thumbnail = EXCLUDED.thumbnail, active = EXCLUDED.active, base_price = EXCLUDED.base_price;
INSERT INTO product_variants (product_id, sku, size, color, stock_quantity, price_adjustment, active, image) VALUES (684, 'SKU-67674', 'Baby Burgundy Teddy Zip Romper NB', NULL, 1, 0, true, NULL) ON CONFLICT (sku) DO UPDATE SET stock_quantity = EXCLUDED.stock_quantity, size = EXCLUDED.size, active = EXCLUDED.active;
INSERT INTO prices (variant_id, amount, currency) SELECT id, 2900, 'Br' FROM product_variants WHERE sku = 'SKU-67674' AND NOT EXISTS (SELECT 1 FROM prices WHERE variant_id = product_variants.id);
INSERT INTO product_variants (product_id, sku, size, color, stock_quantity, price_adjustment, active, image) VALUES (684, 'SKU-67675', 'Baby Burgundy Teddy Zip Romper 3-6M', NULL, 1, 0, true, NULL) ON CONFLICT (sku) DO UPDATE SET stock_quantity = EXCLUDED.stock_quantity, size = EXCLUDED.size, active = EXCLUDED.active;
INSERT INTO prices (variant_id, amount, currency) SELECT id, 2900, 'Br' FROM product_variants WHERE sku = 'SKU-67675' AND NOT EXISTS (SELECT 1 FROM prices WHERE variant_id = product_variants.id);
INSERT INTO product_variants (product_id, sku, size, color, stock_quantity, price_adjustment, active, image) VALUES (684, 'SKU-67676', 'Baby Burgundy Teddy Zip Romper 6-12M', NULL, 1, 0, true, NULL) ON CONFLICT (sku) DO UPDATE SET stock_quantity = EXCLUDED.stock_quantity, size = EXCLUDED.size, active = EXCLUDED.active;
INSERT INTO prices (variant_id, amount, currency) SELECT id, 2900, 'Br' FROM product_variants WHERE sku = 'SKU-67676' AND NOT EXISTS (SELECT 1 FROM prices WHERE variant_id = product_variants.id);
INSERT INTO product_images (product_id, url, position) VALUES (684, '/images/684/photo_5796638766817545076_y.jpg', 0) ON CONFLICT DO NOTHING;
INSERT INTO products (id, title, slug, description, thumbnail, active, base_price) VALUES (685, 'Green Donut and Bear Baby Romper', 'green-donut-and-bear-baby-romper', '', '/images/685/photo_5796638766817545078_x.jpg', True, 2200) ON CONFLICT (id) DO UPDATE SET title = EXCLUDED.title, slug = EXCLUDED.slug, description = EXCLUDED.description, thumbnail = EXCLUDED.thumbnail, active = EXCLUDED.active, base_price = EXCLUDED.base_price;
INSERT INTO product_variants (product_id, sku, size, color, stock_quantity, price_adjustment, active, image) VALUES (685, 'SKU-67677', 'Green Donut and Bear Baby Romper 74Cm', NULL, 1, 0, true, NULL) ON CONFLICT (sku) DO UPDATE SET stock_quantity = EXCLUDED.stock_quantity, size = EXCLUDED.size, active = EXCLUDED.active;
INSERT INTO prices (variant_id, amount, currency) SELECT id, 2200, 'Br' FROM product_variants WHERE sku = 'SKU-67677' AND NOT EXISTS (SELECT 1 FROM prices WHERE variant_id = product_variants.id);
INSERT INTO product_variants (product_id, sku, size, color, stock_quantity, price_adjustment, active, image) VALUES (685, 'SKU-67678', 'Green Donut and Bear Baby Romper 80Cm', NULL, 1, 0, true, NULL) ON CONFLICT (sku) DO UPDATE SET stock_quantity = EXCLUDED.stock_quantity, size = EXCLUDED.size, active = EXCLUDED.active;
INSERT INTO prices (variant_id, amount, currency) SELECT id, 2200, 'Br' FROM product_variants WHERE sku = 'SKU-67678' AND NOT EXISTS (SELECT 1 FROM prices WHERE variant_id = product_variants.id);
INSERT INTO product_variants (product_id, sku, size, color, stock_quantity, price_adjustment, active, image) VALUES (685, 'SKU-67679', 'Green Donut and Bear Baby Romper 86Cm', NULL, 1, 0, true, NULL) ON CONFLICT (sku) DO UPDATE SET stock_quantity = EXCLUDED.stock_quantity, size = EXCLUDED.size, active = EXCLUDED.active;
INSERT INTO prices (variant_id, amount, currency) SELECT id, 2200, 'Br' FROM product_variants WHERE sku = 'SKU-67679' AND NOT EXISTS (SELECT 1 FROM prices WHERE variant_id = product_variants.id);
INSERT INTO product_variants (product_id, sku, size, color, stock_quantity, price_adjustment, active, image) VALUES (685, 'SKU-67680', 'Green Donut and Bear Baby Romper 92Cm', NULL, 1, 0, true, NULL) ON CONFLICT (sku) DO UPDATE SET stock_quantity = EXCLUDED.stock_quantity, size = EXCLUDED.size, active = EXCLUDED.active;
INSERT INTO prices (variant_id, amount, currency) SELECT id, 2200, 'Br' FROM product_variants WHERE sku = 'SKU-67680' AND NOT EXISTS (SELECT 1 FROM prices WHERE variant_id = product_variants.id);
INSERT INTO product_images (product_id, url, position) VALUES (685, '/images/685/photo_5796638766817545078_x.jpg', 0) ON CONFLICT DO NOTHING;
INSERT INTO product_images (product_id, url, position) VALUES (685, '/images/685/photo_5796638766817545077_x.jpg', 1) ON CONFLICT DO NOTHING;
INSERT INTO products (id, title, slug, description, thumbnail, active, base_price) VALUES (686, 'Red Watermelon Slice Baby Zip Romper', 'red-watermelon-slice-baby-zip-romper', '', '/images/686/photo_5796638766817545092_x.jpg', True, 2200) ON CONFLICT (id) DO UPDATE SET title = EXCLUDED.title, slug = EXCLUDED.slug, description = EXCLUDED.description, thumbnail = EXCLUDED.thumbnail, active = EXCLUDED.active, base_price = EXCLUDED.base_price;
INSERT INTO product_variants (product_id, sku, size, color, stock_quantity, price_adjustment, active, image) VALUES (686, 'SKU-67681', 'Red Watermelon Slice Baby Zip Romper 68Cm', NULL, 1, 0, true, NULL) ON CONFLICT (sku) DO UPDATE SET stock_quantity = EXCLUDED.stock_quantity, size = EXCLUDED.size, active = EXCLUDED.active;
INSERT INTO prices (variant_id, amount, currency) SELECT id, 2200, 'Br' FROM product_variants WHERE sku = 'SKU-67681' AND NOT EXISTS (SELECT 1 FROM prices WHERE variant_id = product_variants.id);
INSERT INTO product_variants (product_id, sku, size, color, stock_quantity, price_adjustment, active, image) VALUES (686, 'SKU-67682', 'Red Watermelon Slice Baby Zip Romper 80Cm', NULL, 1, 0, true, NULL) ON CONFLICT (sku) DO UPDATE SET stock_quantity = EXCLUDED.stock_quantity, size = EXCLUDED.size, active = EXCLUDED.active;
INSERT INTO prices (variant_id, amount, currency) SELECT id, 2200, 'Br' FROM product_variants WHERE sku = 'SKU-67682' AND NOT EXISTS (SELECT 1 FROM prices WHERE variant_id = product_variants.id);
INSERT INTO product_variants (product_id, sku, size, color, stock_quantity, price_adjustment, active, image) VALUES (686, 'SKU-67683', 'Red Watermelon Slice Baby Zip Romper 92Cm', NULL, 1, 0, true, NULL) ON CONFLICT (sku) DO UPDATE SET stock_quantity = EXCLUDED.stock_quantity, size = EXCLUDED.size, active = EXCLUDED.active;
INSERT INTO prices (variant_id, amount, currency) SELECT id, 2200, 'Br' FROM product_variants WHERE sku = 'SKU-67683' AND NOT EXISTS (SELECT 1 FROM prices WHERE variant_id = product_variants.id);
INSERT INTO product_images (product_id, url, position) VALUES (686, '/images/686/photo_5796638766817545092_x.jpg', 0) ON CONFLICT DO NOTHING;
INSERT INTO products (id, title, slug, description, thumbnail, active, base_price) VALUES (687, 'Dark Wash Skinny Jeans ', 'dark-wash-skinny-jeans', '', '/images/687/photo_5796638766817545118_x.jpg', True, 2200) ON CONFLICT (id) DO UPDATE SET title = EXCLUDED.title, slug = EXCLUDED.slug, description = EXCLUDED.description, thumbnail = EXCLUDED.thumbnail, active = EXCLUDED.active, base_price = EXCLUDED.base_price;
INSERT INTO product_variants (product_id, sku, size, color, stock_quantity, price_adjustment, active, image) VALUES (687, 'SKU-67684', 'Dark Wash Skinny Jeans  5Y', NULL, 1, 0, true, NULL) ON CONFLICT (sku) DO UPDATE SET stock_quantity = EXCLUDED.stock_quantity, size = EXCLUDED.size, active = EXCLUDED.active;
INSERT INTO prices (variant_id, amount, currency) SELECT id, 2200, 'Br' FROM product_variants WHERE sku = 'SKU-67684' AND NOT EXISTS (SELECT 1 FROM prices WHERE variant_id = product_variants.id);
INSERT INTO product_variants (product_id, sku, size, color, stock_quantity, price_adjustment, active, image) VALUES (687, 'SKU-67685', 'Dark Wash Skinny Jeans  6Y', NULL, 1, 0, true, NULL) ON CONFLICT (sku) DO UPDATE SET stock_quantity = EXCLUDED.stock_quantity, size = EXCLUDED.size, active = EXCLUDED.active;
INSERT INTO prices (variant_id, amount, currency) SELECT id, 2200, 'Br' FROM product_variants WHERE sku = 'SKU-67685' AND NOT EXISTS (SELECT 1 FROM prices WHERE variant_id = product_variants.id);
INSERT INTO product_variants (product_id, sku, size, color, stock_quantity, price_adjustment, active, image) VALUES (687, 'SKU-67686', 'Dark Wash Skinny Jeans  7Y', NULL, 1, 0, true, NULL) ON CONFLICT (sku) DO UPDATE SET stock_quantity = EXCLUDED.stock_quantity, size = EXCLUDED.size, active = EXCLUDED.active;
INSERT INTO prices (variant_id, amount, currency) SELECT id, 2200, 'Br' FROM product_variants WHERE sku = 'SKU-67686' AND NOT EXISTS (SELECT 1 FROM prices WHERE variant_id = product_variants.id);
INSERT INTO product_variants (product_id, sku, size, color, stock_quantity, price_adjustment, active, image) VALUES (687, 'SKU-67687', 'Dark Wash Skinny Jeans  8Y', NULL, 1, 0, true, NULL) ON CONFLICT (sku) DO UPDATE SET stock_quantity = EXCLUDED.stock_quantity, size = EXCLUDED.size, active = EXCLUDED.active;
INSERT INTO prices (variant_id, amount, currency) SELECT id, 2200, 'Br' FROM product_variants WHERE sku = 'SKU-67687' AND NOT EXISTS (SELECT 1 FROM prices WHERE variant_id = product_variants.id);
INSERT INTO product_variants (product_id, sku, size, color, stock_quantity, price_adjustment, active, image) VALUES (687, 'SKU-67688', 'Dark Wash Skinny Jeans  10Y', NULL, 1, 0, true, NULL) ON CONFLICT (sku) DO UPDATE SET stock_quantity = EXCLUDED.stock_quantity, size = EXCLUDED.size, active = EXCLUDED.active;
INSERT INTO prices (variant_id, amount, currency) SELECT id, 2200, 'Br' FROM product_variants WHERE sku = 'SKU-67688' AND NOT EXISTS (SELECT 1 FROM prices WHERE variant_id = product_variants.id);
INSERT INTO product_variants (product_id, sku, size, color, stock_quantity, price_adjustment, active, image) VALUES (687, 'SKU-67689', 'Dark Wash Skinny Jeans  12Y', NULL, 1, 0, true, NULL) ON CONFLICT (sku) DO UPDATE SET stock_quantity = EXCLUDED.stock_quantity, size = EXCLUDED.size, active = EXCLUDED.active;
INSERT INTO prices (variant_id, amount, currency) SELECT id, 2200, 'Br' FROM product_variants WHERE sku = 'SKU-67689' AND NOT EXISTS (SELECT 1 FROM prices WHERE variant_id = product_variants.id);
INSERT INTO product_variants (product_id, sku, size, color, stock_quantity, price_adjustment, active, image) VALUES (687, 'SKU-67690', 'Dark Wash Skinny Jeans  14Y', NULL, 1, 0, true, NULL) ON CONFLICT (sku) DO UPDATE SET stock_quantity = EXCLUDED.stock_quantity, size = EXCLUDED.size, active = EXCLUDED.active;
INSERT INTO prices (variant_id, amount, currency) SELECT id, 2200, 'Br' FROM product_variants WHERE sku = 'SKU-67690' AND NOT EXISTS (SELECT 1 FROM prices WHERE variant_id = product_variants.id);
INSERT INTO product_variants (product_id, sku, size, color, stock_quantity, price_adjustment, active, image) VALUES (687, 'SKU-67691', 'Dark Wash Skinny Jeans  16Y', NULL, 1, 0, true, NULL) ON CONFLICT (sku) DO UPDATE SET stock_quantity = EXCLUDED.stock_quantity, size = EXCLUDED.size, active = EXCLUDED.active;
INSERT INTO prices (variant_id, amount, currency) SELECT id, 2200, 'Br' FROM product_variants WHERE sku = 'SKU-67691' AND NOT EXISTS (SELECT 1 FROM prices WHERE variant_id = product_variants.id);
INSERT INTO product_images (product_id, url, position) VALUES (687, '/images/687/photo_5796638766817545118_x.jpg', 0) ON CONFLICT DO NOTHING;
INSERT INTO products (id, title, slug, description, thumbnail, active, base_price) VALUES (688, 'Gold Happy Mouse Character Sleepsuit', 'gold-happy-mouse-character-sleepsuit', '', '/images/688/photo_5796638766817545139_x.jpg', True, 2200) ON CONFLICT (id) DO UPDATE SET title = EXCLUDED.title, slug = EXCLUDED.slug, description = EXCLUDED.description, thumbnail = EXCLUDED.thumbnail, active = EXCLUDED.active, base_price = EXCLUDED.base_price;
INSERT INTO product_variants (product_id, sku, size, color, stock_quantity, price_adjustment, active, image) VALUES (688, 'SKU-67692', 'Gold Happy Mouse Character Sleepsuit 62Cm', NULL, 1, 0, true, NULL) ON CONFLICT (sku) DO UPDATE SET stock_quantity = EXCLUDED.stock_quantity, size = EXCLUDED.size, active = EXCLUDED.active;
INSERT INTO prices (variant_id, amount, currency) SELECT id, 2200, 'Br' FROM product_variants WHERE sku = 'SKU-67692' AND NOT EXISTS (SELECT 1 FROM prices WHERE variant_id = product_variants.id);
INSERT INTO product_variants (product_id, sku, size, color, stock_quantity, price_adjustment, active, image) VALUES (688, 'SKU-67693', 'Gold Happy Mouse Character Sleepsuit 68Cm', NULL, 1, 0, true, NULL) ON CONFLICT (sku) DO UPDATE SET stock_quantity = EXCLUDED.stock_quantity, size = EXCLUDED.size, active = EXCLUDED.active;
INSERT INTO prices (variant_id, amount, currency) SELECT id, 2200, 'Br' FROM product_variants WHERE sku = 'SKU-67693' AND NOT EXISTS (SELECT 1 FROM prices WHERE variant_id = product_variants.id);
INSERT INTO product_variants (product_id, sku, size, color, stock_quantity, price_adjustment, active, image) VALUES (688, 'SKU-67694', 'Gold Happy Mouse Character Sleepsuit 74Cm', NULL, 1, 0, true, NULL) ON CONFLICT (sku) DO UPDATE SET stock_quantity = EXCLUDED.stock_quantity, size = EXCLUDED.size, active = EXCLUDED.active;
INSERT INTO prices (variant_id, amount, currency) SELECT id, 2200, 'Br' FROM product_variants WHERE sku = 'SKU-67694' AND NOT EXISTS (SELECT 1 FROM prices WHERE variant_id = product_variants.id);
INSERT INTO product_variants (product_id, sku, size, color, stock_quantity, price_adjustment, active, image) VALUES (688, 'SKU-67695', 'Gold Happy Mouse Character Sleepsuit 80Cm', NULL, 1, 0, true, NULL) ON CONFLICT (sku) DO UPDATE SET stock_quantity = EXCLUDED.stock_quantity, size = EXCLUDED.size, active = EXCLUDED.active;
INSERT INTO prices (variant_id, amount, currency) SELECT id, 2200, 'Br' FROM product_variants WHERE sku = 'SKU-67695' AND NOT EXISTS (SELECT 1 FROM prices WHERE variant_id = product_variants.id);
INSERT INTO product_variants (product_id, sku, size, color, stock_quantity, price_adjustment, active, image) VALUES (688, 'SKU-67696', 'Gold Happy Mouse Character Sleepsuit 86Cm', NULL, 1, 0, true, NULL) ON CONFLICT (sku) DO UPDATE SET stock_quantity = EXCLUDED.stock_quantity, size = EXCLUDED.size, active = EXCLUDED.active;
INSERT INTO prices (variant_id, amount, currency) SELECT id, 2200, 'Br' FROM product_variants WHERE sku = 'SKU-67696' AND NOT EXISTS (SELECT 1 FROM prices WHERE variant_id = product_variants.id);
INSERT INTO product_variants (product_id, sku, size, color, stock_quantity, price_adjustment, active, image) VALUES (688, 'SKU-67697', 'Gold Happy Mouse Character Sleepsuit 92Cm', NULL, 1, 0, true, NULL) ON CONFLICT (sku) DO UPDATE SET stock_quantity = EXCLUDED.stock_quantity, size = EXCLUDED.size, active = EXCLUDED.active;
INSERT INTO prices (variant_id, amount, currency) SELECT id, 2200, 'Br' FROM product_variants WHERE sku = 'SKU-67697' AND NOT EXISTS (SELECT 1 FROM prices WHERE variant_id = product_variants.id);
INSERT INTO product_images (product_id, url, position) VALUES (688, '/images/688/photo_5796638766817545139_x.jpg', 0) ON CONFLICT DO NOTHING;
INSERT INTO products (id, title, slug, description, thumbnail, active, base_price) VALUES (689, 'Sun and Wave Pattern Sleepsuit', 'sun-and-wave-pattern-sleepsuit', '', '/images/689/photo_5796638766817545209_x.jpg', True, 2200) ON CONFLICT (id) DO UPDATE SET title = EXCLUDED.title, slug = EXCLUDED.slug, description = EXCLUDED.description, thumbnail = EXCLUDED.thumbnail, active = EXCLUDED.active, base_price = EXCLUDED.base_price;
INSERT INTO product_variants (product_id, sku, size, color, stock_quantity, price_adjustment, active, image) VALUES (689, 'SKU-67698', 'Sun and Wave Pattern Sleepsuit 0-3M', NULL, 1, 0, true, NULL) ON CONFLICT (sku) DO UPDATE SET stock_quantity = EXCLUDED.stock_quantity, size = EXCLUDED.size, active = EXCLUDED.active;
INSERT INTO prices (variant_id, amount, currency) SELECT id, 2200, 'Br' FROM product_variants WHERE sku = 'SKU-67698' AND NOT EXISTS (SELECT 1 FROM prices WHERE variant_id = product_variants.id);
INSERT INTO product_images (product_id, url, position) VALUES (689, '/images/689/photo_5796638766817545209_x.jpg', 0) ON CONFLICT DO NOTHING;
INSERT INTO products (id, title, slug, description, thumbnail, active, base_price) VALUES (690, 'Mickey Mouse Pirate Print Sleepsuit', 'mickey-mouse-pirate-print-sleepsuit', '', '/images/690/photo_5796638766817545213_x.jpg', True, 2200) ON CONFLICT (id) DO UPDATE SET title = EXCLUDED.title, slug = EXCLUDED.slug, description = EXCLUDED.description, thumbnail = EXCLUDED.thumbnail, active = EXCLUDED.active, base_price = EXCLUDED.base_price;
INSERT INTO product_variants (product_id, sku, size, color, stock_quantity, price_adjustment, active, image) VALUES (690, 'SKU-67699', 'Mickey Mouse Pirate Print Sleepsuit 62Cm', NULL, 1, 0, true, NULL) ON CONFLICT (sku) DO UPDATE SET stock_quantity = EXCLUDED.stock_quantity, size = EXCLUDED.size, active = EXCLUDED.active;
INSERT INTO prices (variant_id, amount, currency) SELECT id, 2200, 'Br' FROM product_variants WHERE sku = 'SKU-67699' AND NOT EXISTS (SELECT 1 FROM prices WHERE variant_id = product_variants.id);
INSERT INTO product_variants (product_id, sku, size, color, stock_quantity, price_adjustment, active, image) VALUES (690, 'SKU-67700', 'Mickey Mouse Pirate Print Sleepsuit 92Cm', NULL, 1, 0, true, NULL) ON CONFLICT (sku) DO UPDATE SET stock_quantity = EXCLUDED.stock_quantity, size = EXCLUDED.size, active = EXCLUDED.active;
INSERT INTO prices (variant_id, amount, currency) SELECT id, 2200, 'Br' FROM product_variants WHERE sku = 'SKU-67700' AND NOT EXISTS (SELECT 1 FROM prices WHERE variant_id = product_variants.id);
INSERT INTO product_variants (product_id, sku, size, color, stock_quantity, price_adjustment, active, image) VALUES (690, 'SKU-67701', 'Mickey Mouse Pirate Print Sleepsuit 80Cm', NULL, 1, 0, true, NULL) ON CONFLICT (sku) DO UPDATE SET stock_quantity = EXCLUDED.stock_quantity, size = EXCLUDED.size, active = EXCLUDED.active;
INSERT INTO prices (variant_id, amount, currency) SELECT id, 2200, 'Br' FROM product_variants WHERE sku = 'SKU-67701' AND NOT EXISTS (SELECT 1 FROM prices WHERE variant_id = product_variants.id);
INSERT INTO product_images (product_id, url, position) VALUES (690, '/images/690/photo_5796638766817545213_x.jpg', 0) ON CONFLICT DO NOTHING;
INSERT INTO products (id, title, slug, description, thumbnail, active, base_price) VALUES (691, 'Strawberry Zip Sleeper', 'strawberry-zip-sleeper', '', '/images/691/photo_5796638766817545220_x.jpg', True, 2200) ON CONFLICT (id) DO UPDATE SET title = EXCLUDED.title, slug = EXCLUDED.slug, description = EXCLUDED.description, thumbnail = EXCLUDED.thumbnail, active = EXCLUDED.active, base_price = EXCLUDED.base_price;
INSERT INTO product_variants (product_id, sku, size, color, stock_quantity, price_adjustment, active, image) VALUES (691, 'SKU-67702', 'Strawberry Zip Sleeper 0-3M', NULL, 1, 0, true, NULL) ON CONFLICT (sku) DO UPDATE SET stock_quantity = EXCLUDED.stock_quantity, size = EXCLUDED.size, active = EXCLUDED.active;
INSERT INTO prices (variant_id, amount, currency) SELECT id, 2200, 'Br' FROM product_variants WHERE sku = 'SKU-67702' AND NOT EXISTS (SELECT 1 FROM prices WHERE variant_id = product_variants.id);
INSERT INTO product_variants (product_id, sku, size, color, stock_quantity, price_adjustment, active, image) VALUES (691, 'SKU-67703', 'Strawberry Zip Sleeper 3-6M', NULL, 1, 0, true, NULL) ON CONFLICT (sku) DO UPDATE SET stock_quantity = EXCLUDED.stock_quantity, size = EXCLUDED.size, active = EXCLUDED.active;
INSERT INTO prices (variant_id, amount, currency) SELECT id, 2200, 'Br' FROM product_variants WHERE sku = 'SKU-67703' AND NOT EXISTS (SELECT 1 FROM prices WHERE variant_id = product_variants.id);
INSERT INTO product_images (product_id, url, position) VALUES (691, '/images/691/photo_5796638766817545220_x.jpg', 0) ON CONFLICT DO NOTHING;
INSERT INTO products (id, title, slug, description, thumbnail, active, base_price) VALUES (692, 'Pink Sports Romper', 'pink-sports-romper', '', '/images/692/photo_5796638766817545236_x.jpg', True, 2200) ON CONFLICT (id) DO UPDATE SET title = EXCLUDED.title, slug = EXCLUDED.slug, description = EXCLUDED.description, thumbnail = EXCLUDED.thumbnail, active = EXCLUDED.active, base_price = EXCLUDED.base_price;
INSERT INTO product_variants (product_id, sku, size, color, stock_quantity, price_adjustment, active, image) VALUES (692, 'SKU-67704', 'Pink Sports Romper 62Cm', NULL, 1, 0, true, NULL) ON CONFLICT (sku) DO UPDATE SET stock_quantity = EXCLUDED.stock_quantity, size = EXCLUDED.size, active = EXCLUDED.active;
INSERT INTO prices (variant_id, amount, currency) SELECT id, 2200, 'Br' FROM product_variants WHERE sku = 'SKU-67704' AND NOT EXISTS (SELECT 1 FROM prices WHERE variant_id = product_variants.id);
INSERT INTO product_variants (product_id, sku, size, color, stock_quantity, price_adjustment, active, image) VALUES (692, 'SKU-67705', 'Pink Sports Romper 80Cm', NULL, 1, 0, true, NULL) ON CONFLICT (sku) DO UPDATE SET stock_quantity = EXCLUDED.stock_quantity, size = EXCLUDED.size, active = EXCLUDED.active;
INSERT INTO prices (variant_id, amount, currency) SELECT id, 2200, 'Br' FROM product_variants WHERE sku = 'SKU-67705' AND NOT EXISTS (SELECT 1 FROM prices WHERE variant_id = product_variants.id);
INSERT INTO product_images (product_id, url, position) VALUES (692, '/images/692/photo_5796638766817545236_x.jpg', 0) ON CONFLICT DO NOTHING;
INSERT INTO products (id, title, slug, description, thumbnail, active, base_price) VALUES (693, 'Balloon Dream Sleeper', 'balloon-dream-sleeper', '', '/images/693/photo_5796638766817545237_x.jpg', True, 2200) ON CONFLICT (id) DO UPDATE SET title = EXCLUDED.title, slug = EXCLUDED.slug, description = EXCLUDED.description, thumbnail = EXCLUDED.thumbnail, active = EXCLUDED.active, base_price = EXCLUDED.base_price;
INSERT INTO product_variants (product_id, sku, size, color, stock_quantity, price_adjustment, active, image) VALUES (693, 'SKU-67706', 'Balloon Dream Sleeper 0-3Cm', NULL, 1, 0, true, NULL) ON CONFLICT (sku) DO UPDATE SET stock_quantity = EXCLUDED.stock_quantity, size = EXCLUDED.size, active = EXCLUDED.active;
INSERT INTO prices (variant_id, amount, currency) SELECT id, 2200, 'Br' FROM product_variants WHERE sku = 'SKU-67706' AND NOT EXISTS (SELECT 1 FROM prices WHERE variant_id = product_variants.id);
INSERT INTO product_variants (product_id, sku, size, color, stock_quantity, price_adjustment, active, image) VALUES (693, 'SKU-67707', 'Balloon Dream Sleeper 3-6M', NULL, 1, 0, true, NULL) ON CONFLICT (sku) DO UPDATE SET stock_quantity = EXCLUDED.stock_quantity, size = EXCLUDED.size, active = EXCLUDED.active;
INSERT INTO prices (variant_id, amount, currency) SELECT id, 2200, 'Br' FROM product_variants WHERE sku = 'SKU-67707' AND NOT EXISTS (SELECT 1 FROM prices WHERE variant_id = product_variants.id);
INSERT INTO product_images (product_id, url, position) VALUES (693, '/images/693/photo_5796638766817545237_x.jpg', 0) ON CONFLICT DO NOTHING;
INSERT INTO products (id, title, slug, description, thumbnail, active, base_price) VALUES (694, 'Explorer Fleece Romper', 'explorer-fleece-romper', '', '/images/694/photo_5796638766817545265_y.jpg', True, 2200) ON CONFLICT (id) DO UPDATE SET title = EXCLUDED.title, slug = EXCLUDED.slug, description = EXCLUDED.description, thumbnail = EXCLUDED.thumbnail, active = EXCLUDED.active, base_price = EXCLUDED.base_price;
INSERT INTO product_variants (product_id, sku, size, color, stock_quantity, price_adjustment, active, image) VALUES (694, 'SKU-67708', 'Explorer Fleece Romper 0-3M', NULL, 1, 0, true, NULL) ON CONFLICT (sku) DO UPDATE SET stock_quantity = EXCLUDED.stock_quantity, size = EXCLUDED.size, active = EXCLUDED.active;
INSERT INTO prices (variant_id, amount, currency) SELECT id, 2200, 'Br' FROM product_variants WHERE sku = 'SKU-67708' AND NOT EXISTS (SELECT 1 FROM prices WHERE variant_id = product_variants.id);
INSERT INTO product_variants (product_id, sku, size, color, stock_quantity, price_adjustment, active, image) VALUES (694, 'SKU-67709', 'Explorer Fleece Romper 0-6M', NULL, 1, 0, true, NULL) ON CONFLICT (sku) DO UPDATE SET stock_quantity = EXCLUDED.stock_quantity, size = EXCLUDED.size, active = EXCLUDED.active;
INSERT INTO prices (variant_id, amount, currency) SELECT id, 2200, 'Br' FROM product_variants WHERE sku = 'SKU-67709' AND NOT EXISTS (SELECT 1 FROM prices WHERE variant_id = product_variants.id);
INSERT INTO product_variants (product_id, sku, size, color, stock_quantity, price_adjustment, active, image) VALUES (694, 'SKU-67710', 'Explorer Fleece Romper 6-9M', NULL, 1, 0, true, NULL) ON CONFLICT (sku) DO UPDATE SET stock_quantity = EXCLUDED.stock_quantity, size = EXCLUDED.size, active = EXCLUDED.active;
INSERT INTO prices (variant_id, amount, currency) SELECT id, 2200, 'Br' FROM product_variants WHERE sku = 'SKU-67710' AND NOT EXISTS (SELECT 1 FROM prices WHERE variant_id = product_variants.id);
INSERT INTO product_images (product_id, url, position) VALUES (694, '/images/694/photo_5796638766817545265_y.jpg', 0) ON CONFLICT DO NOTHING;
INSERT INTO products (id, title, slug, description, thumbnail, active, base_price) VALUES (695, 'Rainbow Arc Sleeper', 'rainbow-arc-sleeper', '', '/images/695/photo_5796638766817545301_x.jpg', True, 2200) ON CONFLICT (id) DO UPDATE SET title = EXCLUDED.title, slug = EXCLUDED.slug, description = EXCLUDED.description, thumbnail = EXCLUDED.thumbnail, active = EXCLUDED.active, base_price = EXCLUDED.base_price;
INSERT INTO product_variants (product_id, sku, size, color, stock_quantity, price_adjustment, active, image) VALUES (695, 'SKU-67711', 'Rainbow Arc Sleeper 0-3M', NULL, 1, 0, true, NULL) ON CONFLICT (sku) DO UPDATE SET stock_quantity = EXCLUDED.stock_quantity, size = EXCLUDED.size, active = EXCLUDED.active;
INSERT INTO prices (variant_id, amount, currency) SELECT id, 2200, 'Br' FROM product_variants WHERE sku = 'SKU-67711' AND NOT EXISTS (SELECT 1 FROM prices WHERE variant_id = product_variants.id);
INSERT INTO product_variants (product_id, sku, size, color, stock_quantity, price_adjustment, active, image) VALUES (695, 'SKU-67712', 'Rainbow Arc Sleeper 3-6M', NULL, 1, 0, true, NULL) ON CONFLICT (sku) DO UPDATE SET stock_quantity = EXCLUDED.stock_quantity, size = EXCLUDED.size, active = EXCLUDED.active;
INSERT INTO prices (variant_id, amount, currency) SELECT id, 2200, 'Br' FROM product_variants WHERE sku = 'SKU-67712' AND NOT EXISTS (SELECT 1 FROM prices WHERE variant_id = product_variants.id);
INSERT INTO product_images (product_id, url, position) VALUES (695, '/images/695/photo_5796638766817545301_x.jpg', 0) ON CONFLICT DO NOTHING;
INSERT INTO products (id, title, slug, description, thumbnail, active, base_price) VALUES (696, 'Checkered Smile Romper', 'checkered-smile-romper', '', '/images/696/photo_5796638766817545305_y.jpg', True, 2200) ON CONFLICT (id) DO UPDATE SET title = EXCLUDED.title, slug = EXCLUDED.slug, description = EXCLUDED.description, thumbnail = EXCLUDED.thumbnail, active = EXCLUDED.active, base_price = EXCLUDED.base_price;
INSERT INTO product_variants (product_id, sku, size, color, stock_quantity, price_adjustment, active, image) VALUES (696, 'SKU-67713', 'Checkered Smile Romper 62Cm', NULL, 1, 0, true, NULL) ON CONFLICT (sku) DO UPDATE SET stock_quantity = EXCLUDED.stock_quantity, size = EXCLUDED.size, active = EXCLUDED.active;
INSERT INTO prices (variant_id, amount, currency) SELECT id, 2200, 'Br' FROM product_variants WHERE sku = 'SKU-67713' AND NOT EXISTS (SELECT 1 FROM prices WHERE variant_id = product_variants.id);
INSERT INTO product_variants (product_id, sku, size, color, stock_quantity, price_adjustment, active, image) VALUES (696, 'SKU-67714', 'Checkered Smile Romper 72Cm', NULL, 1, 0, true, NULL) ON CONFLICT (sku) DO UPDATE SET stock_quantity = EXCLUDED.stock_quantity, size = EXCLUDED.size, active = EXCLUDED.active;
INSERT INTO prices (variant_id, amount, currency) SELECT id, 2200, 'Br' FROM product_variants WHERE sku = 'SKU-67714' AND NOT EXISTS (SELECT 1 FROM prices WHERE variant_id = product_variants.id);
INSERT INTO product_images (product_id, url, position) VALUES (696, '/images/696/photo_5796638766817545305_y.jpg', 0) ON CONFLICT DO NOTHING;
INSERT INTO products (id, title, slug, description, thumbnail, active, base_price) VALUES (697, 'Racer Zip Romper', 'racer-zip-romper', '', '/images/697/photo_5796638766817545307_y.jpg', True, 2200) ON CONFLICT (id) DO UPDATE SET title = EXCLUDED.title, slug = EXCLUDED.slug, description = EXCLUDED.description, thumbnail = EXCLUDED.thumbnail, active = EXCLUDED.active, base_price = EXCLUDED.base_price;
INSERT INTO product_variants (product_id, sku, size, color, stock_quantity, price_adjustment, active, image) VALUES (697, 'SKU-67715', 'Racer Zip Romper 3-6M', NULL, 1, 0, true, NULL) ON CONFLICT (sku) DO UPDATE SET stock_quantity = EXCLUDED.stock_quantity, size = EXCLUDED.size, active = EXCLUDED.active;
INSERT INTO prices (variant_id, amount, currency) SELECT id, 2200, 'Br' FROM product_variants WHERE sku = 'SKU-67715' AND NOT EXISTS (SELECT 1 FROM prices WHERE variant_id = product_variants.id);
INSERT INTO product_images (product_id, url, position) VALUES (697, '/images/697/photo_5796638766817545307_y.jpg', 0) ON CONFLICT DO NOTHING;
INSERT INTO products (id, title, slug, description, thumbnail, active, base_price) VALUES (698, 'Bear Hug Zip Romper', 'bear-hug-zip-romper', '', '/images/698/photo_5796638766817545313_y.jpg', True, 2200) ON CONFLICT (id) DO UPDATE SET title = EXCLUDED.title, slug = EXCLUDED.slug, description = EXCLUDED.description, thumbnail = EXCLUDED.thumbnail, active = EXCLUDED.active, base_price = EXCLUDED.base_price;
INSERT INTO product_variants (product_id, sku, size, color, stock_quantity, price_adjustment, active, image) VALUES (698, 'SKU-67716', 'Bear Hug Zip Romper 80Cm', NULL, 1, 0, true, NULL) ON CONFLICT (sku) DO UPDATE SET stock_quantity = EXCLUDED.stock_quantity, size = EXCLUDED.size, active = EXCLUDED.active;
INSERT INTO prices (variant_id, amount, currency) SELECT id, 2200, 'Br' FROM product_variants WHERE sku = 'SKU-67716' AND NOT EXISTS (SELECT 1 FROM prices WHERE variant_id = product_variants.id);
INSERT INTO product_variants (product_id, sku, size, color, stock_quantity, price_adjustment, active, image) VALUES (698, 'SKU-67717', 'Bear Hug Zip Romper 86Cm', NULL, 1, 0, true, NULL) ON CONFLICT (sku) DO UPDATE SET stock_quantity = EXCLUDED.stock_quantity, size = EXCLUDED.size, active = EXCLUDED.active;
INSERT INTO prices (variant_id, amount, currency) SELECT id, 2200, 'Br' FROM product_variants WHERE sku = 'SKU-67717' AND NOT EXISTS (SELECT 1 FROM prices WHERE variant_id = product_variants.id);
INSERT INTO product_variants (product_id, sku, size, color, stock_quantity, price_adjustment, active, image) VALUES (698, 'SKU-67718', 'Bear Hug Zip Romper 92Cm', NULL, 1, 0, true, NULL) ON CONFLICT (sku) DO UPDATE SET stock_quantity = EXCLUDED.stock_quantity, size = EXCLUDED.size, active = EXCLUDED.active;
INSERT INTO prices (variant_id, amount, currency) SELECT id, 2200, 'Br' FROM product_variants WHERE sku = 'SKU-67718' AND NOT EXISTS (SELECT 1 FROM prices WHERE variant_id = product_variants.id);
INSERT INTO product_images (product_id, url, position) VALUES (698, '/images/698/photo_5796638766817545313_y.jpg', 0) ON CONFLICT DO NOTHING;
INSERT INTO products (id, title, slug, description, thumbnail, active, base_price) VALUES (699, 'Hundred Acre Romper', 'hundred-acre-romper', '', '/images/699/photo_5796638766817545317_x.jpg', True, 2200) ON CONFLICT (id) DO UPDATE SET title = EXCLUDED.title, slug = EXCLUDED.slug, description = EXCLUDED.description, thumbnail = EXCLUDED.thumbnail, active = EXCLUDED.active, base_price = EXCLUDED.base_price;
INSERT INTO product_variants (product_id, sku, size, color, stock_quantity, price_adjustment, active, image) VALUES (699, 'SKU-67719', 'Hundred Acre Romper 92Cm', NULL, 1, 0, true, NULL) ON CONFLICT (sku) DO UPDATE SET stock_quantity = EXCLUDED.stock_quantity, size = EXCLUDED.size, active = EXCLUDED.active;
INSERT INTO prices (variant_id, amount, currency) SELECT id, 2200, 'Br' FROM product_variants WHERE sku = 'SKU-67719' AND NOT EXISTS (SELECT 1 FROM prices WHERE variant_id = product_variants.id);
INSERT INTO product_variants (product_id, sku, size, color, stock_quantity, price_adjustment, active, image) VALUES (699, 'SKU-67720', 'Hundred Acre Romper 62Cm', NULL, 1, 0, true, NULL) ON CONFLICT (sku) DO UPDATE SET stock_quantity = EXCLUDED.stock_quantity, size = EXCLUDED.size, active = EXCLUDED.active;
INSERT INTO prices (variant_id, amount, currency) SELECT id, 2200, 'Br' FROM product_variants WHERE sku = 'SKU-67720' AND NOT EXISTS (SELECT 1 FROM prices WHERE variant_id = product_variants.id);
INSERT INTO product_variants (product_id, sku, size, color, stock_quantity, price_adjustment, active, image) VALUES (699, 'SKU-67721', 'Hundred Acre Romper 80Cm', NULL, 1, 0, true, NULL) ON CONFLICT (sku) DO UPDATE SET stock_quantity = EXCLUDED.stock_quantity, size = EXCLUDED.size, active = EXCLUDED.active;
INSERT INTO prices (variant_id, amount, currency) SELECT id, 2200, 'Br' FROM product_variants WHERE sku = 'SKU-67721' AND NOT EXISTS (SELECT 1 FROM prices WHERE variant_id = product_variants.id);
INSERT INTO product_images (product_id, url, position) VALUES (699, '/images/699/photo_5796638766817545317_x.jpg', 0) ON CONFLICT DO NOTHING;
INSERT INTO products (id, title, slug, description, thumbnail, active, base_price) VALUES (700, 'Pink Bloom Romper', 'pink-bloom-romper', '', '/images/700/photo_5796638766817545338_x.jpg', True, 2200) ON CONFLICT (id) DO UPDATE SET title = EXCLUDED.title, slug = EXCLUDED.slug, description = EXCLUDED.description, thumbnail = EXCLUDED.thumbnail, active = EXCLUDED.active, base_price = EXCLUDED.base_price;
INSERT INTO product_variants (product_id, sku, size, color, stock_quantity, price_adjustment, active, image) VALUES (700, 'SKU-67723', 'Pink Bloom Romper 6-12M', NULL, 1, 0, true, NULL) ON CONFLICT (sku) DO UPDATE SET stock_quantity = EXCLUDED.stock_quantity, size = EXCLUDED.size, active = EXCLUDED.active;
INSERT INTO prices (variant_id, amount, currency) SELECT id, 2200, 'Br' FROM product_variants WHERE sku = 'SKU-67723' AND NOT EXISTS (SELECT 1 FROM prices WHERE variant_id = product_variants.id);
INSERT INTO product_variants (product_id, sku, size, color, stock_quantity, price_adjustment, active, image) VALUES (700, 'SKU-67722', 'Pink Bloom Romper 0-3M', NULL, 1, 0, true, NULL) ON CONFLICT (sku) DO UPDATE SET stock_quantity = EXCLUDED.stock_quantity, size = EXCLUDED.size, active = EXCLUDED.active;
INSERT INTO prices (variant_id, amount, currency) SELECT id, 2200, 'Br' FROM product_variants WHERE sku = 'SKU-67722' AND NOT EXISTS (SELECT 1 FROM prices WHERE variant_id = product_variants.id);
INSERT INTO product_images (product_id, url, position) VALUES (700, '/images/700/photo_5796638766817545338_x.jpg', 0) ON CONFLICT DO NOTHING;
INSERT INTO products (id, title, slug, description, thumbnail, active, base_price) VALUES (701, 'Mosaic Zip Romper', 'mosaic-zip-romper', '', '/images/701/photo_5796638766817545359_x.jpg', True, 2200) ON CONFLICT (id) DO UPDATE SET title = EXCLUDED.title, slug = EXCLUDED.slug, description = EXCLUDED.description, thumbnail = EXCLUDED.thumbnail, active = EXCLUDED.active, base_price = EXCLUDED.base_price;
INSERT INTO product_variants (product_id, sku, size, color, stock_quantity, price_adjustment, active, image) VALUES (701, 'SKU-67724', 'Mosaic Zip Romper 80Cm', NULL, 1, 0, true, NULL) ON CONFLICT (sku) DO UPDATE SET stock_quantity = EXCLUDED.stock_quantity, size = EXCLUDED.size, active = EXCLUDED.active;
INSERT INTO prices (variant_id, amount, currency) SELECT id, 2200, 'Br' FROM product_variants WHERE sku = 'SKU-67724' AND NOT EXISTS (SELECT 1 FROM prices WHERE variant_id = product_variants.id);
INSERT INTO product_variants (product_id, sku, size, color, stock_quantity, price_adjustment, active, image) VALUES (701, 'SKU-67725', 'Mosaic Zip Romper 86Cm', NULL, 1, 0, true, NULL) ON CONFLICT (sku) DO UPDATE SET stock_quantity = EXCLUDED.stock_quantity, size = EXCLUDED.size, active = EXCLUDED.active;
INSERT INTO prices (variant_id, amount, currency) SELECT id, 2200, 'Br' FROM product_variants WHERE sku = 'SKU-67725' AND NOT EXISTS (SELECT 1 FROM prices WHERE variant_id = product_variants.id);
INSERT INTO product_images (product_id, url, position) VALUES (701, '/images/701/photo_5796638766817545359_x.jpg', 0) ON CONFLICT DO NOTHING;
INSERT INTO products (id, title, slug, description, thumbnail, active, base_price) VALUES (702, 'Pink Diamond Check Romper', 'pink-diamond-check-romper', '', '/images/702/photo_5796638766817545361_x.jpg', True, 2200) ON CONFLICT (id) DO UPDATE SET title = EXCLUDED.title, slug = EXCLUDED.slug, description = EXCLUDED.description, thumbnail = EXCLUDED.thumbnail, active = EXCLUDED.active, base_price = EXCLUDED.base_price;
INSERT INTO product_variants (product_id, sku, size, color, stock_quantity, price_adjustment, active, image) VALUES (702, 'SKU-67726', 'Pink Diamond Check Romper NB', NULL, 1, 0, true, NULL) ON CONFLICT (sku) DO UPDATE SET stock_quantity = EXCLUDED.stock_quantity, size = EXCLUDED.size, active = EXCLUDED.active;
INSERT INTO prices (variant_id, amount, currency) SELECT id, 2200, 'Br' FROM product_variants WHERE sku = 'SKU-67726' AND NOT EXISTS (SELECT 1 FROM prices WHERE variant_id = product_variants.id);
INSERT INTO product_images (product_id, url, position) VALUES (702, '/images/702/photo_5796638766817545361_x.jpg', 0) ON CONFLICT DO NOTHING;
INSERT INTO product_images (product_id, url, position) VALUES (702, '/images/702/photo_5796638766817545362_x.jpg', 1) ON CONFLICT DO NOTHING;
INSERT INTO products (id, title, slug, description, thumbnail, active, base_price) VALUES (703, 'The Everyday Slouch Tote Bag- Black', 'the-everyday-slouch-tote-black', '', '/images/703/photo_5785138089939373058_x.jpg', True, 5400) ON CONFLICT (id) DO UPDATE SET title = EXCLUDED.title, slug = EXCLUDED.slug, description = EXCLUDED.description, thumbnail = EXCLUDED.thumbnail, active = EXCLUDED.active, base_price = EXCLUDED.base_price;
INSERT INTO product_variants (product_id, sku, size, color, stock_quantity, price_adjustment, active, image) VALUES (703, 'SKU-67590', 'The Everyday Slouch Tote - Black', NULL, 1, 0, true, NULL) ON CONFLICT (sku) DO UPDATE SET stock_quantity = EXCLUDED.stock_quantity, size = EXCLUDED.size, active = EXCLUDED.active;
INSERT INTO prices (variant_id, amount, currency) SELECT id, 5400, 'Br' FROM product_variants WHERE sku = 'SKU-67590' AND NOT EXISTS (SELECT 1 FROM prices WHERE variant_id = product_variants.id);
INSERT INTO product_images (product_id, url, position) VALUES (703, '/images/703/photo_5785138089939373058_x.jpg', 0) ON CONFLICT DO NOTHING;
INSERT INTO product_images (product_id, url, position) VALUES (703, '/images/703/photo_5785138089939373059_x.jpg', 1) ON CONFLICT DO NOTHING;
INSERT INTO products (id, title, slug, description, thumbnail, active, base_price) VALUES (704, 'Rust Sheep Zip Romper', 'rust-sheep-zip-romper', '', '/images/704/photo_5796638766817545363_x.jpg', True, 2200) ON CONFLICT (id) DO UPDATE SET title = EXCLUDED.title, slug = EXCLUDED.slug, description = EXCLUDED.description, thumbnail = EXCLUDED.thumbnail, active = EXCLUDED.active, base_price = EXCLUDED.base_price;
INSERT INTO product_variants (product_id, sku, size, color, stock_quantity, price_adjustment, active, image) VALUES (704, 'SKU-67727', 'Rust Sheep Zip Romper NB', NULL, 1, 0, true, NULL) ON CONFLICT (sku) DO UPDATE SET stock_quantity = EXCLUDED.stock_quantity, size = EXCLUDED.size, active = EXCLUDED.active;
INSERT INTO prices (variant_id, amount, currency) SELECT id, 2200, 'Br' FROM product_variants WHERE sku = 'SKU-67727' AND NOT EXISTS (SELECT 1 FROM prices WHERE variant_id = product_variants.id);
INSERT INTO product_variants (product_id, sku, size, color, stock_quantity, price_adjustment, active, image) VALUES (704, 'SKU-67728', 'Rust Sheep Zip Romper 0-3M', NULL, 1, 0, true, NULL) ON CONFLICT (sku) DO UPDATE SET stock_quantity = EXCLUDED.stock_quantity, size = EXCLUDED.size, active = EXCLUDED.active;
INSERT INTO prices (variant_id, amount, currency) SELECT id, 2200, 'Br' FROM product_variants WHERE sku = 'SKU-67728' AND NOT EXISTS (SELECT 1 FROM prices WHERE variant_id = product_variants.id);
INSERT INTO product_images (product_id, url, position) VALUES (704, '/images/704/photo_5796638766817545363_x.jpg', 0) ON CONFLICT DO NOTHING;
INSERT INTO products (id, title, slug, description, thumbnail, active, base_price) VALUES (705, 'Sky Blue Happy Romper', 'sky-blue-happy-romper', '', '/images/705/photo_5796638766817545370_x.jpg', True, 2200) ON CONFLICT (id) DO UPDATE SET title = EXCLUDED.title, slug = EXCLUDED.slug, description = EXCLUDED.description, thumbnail = EXCLUDED.thumbnail, active = EXCLUDED.active, base_price = EXCLUDED.base_price;
INSERT INTO product_variants (product_id, sku, size, color, stock_quantity, price_adjustment, active, image) VALUES (705, 'SKU-67729', 'Sky Blue Happy Romper 0-3M', NULL, 1, 0, true, NULL) ON CONFLICT (sku) DO UPDATE SET stock_quantity = EXCLUDED.stock_quantity, size = EXCLUDED.size, active = EXCLUDED.active;
INSERT INTO prices (variant_id, amount, currency) SELECT id, 2200, 'Br' FROM product_variants WHERE sku = 'SKU-67729' AND NOT EXISTS (SELECT 1 FROM prices WHERE variant_id = product_variants.id);
INSERT INTO product_variants (product_id, sku, size, color, stock_quantity, price_adjustment, active, image) VALUES (705, 'SKU-67730', 'Sky Blue Happy Romper 3-6M', NULL, 1, 0, true, NULL) ON CONFLICT (sku) DO UPDATE SET stock_quantity = EXCLUDED.stock_quantity, size = EXCLUDED.size, active = EXCLUDED.active;
INSERT INTO prices (variant_id, amount, currency) SELECT id, 2200, 'Br' FROM product_variants WHERE sku = 'SKU-67730' AND NOT EXISTS (SELECT 1 FROM prices WHERE variant_id = product_variants.id);
INSERT INTO product_images (product_id, url, position) VALUES (705, '/images/705/photo_5796638766817545370_x.jpg', 0) ON CONFLICT DO NOTHING;
INSERT INTO products (id, title, slug, description, thumbnail, active, base_price) VALUES (706, 'Pooh''s Hunny Romper', 'poohs-hunny-romper', '', '/images/706/photo_5796638766817545371_x.jpg', True, 2200) ON CONFLICT (id) DO UPDATE SET title = EXCLUDED.title, slug = EXCLUDED.slug, description = EXCLUDED.description, thumbnail = EXCLUDED.thumbnail, active = EXCLUDED.active, base_price = EXCLUDED.base_price;
INSERT INTO product_variants (product_id, sku, size, color, stock_quantity, price_adjustment, active, image) VALUES (706, 'SKU-67731', 'Pooh''s Hunny Romper 68Cm', NULL, 1, 0, true, NULL) ON CONFLICT (sku) DO UPDATE SET stock_quantity = EXCLUDED.stock_quantity, size = EXCLUDED.size, active = EXCLUDED.active;
INSERT INTO prices (variant_id, amount, currency) SELECT id, 2200, 'Br' FROM product_variants WHERE sku = 'SKU-67731' AND NOT EXISTS (SELECT 1 FROM prices WHERE variant_id = product_variants.id);
INSERT INTO product_images (product_id, url, position) VALUES (706, '/images/706/photo_5796638766817545371_x.jpg', 0) ON CONFLICT DO NOTHING;
INSERT INTO products (id, title, slug, description, thumbnail, active, base_price) VALUES (707, 'Abstract Play Romper', 'abstract-play-romper', '', '/images/707/photo_5796638766817545374_x.jpg', True, 2200) ON CONFLICT (id) DO UPDATE SET title = EXCLUDED.title, slug = EXCLUDED.slug, description = EXCLUDED.description, thumbnail = EXCLUDED.thumbnail, active = EXCLUDED.active, base_price = EXCLUDED.base_price;
INSERT INTO product_variants (product_id, sku, size, color, stock_quantity, price_adjustment, active, image) VALUES (707, 'SKU-67732', 'Abstract Play Romper 86Cm', NULL, 1, 0, true, NULL) ON CONFLICT (sku) DO UPDATE SET stock_quantity = EXCLUDED.stock_quantity, size = EXCLUDED.size, active = EXCLUDED.active;
INSERT INTO prices (variant_id, amount, currency) SELECT id, 2200, 'Br' FROM product_variants WHERE sku = 'SKU-67732' AND NOT EXISTS (SELECT 1 FROM prices WHERE variant_id = product_variants.id);
INSERT INTO product_images (product_id, url, position) VALUES (707, '/images/707/photo_5796638766817545374_x.jpg', 0) ON CONFLICT DO NOTHING;
INSERT INTO products (id, title, slug, description, thumbnail, active, base_price) VALUES (708, 'Muted Grid Romper', 'muted-grid-romper', '', '/images/708/photo_5796638766817545377_x.jpg', True, 2200) ON CONFLICT (id) DO UPDATE SET title = EXCLUDED.title, slug = EXCLUDED.slug, description = EXCLUDED.description, thumbnail = EXCLUDED.thumbnail, active = EXCLUDED.active, base_price = EXCLUDED.base_price;
INSERT INTO product_variants (product_id, sku, size, color, stock_quantity, price_adjustment, active, image) VALUES (708, 'SKU-67733', 'Muted Grid Romper 3-6M', NULL, 1, 0, true, NULL) ON CONFLICT (sku) DO UPDATE SET stock_quantity = EXCLUDED.stock_quantity, size = EXCLUDED.size, active = EXCLUDED.active;
INSERT INTO prices (variant_id, amount, currency) SELECT id, 2200, 'Br' FROM product_variants WHERE sku = 'SKU-67733' AND NOT EXISTS (SELECT 1 FROM prices WHERE variant_id = product_variants.id);
INSERT INTO product_images (product_id, url, position) VALUES (708, '/images/708/photo_5796638766817545377_x.jpg', 0) ON CONFLICT DO NOTHING;
INSERT INTO products (id, title, slug, description, thumbnail, active, base_price) VALUES (709, 'Yellow Pop Romper', 'yellow-pop-romper', '', '/images/709/photo_5796638766817545378_x.jpg', True, 2200) ON CONFLICT (id) DO UPDATE SET title = EXCLUDED.title, slug = EXCLUDED.slug, description = EXCLUDED.description, thumbnail = EXCLUDED.thumbnail, active = EXCLUDED.active, base_price = EXCLUDED.base_price;
INSERT INTO product_variants (product_id, sku, size, color, stock_quantity, price_adjustment, active, image) VALUES (709, 'SKU-67734', 'Yellow Pop Romper 62Cm', NULL, 1, 0, true, NULL) ON CONFLICT (sku) DO UPDATE SET stock_quantity = EXCLUDED.stock_quantity, size = EXCLUDED.size, active = EXCLUDED.active;
INSERT INTO prices (variant_id, amount, currency) SELECT id, 2200, 'Br' FROM product_variants WHERE sku = 'SKU-67734' AND NOT EXISTS (SELECT 1 FROM prices WHERE variant_id = product_variants.id);
INSERT INTO product_variants (product_id, sku, size, color, stock_quantity, price_adjustment, active, image) VALUES (709, 'SKU-67735', 'Yellow Pop Romper 86Cm', NULL, 1, 0, true, NULL) ON CONFLICT (sku) DO UPDATE SET stock_quantity = EXCLUDED.stock_quantity, size = EXCLUDED.size, active = EXCLUDED.active;
INSERT INTO prices (variant_id, amount, currency) SELECT id, 2200, 'Br' FROM product_variants WHERE sku = 'SKU-67735' AND NOT EXISTS (SELECT 1 FROM prices WHERE variant_id = product_variants.id);
INSERT INTO product_variants (product_id, sku, size, color, stock_quantity, price_adjustment, active, image) VALUES (709, 'SKU-67736', 'Yellow Pop Romper 92Cm', NULL, 1, 0, true, NULL) ON CONFLICT (sku) DO UPDATE SET stock_quantity = EXCLUDED.stock_quantity, size = EXCLUDED.size, active = EXCLUDED.active;
INSERT INTO prices (variant_id, amount, currency) SELECT id, 2200, 'Br' FROM product_variants WHERE sku = 'SKU-67736' AND NOT EXISTS (SELECT 1 FROM prices WHERE variant_id = product_variants.id);
INSERT INTO product_images (product_id, url, position) VALUES (709, '/images/709/photo_5796638766817545378_x.jpg', 0) ON CONFLICT DO NOTHING;
INSERT INTO products (id, title, slug, description, thumbnail, active, base_price) VALUES (710, 'Pink Floral Zip Romper', 'pink-floral-zip-romper', '', '/images/710/photo_5796638766817545383_x.jpg', True, 2200) ON CONFLICT (id) DO UPDATE SET title = EXCLUDED.title, slug = EXCLUDED.slug, description = EXCLUDED.description, thumbnail = EXCLUDED.thumbnail, active = EXCLUDED.active, base_price = EXCLUDED.base_price;
INSERT INTO product_variants (product_id, sku, size, color, stock_quantity, price_adjustment, active, image) VALUES (710, 'SKU-67737', 'Pink Floral Zip Romper NB', NULL, 1, 0, true, NULL) ON CONFLICT (sku) DO UPDATE SET stock_quantity = EXCLUDED.stock_quantity, size = EXCLUDED.size, active = EXCLUDED.active;
INSERT INTO prices (variant_id, amount, currency) SELECT id, 2200, 'Br' FROM product_variants WHERE sku = 'SKU-67737' AND NOT EXISTS (SELECT 1 FROM prices WHERE variant_id = product_variants.id);
INSERT INTO product_variants (product_id, sku, size, color, stock_quantity, price_adjustment, active, image) VALUES (710, 'SKU-67738', 'Pink Floral Zip Romper 0-3M', NULL, 1, 0, true, NULL) ON CONFLICT (sku) DO UPDATE SET stock_quantity = EXCLUDED.stock_quantity, size = EXCLUDED.size, active = EXCLUDED.active;
INSERT INTO prices (variant_id, amount, currency) SELECT id, 2200, 'Br' FROM product_variants WHERE sku = 'SKU-67738' AND NOT EXISTS (SELECT 1 FROM prices WHERE variant_id = product_variants.id);
INSERT INTO product_variants (product_id, sku, size, color, stock_quantity, price_adjustment, active, image) VALUES (710, 'SKU-67739', 'Pink Floral Zip Romper 3-6M', NULL, 1, 0, true, NULL) ON CONFLICT (sku) DO UPDATE SET stock_quantity = EXCLUDED.stock_quantity, size = EXCLUDED.size, active = EXCLUDED.active;
INSERT INTO prices (variant_id, amount, currency) SELECT id, 2200, 'Br' FROM product_variants WHERE sku = 'SKU-67739' AND NOT EXISTS (SELECT 1 FROM prices WHERE variant_id = product_variants.id);
INSERT INTO product_images (product_id, url, position) VALUES (710, '/images/710/photo_5796638766817545383_x.jpg', 0) ON CONFLICT DO NOTHING;
INSERT INTO products (id, title, slug, description, thumbnail, active, base_price) VALUES (711, 'Colorblock Cloud Romper', 'colorblock-cloud-romper', '', '/images/711/photo_5792116823384854425_y-1.jpg', True, 2900) ON CONFLICT (id) DO UPDATE SET title = EXCLUDED.title, slug = EXCLUDED.slug, description = EXCLUDED.description, thumbnail = EXCLUDED.thumbnail, active = EXCLUDED.active, base_price = EXCLUDED.base_price;
INSERT INTO product_variants (product_id, sku, size, color, stock_quantity, price_adjustment, active, image) VALUES (711, 'SKU-67740', 'Colorblock Cloud Romper 0-3M', NULL, 1, 0, true, NULL) ON CONFLICT (sku) DO UPDATE SET stock_quantity = EXCLUDED.stock_quantity, size = EXCLUDED.size, active = EXCLUDED.active;
INSERT INTO prices (variant_id, amount, currency) SELECT id, 2900, 'Br' FROM product_variants WHERE sku = 'SKU-67740' AND NOT EXISTS (SELECT 1 FROM prices WHERE variant_id = product_variants.id);
INSERT INTO product_variants (product_id, sku, size, color, stock_quantity, price_adjustment, active, image) VALUES (711, 'SKU-67741', 'Colorblock Cloud Romper 3-6M', NULL, 1, 0, true, NULL) ON CONFLICT (sku) DO UPDATE SET stock_quantity = EXCLUDED.stock_quantity, size = EXCLUDED.size, active = EXCLUDED.active;
INSERT INTO prices (variant_id, amount, currency) SELECT id, 2900, 'Br' FROM product_variants WHERE sku = 'SKU-67741' AND NOT EXISTS (SELECT 1 FROM prices WHERE variant_id = product_variants.id);
INSERT INTO product_variants (product_id, sku, size, color, stock_quantity, price_adjustment, active, image) VALUES (711, 'SKU-67742', 'Colorblock Cloud Romper 6-9M', NULL, 1, 0, true, NULL) ON CONFLICT (sku) DO UPDATE SET stock_quantity = EXCLUDED.stock_quantity, size = EXCLUDED.size, active = EXCLUDED.active;
INSERT INTO prices (variant_id, amount, currency) SELECT id, 2900, 'Br' FROM product_variants WHERE sku = 'SKU-67742' AND NOT EXISTS (SELECT 1 FROM prices WHERE variant_id = product_variants.id);
INSERT INTO product_images (product_id, url, position) VALUES (711, '/images/711/photo_5792116823384854425_y-1.jpg', 0) ON CONFLICT DO NOTHING;
INSERT INTO products (id, title, slug, description, thumbnail, active, base_price) VALUES (712, 'Chocolate Brown Bodycon Midi Dress', 'chocolate-brown-ribbed-bodycon-midi-dress', '', '/images/712/img_9565.jpeg', True, 3900) ON CONFLICT (id) DO UPDATE SET title = EXCLUDED.title, slug = EXCLUDED.slug, description = EXCLUDED.description, thumbnail = EXCLUDED.thumbnail, active = EXCLUDED.active, base_price = EXCLUDED.base_price;
INSERT INTO product_variants (product_id, sku, size, color, stock_quantity, price_adjustment, active, image) VALUES (712, 'SKU-67107', 'dress S', NULL, 1, 0, true, NULL) ON CONFLICT (sku) DO UPDATE SET stock_quantity = EXCLUDED.stock_quantity, size = EXCLUDED.size, active = EXCLUDED.active;
INSERT INTO prices (variant_id, amount, currency) SELECT id, 3900, 'Br' FROM product_variants WHERE sku = 'SKU-67107' AND NOT EXISTS (SELECT 1 FROM prices WHERE variant_id = product_variants.id);
INSERT INTO product_variants (product_id, sku, size, color, stock_quantity, price_adjustment, active, image) VALUES (712, 'SKU-67108', 'dress L', NULL, 1, 0, true, NULL) ON CONFLICT (sku) DO UPDATE SET stock_quantity = EXCLUDED.stock_quantity, size = EXCLUDED.size, active = EXCLUDED.active;
INSERT INTO prices (variant_id, amount, currency) SELECT id, 3900, 'Br' FROM product_variants WHERE sku = 'SKU-67108' AND NOT EXISTS (SELECT 1 FROM prices WHERE variant_id = product_variants.id);
INSERT INTO product_variants (product_id, sku, size, color, stock_quantity, price_adjustment, active, image) VALUES (712, 'SKU-67109', 'dress XL', NULL, 1, 0, true, NULL) ON CONFLICT (sku) DO UPDATE SET stock_quantity = EXCLUDED.stock_quantity, size = EXCLUDED.size, active = EXCLUDED.active;
INSERT INTO prices (variant_id, amount, currency) SELECT id, 3900, 'Br' FROM product_variants WHERE sku = 'SKU-67109' AND NOT EXISTS (SELECT 1 FROM prices WHERE variant_id = product_variants.id);
INSERT INTO product_images (product_id, url, position) VALUES (712, '/images/712/img_9565.jpeg', 0) ON CONFLICT DO NOTHING;
SELECT setval('products_id_seq', (SELECT MAX(id) FROM products));